ticket_id,name,email,subject,description,category,priority,sentiment,status,city,state,channel,created_at
TC-250635,Customer_250635,subscriber_250635@telecom-domain.com,Comcast Cable Internet Speeds,"Subscriber report regarding Comcast Cable Internet Speeds. Filing Channel: Customer Care Call. Location: Abingdon, Maryland. Current Resolution Status: Solved.",Broadband Performance,Medium,Frustrated,Solved,Abingdon,Maryland,Customer Care Call,2026-05-15 18:59:14
TC-223441,Customer_223441,subscriber_223441@telecom-domain.com,Payment disappear - service got disconnected,"Subscriber report regarding Payment disappear - service got disconnected. Filing Channel: Internet. Location: Acworth, Georgia. Current Resolution Status: Solved.",Billing Dispute,Medium,Frustrated,Solved,Acworth,Georgia,Internet,2026-08-13 17:49:14
TC-242732,Customer_242732,subscriber_242732@telecom-domain.com,Speed and Service,"Subscriber report regarding Speed and Service. Filing Channel: Internet. Location: Acworth, Georgia. Current Resolution Status: Solved.",Broadband Performance,Medium,Frustrated,Solved,Acworth,Georgia,Internet,2026-06-26 02:23:14
TC-277946,Customer_277946,subscriber_277946@telecom-domain.com,Comcast Imposed a New Usage Cap of 300GB that punishes streaming.,"Subscriber report regarding Comcast Imposed a New Usage Cap of 300GB that punishes streaming.. Filing Channel: Internet. Location: Acworth, Georgia. Current Resolution Status: Open.",Data / Usage Issue,Medium,Frustrated,Open,Acworth,Georgia,Internet,2026-05-13 22:46:14
TC-307175,Customer_307175,subscriber_307175@telecom-domain.com,Comcast not working and no service to boot,"Subscriber report regarding Comcast not working and no service to boot. Filing Channel: Internet. Location: Acworth, Georgia. Current Resolution Status: Solved.",Service Outage,Medium,Frustrated,Solved,Acworth,Georgia,Internet,2026-06-23 19:32:14
TC-338519,Customer_338519,subscriber_338519@telecom-domain.com,ISP Charging for arbitrary data limits with overage fees,"Subscriber report regarding ISP Charging for arbitrary data limits with overage fees. Filing Channel: Internet. Location: Acworth, Georgia. Current Resolution Status: Solved.",Data / Usage Issue,Medium,Frustrated,Solved,Acworth,Georgia,Internet,2026-07-08 02:15:14
TC-361148,Customer_361148,subscriber_361148@telecom-domain.com,Throttling service and unreasonable data caps,"Subscriber report regarding Throttling service and unreasonable data caps. Filing Channel: Customer Care Call. Location: Acworth, Georgia. Current Resolution Status: Pending.",Data / Usage Issue,Medium,Negative,Pending,Acworth,Georgia,Customer Care Call,2026-03-29 05:47:14
TC-359792,Customer_359792,subscriber_359792@telecom-domain.com,Comcast refuses to help troubleshoot and correct my service.,"Subscriber report regarding Comcast refuses to help troubleshoot and correct my service.. Filing Channel: Internet. Location: Adrian, Michigan. Current Resolution Status: Solved.",Service Request,High,Angry,Solved,Adrian,Michigan,Internet,2026-08-05 13:10:14
TC-318072,Customer_318072,subscriber_318072@telecom-domain.com,Comcast extended outages,"Subscriber report regarding Comcast extended outages. Filing Channel: Customer Care Call. Location: Alameda, California. Current Resolution Status: Solved.",Service Outage,High,Angry,Solved,Alameda,California,Customer Care Call,2026-08-12 17:46:14
TC-371214,Customer_371214,subscriber_371214@telecom-domain.com,Comcast Raising Prices and Not Being Available To Ask Why,"Subscriber report regarding Comcast Raising Prices and Not Being Available To Ask Why. Filing Channel: Customer Care Call. Location: Alameda, California. Current Resolution Status: Open.",Billing Dispute,Medium,Frustrated,Open,Alameda,California,Customer Care Call,2026-06-25 01:45:14
TC-255938,Customer_255938,subscriber_255938@telecom-domain.com,Billing after service was asked to be disconnected,"Subscriber report regarding Billing after service was asked to be disconnected. Filing Channel: Internet. Location: Albuquerque, New Mexico. Current Resolution Status: Solved.",Billing Dispute,Medium,Frustrated,Solved,Albuquerque,New Mexico,Internet,2026-06-20 02:28:14
TC-276409,Customer_276409,subscriber_276409@telecom-domain.com,YAHOO FAILURE TO RESTORE EMAIL SEARCH FEATURE,"Subscriber report regarding YAHOO FAILURE TO RESTORE EMAIL SEARCH FEATURE. Filing Channel: Customer Care Call. Location: Albuquerque, New Mexico. Current Resolution Status: Solved.",Service Request,Medium,Negative,Solved,Albuquerque,New Mexico,Customer Care Call,2026-08-17 00:44:14
TC-339282,Customer_339282,subscriber_339282@telecom-domain.com,Comcast Violating Open Internet Rules by Blocking HBO Go Access on Sony Consoles,"Subscriber report regarding Comcast Violating Open Internet Rules by Blocking HBO Go Access on Sony Consoles. Filing Channel: Internet. Location: Albuquerque, New Mexico. Current Resolution Status: Open.",Service Request,Medium,Frustrated,Open,Albuquerque,New Mexico,Internet,2026-06-09 22:35:14
TC-360178,Customer_360178,subscriber_360178@telecom-domain.com,Internet speed,"Subscriber report regarding Internet speed. Filing Channel: Internet. Location: Albuquerque, New Mexico. Current Resolution Status: Solved.",Broadband Performance,Medium,Frustrated,Solved,Albuquerque,New Mexico,Internet,2026-05-08 15:47:14
TC-376268,Customer_376268,subscriber_376268@telecom-domain.com,Internet Disconnects Every Night,"Subscriber report regarding Internet Disconnects Every Night. Filing Channel: Customer Care Call. Location: Albuquerque, New Mexico. Current Resolution Status: Solved.",Service Outage,Medium,Frustrated,Solved,Albuquerque,New Mexico,Customer Care Call,2026-04-01 18:50:14
TC-370137,Customer_370137,subscriber_370137@telecom-domain.com,Internet complaint,"Subscriber report regarding Internet complaint. Filing Channel: Customer Care Call. Location: Albuquerqur, New Mexico. Current Resolution Status: Pending.",Service Request,Medium,Frustrated,Pending,Albuquerqur,New Mexico,Customer Care Call,2026-03-18 03:31:14
TC-363695,Customer_363695,subscriber_363695@telecom-domain.com,Internet Availability and Speed,"Subscriber report regarding Internet Availability and Speed. Filing Channel: Customer Care Call. Location: Alexandria, Indiana. Current Resolution Status: Solved.",Broadband Performance,Medium,Frustrated,Solved,Alexandria,Indiana,Customer Care Call,2026-05-09 15:52:14
TC-238694,Customer_238694,subscriber_238694@telecom-domain.com,Comcast owes me $65 and claims I need to return equipment I never had,"Subscriber report regarding Comcast owes me $65 and claims I need to return equipment I never had. Filing Channel: Internet. Location: Alexandria, Virginia. Current Resolution Status: Solved.",Equipment / Router,Medium,Frustrated,Solved,Alexandria,Virginia,Internet,2026-04-22 10:35:14
TC-230876,Customer_230876,subscriber_230876@telecom-domain.com,Horrible Internet Service,"Subscriber report regarding Horrible Internet Service. Filing Channel: Customer Care Call. Location: Alexandria, Virginia. Current Resolution Status: Solved.",Service Request,High,Angry,Solved,Alexandria,Virginia,Customer Care Call,2026-03-24 07:31:14
TC-318725,Customer_318725,subscriber_318725@telecom-domain.com,Failure to provide services that I am billed for.,"Subscriber report regarding Failure to provide services that I am billed for.. Filing Channel: Customer Care Call. Location: Alexandria, Virginia. Current Resolution Status: Solved.",Billing Dispute,High,Negative,Solved,Alexandria,Virginia,Customer Care Call,2026-07-16 11:54:14
TC-327657,Customer_327657,subscriber_327657@telecom-domain.com,Internet out all the time but they have a monopoly,"Subscriber report regarding Internet out all the time but they have a monopoly. Filing Channel: Customer Care Call. Location: Alexandria, Virginia. Current Resolution Status: Solved.",Service Request,Medium,Frustrated,Solved,Alexandria,Virginia,Customer Care Call,2026-04-07 21:12:14
TC-328742,Customer_328742,subscriber_328742@telecom-domain.com,horrible cable service and customer service,"Subscriber report regarding horrible cable service and customer service. Filing Channel: Internet. Location: Alexandria, Virginia. Current Resolution Status: Solved.",Customer Service,High,Angry,Solved,Alexandria,Virginia,Internet,2026-07-21 08:01:14
TC-328165,Customer_328165,subscriber_328165@telecom-domain.com,Speed,"Subscriber report regarding Speed. Filing Channel: Customer Care Call. Location: Alexandria, Virginia. Current Resolution Status: Solved.",Broadband Performance,Medium,Frustrated,Solved,Alexandria,Virginia,Customer Care Call,2026-04-24 16:09:14
TC-370538,Customer_370538,subscriber_370538@telecom-domain.com,Comcast monopoly bundling practices,"Subscriber report regarding Comcast monopoly bundling practices. Filing Channel: Internet. Location: Alexandria, Virginia. Current Resolution Status: Open.",Service Request,Medium,Frustrated,Open,Alexandria,Virginia,Internet,2026-03-25 21:14:14
TC-370363,Customer_370363,subscriber_370363@telecom-domain.com,COMCAST!,"Subscriber report regarding COMCAST!. Filing Channel: Internet. Location: Alexandria, Virginia. Current Resolution Status: Solved.",Service Request,Medium,Frustrated,Solved,Alexandria,Virginia,Internet,2026-07-13 10:03:14
TC-270163,Customer_270163,subscriber_270163@telecom-domain.com,bait and switch,"Subscriber report regarding bait and switch. Filing Channel: Internet. Location: Algonquin, Illinois. Current Resolution Status: Open.",Service Request,Medium,Frustrated,Open,Algonquin,Illinois,Internet,2026-05-21 17:53:14
TC-355976,Customer_355976,subscriber_355976@telecom-domain.com,Comcast Customer Service,"Subscriber report regarding Comcast Customer Service. Filing Channel: Internet. Location: Aliquippa, Pennsylvania. Current Resolution Status: Open.",Customer Service,Medium,Frustrated,Open,Aliquippa,Pennsylvania,Internet,2026-04-07 21:17:14
TC-260651,Customer_260651,subscriber_260651@telecom-domain.com,Apartment Management's Exclusivity Contract with Comcast,"Subscriber report regarding Apartment Management's Exclusivity Contract with Comcast. Filing Channel: Customer Care Call. Location: Allston, Massachusetts. Current Resolution Status: Solved.",Service Request,Medium,Frustrated,Solved,Allston,Massachusetts,Customer Care Call,2026-03-14 21:33:14
TC-305340,Customer_305340,subscriber_305340@telecom-domain.com,Unable to reach a Comcast agent for internet and billing issues.,"Subscriber report regarding Unable to reach a Comcast agent for internet and billing issues.. Filing Channel: Customer Care Call. Location: Aloha, Oregon. Current Resolution Status: Solved.",Billing Dispute,High,Negative,Solved,Aloha,Oregon,Customer Care Call,2026-06-01 16:09:14
TC-360759,Customer_360759,subscriber_360759@telecom-domain.com,Wifi internet not working as well,"Subscriber report regarding Wifi internet not working as well. Filing Channel: Internet. Location: Aloha, Oregon. Current Resolution Status: Pending.",Service Outage,Medium,Frustrated,Pending,Aloha,Oregon,Internet,2026-04-23 09:45:14
TC-265487,Customer_265487,subscriber_265487@telecom-domain.com,Comcast data caps,"Subscriber report regarding Comcast data caps. Filing Channel: Internet. Location: Alpharetta, Georgia. Current Resolution Status: Solved.",Data / Usage Issue,Medium,Negative,Solved,Alpharetta,Georgia,Internet,2026-07-08 08:18:14
TC-296608,Customer_296608,subscriber_296608@telecom-domain.com,Comcast Internet Data Cap,"Subscriber report regarding Comcast Internet Data Cap. Filing Channel: Internet. Location: Alpharetta, Georgia. Current Resolution Status: Solved.",Data / Usage Issue,Medium,Frustrated,Solved,Alpharetta,Georgia,Internet,2026-03-28 05:20:14
TC-310990,Customer_310990,subscriber_310990@telecom-domain.com,XFINITY Movers Edge program,"Subscriber report regarding XFINITY Movers Edge program. Filing Channel: Customer Care Call. Location: Alpharetta, Georgia. Current Resolution Status: Solved.",Service Request,Medium,Frustrated,Solved,Alpharetta,Georgia,Customer Care Call,2026-07-02 13:13:14
TC-325342,Customer_325342,subscriber_325342@telecom-domain.com,Comcast Data Internet Usage,"Subscriber report regarding Comcast Data Internet Usage. Filing Channel: Internet. Location: Alpharetta, Georgia. Current Resolution Status: Solved.",Service Request,Medium,Frustrated,Solved,Alpharetta,Georgia,Internet,2026-04-08 10:31:14
TC-337489,Customer_337489,subscriber_337489@telecom-domain.com,Comcast not refunding my credit,"Subscriber report regarding Comcast not refunding my credit. Filing Channel: Internet. Location: Alpharetta, Georgia. Current Resolution Status: Solved.",Billing Dispute,Medium,Frustrated,Solved,Alpharetta,Georgia,Internet,2026-03-03 23:57:14
TC-354116,Customer_354116,subscriber_354116@telecom-domain.com,Comcast,"Subscriber report regarding Comcast. Filing Channel: Internet. Location: Alpharetta, Georgia. Current Resolution Status: Solved.",Service Request,Medium,Frustrated,Solved,Alpharetta,Georgia,Internet,2026-05-03 00:38:14
TC-371829,Customer_371829,subscriber_371829@telecom-domain.com,No Service,"Subscriber report regarding No Service. Filing Channel: Internet. Location: Alpharetta, Georgia. Current Resolution Status: Solved.",Service Outage,Medium,Frustrated,Solved,Alpharetta,Georgia,Internet,2026-08-02 11:53:14
TC-373874,Customer_373874,subscriber_373874@telecom-domain.com,Comcast,"Subscriber report regarding Comcast. Filing Channel: Customer Care Call. Location: Alvin, Texas. Current Resolution Status: Solved.",Service Request,Medium,Frustrated,Solved,Alvin,Texas,Customer Care Call,2026-06-18 19:16:14
TC-300824,Customer_300824,subscriber_300824@telecom-domain.com,"INTERNET , BILLING AND SERVIE ISSUES","Subscriber report regarding INTERNET , BILLING AND SERVIE ISSUES. Filing Channel: Customer Care Call. Location: Ambridge, Pennsylvania. Current Resolution Status: Open.",Billing Dispute,High,Negative,Open,Ambridge,Pennsylvania,Customer Care Call,2026-03-19 16:16:14
TC-348923,Customer_348923,subscriber_348923@telecom-domain.com,Comcast blocking DirecTv signals,"Subscriber report regarding Comcast blocking DirecTv signals. Filing Channel: Customer Care Call. Location: Ambridge, Pennsylvania. Current Resolution Status: Open.",Network Connectivity,Medium,Frustrated,Open,Ambridge,Pennsylvania,Customer Care Call,2026-04-28 04:46:14
TC-302574,Customer_302574,subscriber_302574@telecom-domain.com,pmts,"Subscriber report regarding pmts. Filing Channel: Internet. Location: Amesbury, Massachusetts. Current Resolution Status: Open.",Service Request,Medium,Frustrated,Open,Amesbury,Massachusetts,Internet,2026-03-17 06:51:14
TC-343346,Customer_343346,subscriber_343346@telecom-domain.com,Slow Internet Speed,"Subscriber report regarding Slow Internet Speed. Filing Channel: Internet. Location: Amherst, New Hampshire. Current Resolution Status: Open.",Broadband Performance,Medium,Negative,Open,Amherst,New Hampshire,Internet,2026-06-23 09:18:14
TC-286768,Customer_286768,subscriber_286768@telecom-domain.com,not getting what I am paying for with internet,"Subscriber report regarding not getting what I am paying for with internet. Filing Channel: Customer Care Call. Location: Andover, Minnesota. Current Resolution Status: Solved.",Service Request,Medium,Frustrated,Solved,Andover,Minnesota,Customer Care Call,2026-07-14 16:00:14
TC-223179,Customer_223179,subscriber_223179@telecom-domain.com,Comcast bandwidth every evening drops to 10% of what is promised to our business,"Subscriber report regarding Comcast bandwidth every evening drops to 10% of what is promised to our business. Filing Channel: Internet. Location: Angels Camp, California. Current Resolution Status: Solved.",Broadband Performance,Medium,Frustrated,Solved,Angels Camp,California,Internet,2026-02-25 13:20:14
TC-235980,Customer_235980,subscriber_235980@telecom-domain.com,isp dishonest about speeds,"Subscriber report regarding isp dishonest about speeds. Filing Channel: Customer Care Call. Location: Angels Camp, California. Current Resolution Status: Solved.",Broadband Performance,Medium,Frustrated,Solved,Angels Camp,California,Customer Care Call,2026-06-11 19:24:14
TC-236469,Customer_236469,subscriber_236469@telecom-domain.com,Deceptive sales- change in billing amount etc.,"Subscriber report regarding Deceptive sales- change in billing amount etc.. Filing Channel: Internet. Location: Ann Arbor, Michigan. Current Resolution Status: Solved.",Billing Dispute,Medium,Frustrated,Solved,Ann Arbor,Michigan,Internet,2026-02-28 12:10:14
TC-288602,Customer_288602,subscriber_288602@telecom-domain.com,Comcast Billing Dispute,"Subscriber report regarding Comcast Billing Dispute. Filing Channel: Internet. Location: Ann Arbor, Michigan. Current Resolution Status: Solved.",Billing Dispute,High,Negative,Solved,Ann Arbor,Michigan,Internet,2026-03-10 15:59:14
TC-309379,Customer_309379,subscriber_309379@telecom-domain.com,Comcast,"Subscriber report regarding Comcast. Filing Channel: Internet. Location: Ann Arbor, Michigan. Current Resolution Status: Solved.",Service Request,Medium,Frustrated,Solved,Ann Arbor,Michigan,Internet,2026-07-24 14:23:14
TC-351079,Customer_351079,subscriber_351079@telecom-domain.com,Comcast Billing and Service Issues,"Subscriber report regarding Comcast Billing and Service Issues. Filing Channel: Internet. Location: Ann Arbor, Michigan. Current Resolution Status: Solved.",Billing Dispute,High,Negative,Solved,Ann Arbor,Michigan,Internet,2026-06-15 14:51:14
TC-366705,Customer_366705,subscriber_366705@telecom-domain.com,Cable prices rising,"Subscriber report regarding Cable prices rising. Filing Channel: Internet. Location: Ann Arbor, Michigan. Current Resolution Status: Solved.",Billing Dispute,Medium,Frustrated,Solved,Ann Arbor,Michigan,Internet,2026-06-20 23:29:14
TC-368705,Customer_368705,subscriber_368705@telecom-domain.com,service issues,"Subscriber report regarding service issues. Filing Channel: Internet. Location: Annapolis, Maryland. Current Resolution Status: Solved.",Service Request,Medium,Negative,Solved,Annapolis,Maryland,Internet,2026-06-28 08:10:14
TC-347369,Customer_347369,subscriber_347369@telecom-domain.com,HBO GO on Playstation 4,"Subscriber report regarding HBO GO on Playstation 4. Filing Channel: Internet. Location: Annville, Pennsylvania. Current Resolution Status: Solved.",Service Request,Medium,Frustrated,Solved,Annville,Pennsylvania,Internet,2026-06-08 19:01:14
TC-291784,Customer_291784,subscriber_291784@telecom-domain.com,internet connectivity,"Subscriber report regarding internet connectivity. Filing Channel: Customer Care Call. Location: Anoka, Minnesota. Current Resolution Status: Solved.",Service Request,Medium,Frustrated,Solved,Anoka,Minnesota,Customer Care Call,2026-08-01 13:29:14
TC-308478,Customer_308478,subscriber_308478@telecom-domain.com,Email issues,"Subscriber report regarding Email issues. Filing Channel: Customer Care Call. Location: Antioch, California. Current Resolution Status: Solved.",Service Request,Medium,Negative,Solved,Antioch,California,Customer Care Call,2026-06-24 14:47:14
TC-309851,Customer_309851,subscriber_309851@telecom-domain.com,Monopoly,"Subscriber report regarding Monopoly. Filing Channel: Internet. Location: Antioch, Tennessee. Current Resolution Status: Solved.",Service Request,Medium,Frustrated,Solved,Antioch,Tennessee,Internet,2026-07-22 20:14:14
TC-367342,Customer_367342,subscriber_367342@telecom-domain.com,Complaint against Xfinity/Comcast,"Subscriber report regarding Complaint against Xfinity/Comcast. Filing Channel: Internet. Location: Aptos, California. Current Resolution Status: Solved.",Service Request,Medium,Frustrated,Solved,Aptos,California,Internet,2026-05-26 11:07:14
TC-227209,Customer_227209,subscriber_227209@telecom-domain.com,Comcast credit after cancellation has not been received after more than a year,"Subscriber report regarding Comcast credit after cancellation has not been received after more than a year. Filing Channel: Customer Care Call. Location: Arlington, Virginia. Current Resolution Status: Solved.",Billing Dispute,Medium,Frustrated,Solved,Arlington,Virginia,Customer Care Call,2026-08-14 21:47:14
TC-266376,Customer_266376,subscriber_266376@telecom-domain.com,Comcast False Promises,"Subscriber report regarding Comcast False Promises. Filing Channel: Internet. Location: Arlington, Virginia. Current Resolution Status: Solved.",Service Request,Medium,Frustrated,Solved,Arlington,Virginia,Internet,2026-03-28 14:16:14
TC-325273,Customer_325273,subscriber_325273@telecom-domain.com,Comcast Blocking UDP Port 443,"Subscriber report regarding Comcast Blocking UDP Port 443. Filing Channel: Customer Care Call. Location: Arlington, Virginia. Current Resolution Status: Solved.",Service Request,Medium,Frustrated,Solved,Arlington,Virginia,Customer Care Call,2026-03-23 03:50:14
TC-342435,Customer_342435,subscriber_342435@telecom-domain.com,Issues with Comcast,"Subscriber report regarding Issues with Comcast. Filing Channel: Internet. Location: Arlington, Virginia. Current Resolution Status: Solved.",Service Request,Medium,Negative,Solved,Arlington,Virginia,Internet,2026-04-10 14:12:14
TC-348514,Customer_348514,subscriber_348514@telecom-domain.com,Comcast Refuses to Schedule a Future Service Stoppage,"Subscriber report regarding Comcast Refuses to Schedule a Future Service Stoppage. Filing Channel: Internet. Location: Arlington, Virginia. Current Resolution Status: Solved.",Service Request,High,Angry,Solved,Arlington,Virginia,Internet,2026-04-24 18:00:14
TC-352100,Customer_352100,subscriber_352100@telecom-domain.com,Comcast,"Subscriber report regarding Comcast. Filing Channel: Internet. Location: Arlington, Virginia. Current Resolution Status: Open.",Service Request,Medium,Frustrated,Open,Arlington,Virginia,Internet,2026-03-17 05:59:14
TC-355887,Customer_355887,subscriber_355887@telecom-domain.com,Overbilling,"Subscriber report regarding Overbilling. Filing Channel: Customer Care Call. Location: Arlington, Virginia. Current Resolution Status: Solved.",Billing Dispute,Medium,Frustrated,Solved,Arlington,Virginia,Customer Care Call,2026-06-04 21:39:14
TC-356118,Customer_356118,subscriber_356118@telecom-domain.com,"Comcast - failure to provide service, refusal to void contract","Subscriber report regarding Comcast - failure to provide service, refusal to void contract. Filing Channel: Customer Care Call. Location: Arlington, Virginia. Current Resolution Status: Solved.",Service Request,Medium,Negative,Solved,Arlington,Virginia,Customer Care Call,2026-05-09 16:27:14
TC-363869,Customer_363869,subscriber_363869@telecom-domain.com,Spotty Comcast service,"Subscriber report regarding Spotty Comcast service. Filing Channel: Customer Care Call. Location: Arlington, Virginia. Current Resolution Status: Solved.",Service Request,Medium,Frustrated,Solved,Arlington,Virginia,Customer Care Call,2026-07-19 13:27:14
TC-369398,Customer_369398,subscriber_369398@telecom-domain.com,without service despite willingness to pay,"Subscriber report regarding without service despite willingness to pay. Filing Channel: Customer Care Call. Location: Arlington, Virginia. Current Resolution Status: Open.",Service Request,Medium,Frustrated,Open,Arlington,Virginia,Customer Care Call,2026-07-26 19:58:14
TC-226231,Customer_226231,subscriber_226231@telecom-domain.com,Issues with Xfinity/Comcast,"Subscriber report regarding Issues with Xfinity/Comcast. Filing Channel: Customer Care Call. Location: Arlington Heights, Illinois. Current Resolution Status: Solved.",Service Request,Medium,Negative,Solved,Arlington Heights,Illinois,Customer Care Call,2026-06-06 18:55:14
TC-241880,Customer_241880,subscriber_241880@telecom-domain.com,Cable Modem rent for Internet access,"Subscriber report regarding Cable Modem rent for Internet access. Filing Channel: Internet. Location: Arlington Heights, Illinois. Current Resolution Status: Solved.",Equipment / Router,Medium,Frustrated,Solved,Arlington Heights,Illinois,Internet,2026-04-10 10:27:14
TC-360187,Customer_360187,subscriber_360187@telecom-domain.com,Comcast/Xfinity,"Subscriber report regarding Comcast/Xfinity. Filing Channel: Customer Care Call. Location: Arvada, Colorado. Current Resolution Status: Solved.",Service Request,Medium,Frustrated,Solved,Arvada,Colorado,Customer Care Call,2026-08-12 00:53:14
TC-223960,Customer_223960,subscriber_223960@telecom-domain.com,Speed issues,"Subscriber report regarding Speed issues. Filing Channel: Internet. Location: Ashland, Virginia. Current Resolution Status: Solved.",Broadband Performance,Medium,Negative,Solved,Ashland,Virginia,Internet,2026-06-04 10:28:14
TC-355934,Customer_355934,subscriber_355934@telecom-domain.com,AT&T,"Subscriber report regarding AT&T. Filing Channel: Customer Care Call. Location: Athens, Tennessee. Current Resolution Status: Solved.",Service Request,Medium,Frustrated,Solved,Athens,Tennessee,Customer Care Call,2026-04-16 02:29:14
TC-211976,Customer_211976,subscriber_211976@telecom-domain.com,Fraudulent claims reported to collections agency,"Subscriber report regarding Fraudulent claims reported to collections agency. Filing Channel: Customer Care Call. Location: Atlanta, Georgia. Current Resolution Status: Solved.",Service Request,High,Angry,Solved,Atlanta,Georgia,Customer Care Call,2026-07-16 12:31:14
TC-243998,Customer_243998,subscriber_243998@telecom-domain.com,Comcast using a Data Cap to take however much money they like,"Subscriber report regarding Comcast using a Data Cap to take however much money they like. Filing Channel: Internet. Location: Atlanta, Georgia. Current Resolution Status: Solved.",Data / Usage Issue,Medium,Frustrated,Solved,Atlanta,Georgia,Internet,2026-03-11 22:56:14
TC-265755,Customer_265755,subscriber_265755@telecom-domain.com,Comcast Data Cap,"Subscriber report regarding Comcast Data Cap. Filing Channel: Customer Care Call. Location: Atlanta, Georgia. Current Resolution Status: Solved.",Data / Usage Issue,Medium,Frustrated,Solved,Atlanta,Georgia,Customer Care Call,2026-04-22 17:22:14
TC-230907,Customer_230907,subscriber_230907@telecom-domain.com,Speed of service,"Subscriber report regarding Speed of service. Filing Channel: Customer Care Call. Location: Atlanta, Georgia. Current Resolution Status: Solved.",Broadband Performance,Medium,Frustrated,Solved,Atlanta,Georgia,Customer Care Call,2026-06-20 00:07:14
TC-231273,Customer_231273,subscriber_231273@telecom-domain.com,Comcast's Monopolistic Practices and Data Capping,"Subscriber report regarding Comcast's Monopolistic Practices and Data Capping. Filing Channel: Internet. Location: Atlanta, Georgia. Current Resolution Status: Solved.",Data / Usage Issue,Medium,Frustrated,Solved,Atlanta,Georgia,Internet,2026-03-25 11:37:14
TC-231292,Customer_231292,subscriber_231292@telecom-domain.com,"Comcast data cap ""trials""","Subscriber report regarding Comcast data cap ""trials"". Filing Channel: Internet. Location: Atlanta, Georgia. Current Resolution Status: Solved.",Data / Usage Issue,Medium,Frustrated,Solved,Atlanta,Georgia,Internet,2026-05-09 10:42:14
TC-231377,Customer_231377,subscriber_231377@telecom-domain.com,Comcast billing problem,"Subscriber report regarding Comcast billing problem. Filing Channel: Internet. Location: Atlanta, Georgia. Current Resolution Status: Solved.",Billing Dispute,High,Negative,Solved,Atlanta,Georgia,Internet,2026-04-20 01:20:14
TC-252681,Customer_252681,subscriber_252681@telecom-domain.com,Comcast Needs Competition,"Subscriber report regarding Comcast Needs Competition. Filing Channel: Customer Care Call. Location: Atlanta, Georgia. Current Resolution Status: Solved.",Service Request,Medium,Frustrated,Solved,Atlanta,Georgia,Customer Care Call,2026-06-22 13:54:14
TC-268101,Customer_268101,subscriber_268101@telecom-domain.com,Comcast services/billing issues,"Subscriber report regarding Comcast services/billing issues. Filing Channel: Customer Care Call. Location: Atlanta, Georgia. Current Resolution Status: Solved.",Billing Dispute,High,Negative,Solved,Atlanta,Georgia,Customer Care Call,2026-07-05 06:53:14
TC-269066,Customer_269066,subscriber_269066@telecom-domain.com,Incorrect Bill,"Subscriber report regarding Incorrect Bill. Filing Channel: Customer Care Call. Location: Atlanta, Georgia. Current Resolution Status: Solved.",Billing Dispute,Medium,Frustrated,Solved,Atlanta,Georgia,Customer Care Call,2026-06-14 14:06:14
TC-273420,Customer_273420,subscriber_273420@telecom-domain.com,Legality of data caps,"Subscriber report regarding Legality of data caps. Filing Channel: Internet. Location: Atlanta, Georgia. Current Resolution Status: Solved.",Data / Usage Issue,Medium,Negative,Solved,Atlanta,Georgia,Internet,2026-04-18 05:35:14
TC-278509,Customer_278509,subscriber_278509@telecom-domain.com,Data caps,"Subscriber report regarding Data caps. Filing Channel: Internet. Location: Atlanta, Georgia. Current Resolution Status: Open.",Data / Usage Issue,Medium,Negative,Open,Atlanta,Georgia,Internet,2026-03-24 02:57:14
TC-279656,Customer_279656,subscriber_279656@telecom-domain.com,Comcast Added Service After I Declined It,"Subscriber report regarding Comcast Added Service After I Declined It. Filing Channel: Internet. Location: Atlanta, Georgia. Current Resolution Status: Solved.",Service Request,Medium,Frustrated,Solved,Atlanta,Georgia,Internet,2026-08-18 11:12:14
TC-288771,Customer_288771,subscriber_288771@telecom-domain.com,Comcast Misled With Overage Policy,"Subscriber report regarding Comcast Misled With Overage Policy. Filing Channel: Internet. Location: Atlanta, Georgia. Current Resolution Status: Open.",Data / Usage Issue,Medium,Frustrated,Open,Atlanta,Georgia,Internet,2026-08-12 23:44:14
TC-293512,Customer_293512,subscriber_293512@telecom-domain.com,Cable service and telephone connect not complete,"Subscriber report regarding Cable service and telephone connect not complete. Filing Channel: Customer Care Call. Location: Atlanta, Georgia. Current Resolution Status: Solved.",Call Drops,Medium,Frustrated,Solved,Atlanta,Georgia,Customer Care Call,2026-05-14 09:36:14
TC-297104,Customer_297104,subscriber_297104@telecom-domain.com,Comcast data cap,"Subscriber report regarding Comcast data cap. Filing Channel: Customer Care Call. Location: Atlanta, Georgia. Current Resolution Status: Solved.",Data / Usage Issue,Medium,Frustrated,Solved,Atlanta,Georgia,Customer Care Call,2026-08-12 05:08:14
TC-303412,Customer_303412,subscriber_303412@telecom-domain.com,Comcast Won't Cancel My Service,"Subscriber report regarding Comcast Won't Cancel My Service. Filing Channel: Customer Care Call. Location: Atlanta, Georgia. Current Resolution Status: Solved.",Cancellation,Medium,Frustrated,Solved,Atlanta,Georgia,Customer Care Call,2026-06-03 23:09:14
TC-304450,Customer_304450,subscriber_304450@telecom-domain.com,Data Caps,"Subscriber report regarding Data Caps. Filing Channel: Internet. Location: Atlanta, Georgia. Current Resolution Status: Open.",Data / Usage Issue,Medium,Negative,Open,Atlanta,Georgia,Internet,2026-03-26 04:07:14
TC-305137,Customer_305137,subscriber_305137@telecom-domain.com,Comcast disconnecting service before due date,"Subscriber report regarding Comcast disconnecting service before due date. Filing Channel: Internet. Location: Atlanta, Georgia. Current Resolution Status: Open.",Service Outage,Medium,Frustrated,Open,Atlanta,Georgia,Internet,2026-06-10 04:54:14
TC-305982,Customer_305982,subscriber_305982@telecom-domain.com,comcast data cap,"Subscriber report regarding comcast data cap. Filing Channel: Internet. Location: Atlanta, Georgia. Current Resolution Status: Open.",Data / Usage Issue,Medium,Frustrated,Open,Atlanta,Georgia,Internet,2026-06-12 20:24:14
TC-307799,Customer_307799,subscriber_307799@telecom-domain.com,Comcast,"Subscriber report regarding Comcast. Filing Channel: Customer Care Call. Location: Atlanta, Georgia. Current Resolution Status: Solved.",Service Request,Medium,Frustrated,Solved,Atlanta,Georgia,Customer Care Call,2026-03-10 01:20:14
TC-308171,Customer_308171,subscriber_308171@telecom-domain.com,Unbelievable Treatment,"Subscriber report regarding Unbelievable Treatment. Filing Channel: Customer Care Call. Location: Atlanta, Georgia. Current Resolution Status: Solved.",Service Request,Medium,Frustrated,Solved,Atlanta,Georgia,Customer Care Call,2026-07-28 01:51:14
TC-312746,Customer_312746,subscriber_312746@telecom-domain.com,Denial of Comcast Business (Phone and internet) Service to my dental practice,"Subscriber report regarding Denial of Comcast Business (Phone and internet) Service to my dental practice. Filing Channel: Customer Care Call. Location: Atlanta, Georgia. Current Resolution Status: Solved.",Call Drops,Medium,Frustrated,Solved,Atlanta,Georgia,Customer Care Call,2026-02-21 15:35:14
TC-311725,Customer_311725,subscriber_311725@telecom-domain.com,Comcast's Terrible Service - How are they still in business?,"Subscriber report regarding Comcast's Terrible Service - How are they still in business?. Filing Channel: Internet. Location: Atlanta, Georgia. Current Resolution Status: Solved.",Service Request,High,Angry,Solved,Atlanta,Georgia,Internet,2026-08-18 14:03:14
TC-313949,Customer_313949,subscriber_313949@telecom-domain.com,they are forcing me for my bank account information by suspending my services for no reason (I also feel like they are committing corporate theft).,"Subscriber report regarding they are forcing me for my bank account information by suspending my services for no reason (I also feel like they are committing corporate theft).. Filing Channel: Internet. Location: Atlanta, Georgia. Current Resolution Status: Solved.",Billing Dispute,Medium,Frustrated,Solved,Atlanta,Georgia,Internet,2026-03-27 02:35:14
TC-315173,Customer_315173,subscriber_315173@telecom-domain.com,Comcast discontinuation of service issue,"Subscriber report regarding Comcast discontinuation of service issue. Filing Channel: Customer Care Call. Location: Atlanta, Georgia. Current Resolution Status: Open.",Service Request,Medium,Negative,Open,Atlanta,Georgia,Customer Care Call,2026-05-06 10:39:14
TC-317945,Customer_317945,subscriber_317945@telecom-domain.com,Comcast customer service,"Subscriber report regarding Comcast customer service. Filing Channel: Customer Care Call. Location: Atlanta, Georgia. Current Resolution Status: Solved.",Customer Service,Medium,Frustrated,Solved,Atlanta,Georgia,Customer Care Call,2026-03-22 11:38:14
TC-318301,Customer_318301,subscriber_318301@telecom-domain.com,Comcast,"Subscriber report regarding Comcast. Filing Channel: Customer Care Call. Location: Atlanta, Georgia. Current Resolution Status: Solved.",Service Request,Medium,Frustrated,Solved,Atlanta,Georgia,Customer Care Call,2026-04-08 11:34:14
TC-322511,Customer_322511,subscriber_322511@telecom-domain.com,"Comcast bandwidth data caps in Atlanta, GA","Subscriber report regarding Comcast bandwidth data caps in Atlanta, GA. Filing Channel: Internet. Location: Atlanta, Georgia. Current Resolution Status: Solved.",Data / Usage Issue,Medium,Negative,Solved,Atlanta,Georgia,Internet,2026-06-21 04:26:14
TC-322882,Customer_322882,subscriber_322882@telecom-domain.com,Comcast won't quit charging me for modem rental,"Subscriber report regarding Comcast won't quit charging me for modem rental. Filing Channel: Internet. Location: Atlanta, Georgia. Current Resolution Status: Solved.",Equipment / Router,Medium,Frustrated,Solved,Atlanta,Georgia,Internet,2026-06-02 05:05:14
TC-323473,Customer_323473,subscriber_323473@telecom-domain.com,Comcast download caps,"Subscriber report regarding Comcast download caps. Filing Channel: Internet. Location: Atlanta, Georgia. Current Resolution Status: Solved.",Data / Usage Issue,High,Angry,Solved,Atlanta,Georgia,Internet,2026-04-01 22:38:14
TC-325596,Customer_325596,subscriber_325596@telecom-domain.com,Horrible Comcast Customer Service,"Subscriber report regarding Horrible Comcast Customer Service. Filing Channel: Customer Care Call. Location: Atlanta, Georgia. Current Resolution Status: Solved.",Customer Service,High,Angry,Solved,Atlanta,Georgia,Customer Care Call,2026-03-26 06:33:14
TC-327291,Customer_327291,subscriber_327291@telecom-domain.com,Data Cap,"Subscriber report regarding Data Cap. Filing Channel: Internet. Location: Atlanta, Georgia. Current Resolution Status: Solved.",Data / Usage Issue,Medium,Frustrated,Solved,Atlanta,Georgia,Internet,2026-05-24 16:37:14
TC-334035,Customer_334035,subscriber_334035@telecom-domain.com,Bad Customer Service,"Subscriber report regarding Bad Customer Service. Filing Channel: Internet. Location: Atlanta, Georgia. Current Resolution Status: Solved.",Customer Service,Medium,Frustrated,Solved,Atlanta,Georgia,Internet,2026-07-20 19:44:14
TC-340637,Customer_340637,subscriber_340637@telecom-domain.com,disconnection of service,"Subscriber report regarding disconnection of service. Filing Channel: Customer Care Call. Location: Atlanta, Georgia. Current Resolution Status: Solved.",Service Outage,Medium,Frustrated,Solved,Atlanta,Georgia,Customer Care Call,2026-06-25 16:17:14
TC-341535,Customer_341535,subscriber_341535@telecom-domain.com,Comcast Data Usage Charges,"Subscriber report regarding Comcast Data Usage Charges. Filing Channel: Customer Care Call. Location: Atlanta, Georgia. Current Resolution Status: Open.",Data / Usage Issue,Medium,Negative,Open,Atlanta,Georgia,Customer Care Call,2026-06-16 15:13:14
TC-350016,Customer_350016,subscriber_350016@telecom-domain.com,Comcast refuses service to my address,"Subscriber report regarding Comcast refuses service to my address. Filing Channel: Customer Care Call. Location: Atlanta, Georgia. Current Resolution Status: Solved.",Service Request,High,Angry,Solved,Atlanta,Georgia,Customer Care Call,2026-07-27 08:21:14
TC-349567,Customer_349567,subscriber_349567@telecom-domain.com,Comcast will not let me discuss my bill or service with a representative,"Subscriber report regarding Comcast will not let me discuss my bill or service with a representative. Filing Channel: Customer Care Call. Location: Atlanta, Georgia. Current Resolution Status: Solved.",Billing Dispute,Medium,Frustrated,Solved,Atlanta,Georgia,Customer Care Call,2026-03-06 22:07:14
TC-349716,Customer_349716,subscriber_349716@telecom-domain.com,Comcast billing frauds,"Subscriber report regarding Comcast billing frauds. Filing Channel: Internet. Location: Atlanta, Georgia. Current Resolution Status: Solved.",Billing Dispute,High,Angry,Solved,Atlanta,Georgia,Internet,2026-04-11 09:34:14
TC-354254,Customer_354254,subscriber_354254@telecom-domain.com,Comcast TV/Internet hookup,"Subscriber report regarding Comcast TV/Internet hookup. Filing Channel: Internet. Location: Atlanta, Georgia. Current Resolution Status: Solved.",Service Request,Medium,Frustrated,Solved,Atlanta,Georgia,Internet,2026-06-16 04:13:14
TC-355121,Customer_355121,subscriber_355121@telecom-domain.com,no service for 5+ days,"Subscriber report regarding no service for 5+ days. Filing Channel: Internet. Location: Atlanta, Georgia. Current Resolution Status: Solved.",Service Outage,Medium,Frustrated,Solved,Atlanta,Georgia,Internet,2026-03-31 21:40:14
TC-357856,Customer_357856,subscriber_357856@telecom-domain.com,Comcast - Billing,"Subscriber report regarding Comcast - Billing. Filing Channel: Customer Care Call. Location: Atlanta, Georgia. Current Resolution Status: Open.",Billing Dispute,Medium,Frustrated,Open,Atlanta,Georgia,Customer Care Call,2026-07-07 09:19:14
TC-359719,Customer_359719,subscriber_359719@telecom-domain.com,Comcast Internet,"Subscriber report regarding Comcast Internet. Filing Channel: Customer Care Call. Location: Atlanta, Georgia. Current Resolution Status: Solved.",Service Request,Medium,Frustrated,Solved,Atlanta,Georgia,Customer Care Call,2026-03-05 05:06:14
TC-359260,Customer_359260,subscriber_359260@telecom-domain.com,Comcast speed integrity,"Subscriber report regarding Comcast speed integrity. Filing Channel: Customer Care Call. Location: Atlanta, Georgia. Current Resolution Status: Pending.",Broadband Performance,Medium,Frustrated,Pending,Atlanta,Georgia,Customer Care Call,2026-04-11 17:54:14
TC-358601,Customer_358601,subscriber_358601@telecom-domain.com,Data cap,"Subscriber report regarding Data cap. Filing Channel: Internet. Location: Atlanta, Georgia. Current Resolution Status: Pending.",Data / Usage Issue,Medium,Frustrated,Pending,Atlanta,Georgia,Internet,2026-04-02 14:47:14
TC-362076,Customer_362076,subscriber_362076@telecom-domain.com,Comcast Atlanta Data Caps,"Subscriber report regarding Comcast Atlanta Data Caps. Filing Channel: Internet. Location: Atlanta, Georgia. Current Resolution Status: Pending.",Data / Usage Issue,Medium,Negative,Pending,Atlanta,Georgia,Internet,2026-03-20 19:27:14
TC-362097,Customer_362097,subscriber_362097@telecom-domain.com,Comcast Atlanta Data Caps,"Subscriber report regarding Comcast Atlanta Data Caps. Filing Channel: Internet. Location: Atlanta, Georgia. Current Resolution Status: Pending.",Data / Usage Issue,Medium,Negative,Pending,Atlanta,Georgia,Internet,2026-04-30 10:32:14
TC-363616,Customer_363616,subscriber_363616@telecom-domain.com,COMCAST Poor Customer Service,"Subscriber report regarding COMCAST Poor Customer Service. Filing Channel: Internet. Location: Atlanta, Georgia. Current Resolution Status: Open.",Customer Service,Medium,Frustrated,Open,Atlanta,Georgia,Internet,2026-07-23 02:32:14
TC-361720,Customer_361720,subscriber_361720@telecom-domain.com,Overage on 300GB data plan with Comcast,"Subscriber report regarding Overage on 300GB data plan with Comcast. Filing Channel: Customer Care Call. Location: Atlanta, Georgia. Current Resolution Status: Solved.",Data / Usage Issue,Medium,Frustrated,Solved,Atlanta,Georgia,Customer Care Call,2026-05-16 10:54:14
TC-362223,Customer_362223,subscriber_362223@telecom-domain.com,Comcast bill,"Subscriber report regarding Comcast bill. Filing Channel: Customer Care Call. Location: Atlanta, Georgia. Current Resolution Status: Solved.",Billing Dispute,Medium,Frustrated,Solved,Atlanta,Georgia,Customer Care Call,2026-04-10 17:44:14
TC-363102,Customer_363102,subscriber_363102@telecom-domain.com,Comcast Data Cap,"Subscriber report regarding Comcast Data Cap. Filing Channel: Customer Care Call. Location: Atlanta, Georgia. Current Resolution Status: Pending.",Data / Usage Issue,Medium,Frustrated,Pending,Atlanta,Georgia,Customer Care Call,2026-08-01 10:35:14
TC-363235,Customer_363235,subscriber_363235@telecom-domain.com,Unfair Billing Practices,"Subscriber report regarding Unfair Billing Practices. Filing Channel: Internet. Location: Atlanta, Georgia. Current Resolution Status: Solved.",Billing Dispute,Medium,Frustrated,Solved,Atlanta,Georgia,Internet,2026-05-11 15:55:14
TC-363424,Customer_363424,subscriber_363424@telecom-domain.com,Comcast data caps,"Subscriber report regarding Comcast data caps. Filing Channel: Customer Care Call. Location: Atlanta, Georgia. Current Resolution Status: Solved.",Data / Usage Issue,Medium,Negative,Solved,Atlanta,Georgia,Customer Care Call,2026-06-28 02:07:14
TC-365321,Customer_365321,subscriber_365321@telecom-domain.com,Comcast Refusing to Honor Internet Rate,"Subscriber report regarding Comcast Refusing to Honor Internet Rate. Filing Channel: Internet. Location: Atlanta, Georgia. Current Resolution Status: Solved.",Service Request,Medium,Frustrated,Solved,Atlanta,Georgia,Internet,2026-07-06 03:52:14
TC-363860,Customer_363860,subscriber_363860@telecom-domain.com,speed,"Subscriber report regarding speed. Filing Channel: Internet. Location: Atlanta, Georgia. Current Resolution Status: Open.",Broadband Performance,Medium,Frustrated,Open,Atlanta,Georgia,Internet,2026-06-30 13:23:14
TC-368838,Customer_368838,subscriber_368838@telecom-domain.com,Not Acceptable Internet Additional Charge.,"Subscriber report regarding Not Acceptable Internet Additional Charge.. Filing Channel: Customer Care Call. Location: Atlanta, Georgia. Current Resolution Status: Solved.",Billing Dispute,High,Negative,Solved,Atlanta,Georgia,Customer Care Call,2026-02-22 23:12:14
TC-367718,Customer_367718,subscriber_367718@telecom-domain.com,Comcast internet and cable service,"Subscriber report regarding Comcast internet and cable service. Filing Channel: Customer Care Call. Location: Atlanta, Georgia. Current Resolution Status: Open.",Service Request,Medium,Frustrated,Open,Atlanta,Georgia,Customer Care Call,2026-04-14 04:21:14
TC-370846,Customer_370846,subscriber_370846@telecom-domain.com,"Comcast deceptive advertising, overage charges","Subscriber report regarding Comcast deceptive advertising, overage charges. Filing Channel: Internet. Location: Atlanta, Georgia. Current Resolution Status: Pending.",Data / Usage Issue,Medium,Negative,Pending,Atlanta,Georgia,Internet,2026-08-14 17:55:14
TC-372331,Customer_372331,subscriber_372331@telecom-domain.com,Comcast Data Caps,"Subscriber report regarding Comcast Data Caps. Filing Channel: Internet. Location: Atlanta, Georgia. Current Resolution Status: Pending.",Data / Usage Issue,Medium,Negative,Pending,Atlanta,Georgia,Internet,2026-04-13 00:04:14
TC-373205,Customer_373205,subscriber_373205@telecom-domain.com,Comcast: Xfinity Slamming,"Subscriber report regarding Comcast: Xfinity Slamming. Filing Channel: Internet. Location: Atlanta, Georgia. Current Resolution Status: Solved.",Service Request,Medium,Frustrated,Solved,Atlanta,Georgia,Internet,2026-06-22 14:40:14
TC-375377,Customer_375377,subscriber_375377@telecom-domain.com,Comcast Support Unable to Provide Accurate Information,"Subscriber report regarding Comcast Support Unable to Provide Accurate Information. Filing Channel: Internet. Location: Atlanta, Georgia. Current Resolution Status: Open.",Customer Service,Medium,Frustrated,Open,Atlanta,Georgia,Internet,2026-03-20 22:43:14
TC-373977,Customer_373977,subscriber_373977@telecom-domain.com,Comcast Data Usage Limits,"Subscriber report regarding Comcast Data Usage Limits. Filing Channel: Internet. Location: Atlanta, Georgia. Current Resolution Status: Pending.",Data / Usage Issue,Medium,Frustrated,Pending,Atlanta,Georgia,Internet,2026-03-31 23:06:14
TC-344456,Customer_344456,subscriber_344456@telecom-domain.com,Repeated Erroneous Modem Rental Charge,"Subscriber report regarding Repeated Erroneous Modem Rental Charge. Filing Channel: Customer Care Call. Location: Atlanta, Georgia. Current Resolution Status: Solved.",Billing Dispute,High,Negative,Solved,Atlanta,Georgia,Customer Care Call,2026-07-24 08:57:14
TC-374159,Customer_374159,subscriber_374159@telecom-domain.com,Xfinity pricing,"Subscriber report regarding Xfinity pricing. Filing Channel: Customer Care Call. Location: Atlantic Beach, Florida. Current Resolution Status: Solved.",Billing Dispute,Medium,Frustrated,Solved,Atlantic Beach,Florida,Customer Care Call,2026-03-05 21:22:14
TC-359224,Customer_359224,subscriber_359224@telecom-domain.com,Comcast monopoly,"Subscriber report regarding Comcast monopoly. Filing Channel: Internet. Location: Attalla, Alabama. Current Resolution Status: Solved.",Service Request,Medium,Frustrated,Solved,Attalla,Alabama,Internet,2026-07-07 02:04:14
TC-274956,Customer_274956,subscriber_274956@telecom-domain.com,Internet connection both upload and download speeds,"Subscriber report regarding Internet connection both upload and download speeds. Filing Channel: Customer Care Call. Location: Attica, Indiana. Current Resolution Status: Open.",Broadband Performance,High,Angry,Open,Attica,Indiana,Customer Care Call,2026-08-15 03:19:14
TC-338651,Customer_338651,subscriber_338651@telecom-domain.com,Internet Availability,"Subscriber report regarding Internet Availability. Filing Channel: Internet. Location: Attica, Michigan. Current Resolution Status: Open.",Service Request,Medium,Frustrated,Open,Attica,Michigan,Internet,2026-02-21 19:34:14
TC-369453,Customer_369453,subscriber_369453@telecom-domain.com,"Comcast ""50 mb/s"" speed and throttling","Subscriber report regarding Comcast ""50 mb/s"" speed and throttling. Filing Channel: Internet. Location: Auburn, Georgia. Current Resolution Status: Pending.",Broadband Performance,Medium,Frustrated,Pending,Auburn,Georgia,Internet,2026-07-22 00:14:14
TC-221984,Customer_221984,subscriber_221984@telecom-domain.com,Complaint against Comcast,"Subscriber report regarding Complaint against Comcast. Filing Channel: Internet. Location: Auburn, Pennsylvania. Current Resolution Status: Solved.",Service Request,Medium,Frustrated,Solved,Auburn,Pennsylvania,Internet,2026-08-11 11:37:14
TC-346885,Customer_346885,subscriber_346885@telecom-domain.com,Comcast,"Subscriber report regarding Comcast. Filing Channel: Internet. Location: Auburn, Washington. Current Resolution Status: Open.",Service Request,Medium,Frustrated,Open,Auburn,Washington,Internet,2026-06-26 15:55:14
TC-359070,Customer_359070,subscriber_359070@telecom-domain.com,Comcast (Xfinity) Monopolistic Billing Practices,"Subscriber report regarding Comcast (Xfinity) Monopolistic Billing Practices. Filing Channel: Internet. Location: Auburn, Washington. Current Resolution Status: Solved.",Billing Dispute,Medium,Frustrated,Solved,Auburn,Washington,Internet,2026-04-12 11:49:14
TC-372769,Customer_372769,subscriber_372769@telecom-domain.com,Internet Throttling,"Subscriber report regarding Internet Throttling. Filing Channel: Internet. Location: Auburn, Washington. Current Resolution Status: Solved.",Broadband Performance,Medium,Frustrated,Solved,Auburn,Washington,Internet,2026-04-07 09:40:14
TC-311239,Customer_311239,subscriber_311239@telecom-domain.com,Data Usage Overage,"Subscriber report regarding Data Usage Overage. Filing Channel: Internet. Location: Augusta, Georgia. Current Resolution Status: Solved.",Data / Usage Issue,Medium,Frustrated,Solved,Augusta,Georgia,Internet,2026-06-04 23:46:14
TC-339371,Customer_339371,subscriber_339371@telecom-domain.com,double billing after change of service,"Subscriber report regarding double billing after change of service. Filing Channel: Internet. Location: Augusta, Georgia. Current Resolution Status: Solved.",Billing Dispute,Medium,Frustrated,Solved,Augusta,Georgia,Internet,2026-08-12 06:43:14
TC-360222,Customer_360222,subscriber_360222@telecom-domain.com,Bandwidth Caps becoming excessive,"Subscriber report regarding Bandwidth Caps becoming excessive. Filing Channel: Internet. Location: Augusta, Georgia. Current Resolution Status: Solved.",Data / Usage Issue,Medium,Negative,Solved,Augusta,Georgia,Internet,2026-07-26 12:57:14
TC-370518,Customer_370518,subscriber_370518@telecom-domain.com,Comcast data limits,"Subscriber report regarding Comcast data limits. Filing Channel: Customer Care Call. Location: Augusta, Georgia. Current Resolution Status: Solved.",Data / Usage Issue,Medium,Frustrated,Solved,Augusta,Georgia,Customer Care Call,2026-07-27 11:18:14
TC-335988,Customer_335988,subscriber_335988@telecom-domain.com,Unable to cancel xfinity home security,"Subscriber report regarding Unable to cancel xfinity home security. Filing Channel: Customer Care Call. Location: Aurora, Colorado. Current Resolution Status: Solved.",Cancellation,Medium,Frustrated,Solved,Aurora,Colorado,Customer Care Call,2026-06-16 16:34:14
TC-361604,Customer_361604,subscriber_361604@telecom-domain.com,Comcast trying to setup stuff we didn't order,"Subscriber report regarding Comcast trying to setup stuff we didn't order. Filing Channel: Customer Care Call. Location: Aurora, Colorado. Current Resolution Status: Solved.",Installation,Medium,Frustrated,Solved,Aurora,Colorado,Customer Care Call,2026-08-04 11:45:14
TC-369583,Customer_369583,subscriber_369583@telecom-domain.com,Terrible waiting times,"Subscriber report regarding Terrible waiting times. Filing Channel: Internet. Location: Aurora, Colorado. Current Resolution Status: Solved.",Service Request,High,Angry,Solved,Aurora,Colorado,Internet,2026-08-07 21:42:14
TC-342399,Customer_342399,subscriber_342399@telecom-domain.com,Incorrect prices for new customers,"Subscriber report regarding Incorrect prices for new customers. Filing Channel: Customer Care Call. Location: Aurora, Illinois. Current Resolution Status: Open.",Billing Dispute,Medium,Frustrated,Open,Aurora,Illinois,Customer Care Call,2026-03-18 04:17:14
TC-359858,Customer_359858,subscriber_359858@telecom-domain.com,Comcast is throttling my internet,"Subscriber report regarding Comcast is throttling my internet. Filing Channel: Customer Care Call. Location: Aurora, Illinois. Current Resolution Status: Pending.",Broadband Performance,Medium,Frustrated,Pending,Aurora,Illinois,Customer Care Call,2026-03-20 10:50:14
TC-363993,Customer_363993,subscriber_363993@telecom-domain.com,Internet Pricing,"Subscriber report regarding Internet Pricing. Filing Channel: Customer Care Call. Location: Aurora, Illinois. Current Resolution Status: Open.",Billing Dispute,Medium,Frustrated,Open,Aurora,Illinois,Customer Care Call,2026-07-04 14:56:14
TC-223256,Customer_223256,subscriber_223256@telecom-domain.com,MISC. CHARGES,"Subscriber report regarding MISC. CHARGES. Filing Channel: Customer Care Call. Location: Austell, Georgia. Current Resolution Status: Solved.",Billing Dispute,High,Negative,Solved,Austell,Georgia,Customer Care Call,2026-05-21 17:31:14
TC-375093,Customer_375093,subscriber_375093@telecom-domain.com,Comast data cap,"Subscriber report regarding Comast data cap. Filing Channel: Customer Care Call. Location: Austell, Georgia. Current Resolution Status: Pending.",Data / Usage Issue,Medium,Frustrated,Pending,Austell,Georgia,Customer Care Call,2026-03-04 22:53:14
TC-347937,Customer_347937,subscriber_347937@telecom-domain.com,Comcast throttles internet,"Subscriber report regarding Comcast throttles internet. Filing Channel: Customer Care Call. Location: Austin, Texas. Current Resolution Status: Open.",Broadband Performance,Medium,Frustrated,Open,Austin,Texas,Customer Care Call,2026-07-03 13:29:14
TC-360286,Customer_360286,subscriber_360286@telecom-domain.com,throttling,"Subscriber report regarding throttling. Filing Channel: Internet. Location: Avon, Colorado. Current Resolution Status: Pending.",Broadband Performance,Medium,Frustrated,Pending,Avon,Colorado,Internet,2026-05-27 00:02:14
TC-279378,Customer_279378,subscriber_279378@telecom-domain.com,Forced Bundling of Internet Service with CATV,"Subscriber report regarding Forced Bundling of Internet Service with CATV. Filing Channel: Customer Care Call. Location: Ayer, Massachusetts. Current Resolution Status: Open.",Service Request,Medium,Frustrated,Open,Ayer,Massachusetts,Customer Care Call,2026-03-04 16:24:14
TC-301854,Customer_301854,subscriber_301854@telecom-domain.com,Comcast Internet,"Subscriber report regarding Comcast Internet. Filing Channel: Customer Care Call. Location: Baden, Pennsylvania. Current Resolution Status: Solved.",Service Request,Medium,Frustrated,Solved,Baden,Pennsylvania,Customer Care Call,2026-04-02 23:32:14
TC-306805,Customer_306805,subscriber_306805@telecom-domain.com,Failure to deliver service,"Subscriber report regarding Failure to deliver service. Filing Channel: Customer Care Call. Location: Bainbridge Island, Washington. Current Resolution Status: Solved.",Service Request,Medium,Negative,Solved,Bainbridge Island,Washington,Customer Care Call,2026-06-30 19:21:14
TC-373653,Customer_373653,subscriber_373653@telecom-domain.com,Comcast HBO Go PS4 app,"Subscriber report regarding Comcast HBO Go PS4 app. Filing Channel: Customer Care Call. Location: Bainbridge Island, Washington. Current Resolution Status: Pending.",Service Request,Medium,Frustrated,Pending,Bainbridge Island,Washington,Customer Care Call,2026-04-02 07:41:14
TC-304583,Customer_304583,subscriber_304583@telecom-domain.com,Comcast's refusal to recognize written notice of termination of service,"Subscriber report regarding Comcast's refusal to recognize written notice of termination of service. Filing Channel: Customer Care Call. Location: Bala Cynwyd, Pennsylvania. Current Resolution Status: Solved.",Service Request,Medium,Frustrated,Solved,Bala Cynwyd,Pennsylvania,Customer Care Call,2026-02-20 12:59:14
TC-324795,Customer_324795,subscriber_324795@telecom-domain.com,Rates,"Subscriber report regarding Rates. Filing Channel: Internet. Location: Bala Cynwyd, Pennsylvania. Current Resolution Status: Solved.",Service Request,Medium,Frustrated,Solved,Bala Cynwyd,Pennsylvania,Internet,2026-07-19 14:55:14
TC-348338,Customer_348338,subscriber_348338@telecom-domain.com,Termination Fee,"Subscriber report regarding Termination Fee. Filing Channel: Internet. Location: Ballston Lake, New York. Current Resolution Status: Solved.",Billing Dispute,Medium,Frustrated,Solved,Ballston Lake,New York,Internet,2026-05-12 13:32:14
TC-241422,Customer_241422,subscriber_241422@telecom-domain.com,Comcast internet/cable,"Subscriber report regarding Comcast internet/cable. Filing Channel: Internet. Location: Baltimore, Maryland. Current Resolution Status: Solved.",Service Request,Medium,Frustrated,Solved,Baltimore,Maryland,Internet,2026-04-05 21:50:14
TC-252368,Customer_252368,subscriber_252368@telecom-domain.com,I AM BEING CHARGE DOUBLE FOR MY CABLE BILL.,"Subscriber report regarding I AM BEING CHARGE DOUBLE FOR MY CABLE BILL.. Filing Channel: Customer Care Call. Location: Baltimore, Maryland. Current Resolution Status: Open.",Billing Dispute,High,Negative,Open,Baltimore,Maryland,Customer Care Call,2026-06-15 13:11:14
TC-259003,Customer_259003,subscriber_259003@telecom-domain.com,REPEATED Comcast billing issues,"Subscriber report regarding REPEATED Comcast billing issues. Filing Channel: Customer Care Call. Location: Baltimore, Maryland. Current Resolution Status: Solved.",Billing Dispute,High,Negative,Solved,Baltimore,Maryland,Customer Care Call,2026-08-03 04:49:14
TC-312881,Customer_312881,subscriber_312881@telecom-domain.com,unauthorized comcast username setup,"Subscriber report regarding unauthorized comcast username setup. Filing Channel: Customer Care Call. Location: Baltimore, Maryland. Current Resolution Status: Open.",Installation,Medium,Frustrated,Open,Baltimore,Maryland,Customer Care Call,2026-05-24 12:09:14
TC-319505,Customer_319505,subscriber_319505@telecom-domain.com,Services turned off in retaliation for complaints,"Subscriber report regarding Services turned off in retaliation for complaints. Filing Channel: Customer Care Call. Location: Baltimore, Maryland. Current Resolution Status: Solved.",Service Request,Medium,Frustrated,Solved,Baltimore,Maryland,Customer Care Call,2026-06-06 22:53:14
TC-342923,Customer_342923,subscriber_342923@telecom-domain.com,Comcast does not disclose the Internet speed I'm paying for anywhere on my bill or online,"Subscriber report regarding Comcast does not disclose the Internet speed I'm paying for anywhere on my bill or online. Filing Channel: Customer Care Call. Location: Baltimore, Maryland. Current Resolution Status: Open.",Billing Dispute,Medium,Frustrated,Open,Baltimore,Maryland,Customer Care Call,2026-03-10 06:19:14
TC-343096,Customer_343096,subscriber_343096@telecom-domain.com,Internet speeds disclosure on bill,"Subscriber report regarding Internet speeds disclosure on bill. Filing Channel: Internet. Location: Baltimore, Maryland. Current Resolution Status: Solved.",Billing Dispute,Medium,Frustrated,Solved,Baltimore,Maryland,Internet,2026-06-11 02:49:14
TC-343625,Customer_343625,subscriber_343625@telecom-domain.com,Internet speed not disclosed,"Subscriber report regarding Internet speed not disclosed. Filing Channel: Customer Care Call. Location: Baltimore, Maryland. Current Resolution Status: Solved.",Broadband Performance,Medium,Frustrated,Solved,Baltimore,Maryland,Customer Care Call,2026-07-05 02:00:14
TC-348974,Customer_348974,subscriber_348974@telecom-domain.com,Intermittent Service,"Subscriber report regarding Intermittent Service. Filing Channel: Customer Care Call. Location: Baltimore, Maryland. Current Resolution Status: Solved.",Service Request,Medium,Frustrated,Solved,Baltimore,Maryland,Customer Care Call,2026-03-16 00:26:14
TC-356080,Customer_356080,subscriber_356080@telecom-domain.com,Comcast billing practices,"Subscriber report regarding Comcast billing practices. Filing Channel: Internet. Location: Baltimore, Maryland. Current Resolution Status: Solved.",Billing Dispute,Medium,Frustrated,Solved,Baltimore,Maryland,Internet,2026-05-27 10:03:14
TC-360196,Customer_360196,subscriber_360196@telecom-domain.com,monopoly,"Subscriber report regarding monopoly. Filing Channel: Internet. Location: Baltimore, Maryland. Current Resolution Status: Solved.",Service Request,Medium,Frustrated,Solved,Baltimore,Maryland,Internet,2026-02-28 16:28:14
TC-358485,Customer_358485,subscriber_358485@telecom-domain.com,Consistently Slow and Throttled Internet Speeds,"Subscriber report regarding Consistently Slow and Throttled Internet Speeds. Filing Channel: Internet. Location: Baltimore, Maryland. Current Resolution Status: Pending.",Broadband Performance,Medium,Negative,Pending,Baltimore,Maryland,Internet,2026-04-16 11:45:14
TC-360378,Customer_360378,subscriber_360378@telecom-domain.com,Paying for high speed internet with Comcast. Consistently getting slow service.,"Subscriber report regarding Paying for high speed internet with Comcast. Consistently getting slow service.. Filing Channel: Internet. Location: Baltimore, Maryland. Current Resolution Status: Open.",Broadband Performance,Medium,Negative,Open,Baltimore,Maryland,Internet,2026-06-11 15:55:14
TC-357904,Customer_357904,subscriber_357904@telecom-domain.com,Comcast Monopoly on Packages is costing me more money for same service,"Subscriber report regarding Comcast Monopoly on Packages is costing me more money for same service. Filing Channel: Customer Care Call. Location: Baltimore, Maryland. Current Resolution Status: Solved.",Billing Dispute,Medium,Frustrated,Solved,Baltimore,Maryland,Customer Care Call,2026-03-03 07:05:14
TC-361480,Customer_361480,subscriber_361480@telecom-domain.com,"hidden fees, dropped internet connection","Subscriber report regarding hidden fees, dropped internet connection. Filing Channel: Internet. Location: Baltimore, Maryland. Current Resolution Status: Solved.",Billing Dispute,Medium,Frustrated,Solved,Baltimore,Maryland,Internet,2026-04-23 10:26:14
TC-364840,Customer_364840,subscriber_364840@telecom-domain.com,COMCAST HIGH SPEED INTERNET MONOPOLY,"Subscriber report regarding COMCAST HIGH SPEED INTERNET MONOPOLY. Filing Channel: Internet. Location: Baltimore, Maryland. Current Resolution Status: Solved.",Broadband Performance,Medium,Frustrated,Solved,Baltimore,Maryland,Internet,2026-07-26 15:06:14
TC-368793,Customer_368793,subscriber_368793@telecom-domain.com,ComCast cable In Maryland,"Subscriber report regarding ComCast cable In Maryland. Filing Channel: Customer Care Call. Location: Baltimore, Maryland. Current Resolution Status: Solved.",Service Request,Medium,Frustrated,Solved,Baltimore,Maryland,Customer Care Call,2026-04-09 20:10:14
TC-370296,Customer_370296,subscriber_370296@telecom-domain.com,Billing Dispute & Poor Customer Service,"Subscriber report regarding Billing Dispute & Poor Customer Service. Filing Channel: Internet. Location: Baltimore, Maryland. Current Resolution Status: Solved.",Billing Dispute,High,Negative,Solved,Baltimore,Maryland,Internet,2026-06-15 11:30:14
TC-373716,Customer_373716,subscriber_373716@telecom-domain.com,Comcast change contract,"Subscriber report regarding Comcast change contract. Filing Channel: Customer Care Call. Location: Baltimore, Maryland. Current Resolution Status: Solved.",Service Request,Medium,Frustrated,Solved,Baltimore,Maryland,Customer Care Call,2026-03-10 08:18:14
TC-360325,Customer_360325,subscriber_360325@telecom-domain.com,Comcast throttle,"Subscriber report regarding Comcast throttle. Filing Channel: Customer Care Call. Location: Bargersville, Indiana. Current Resolution Status: Pending.",Broadband Performance,Medium,Frustrated,Pending,Bargersville,Indiana,Customer Care Call,2026-03-08 05:43:14
TC-249688,Customer_249688,subscriber_249688@telecom-domain.com,Xfinity WiFi access,"Subscriber report regarding Xfinity WiFi access. Filing Channel: Internet. Location: Barnegat, New Jersey. Current Resolution Status: Solved.",Network Connectivity,Medium,Frustrated,Solved,Barnegat,New Jersey,Internet,2026-07-07 11:32:14
TC-270364,Customer_270364,subscriber_270364@telecom-domain.com,"No internet, no cable","Subscriber report regarding No internet, no cable. Filing Channel: Customer Care Call. Location: Barrington, Illinois. Current Resolution Status: Open.",Service Request,Medium,Frustrated,Open,Barrington,Illinois,Customer Care Call,2026-03-10 06:03:14
TC-256911,Customer_256911,subscriber_256911@telecom-domain.com,Internet service slow and intermittent,"Subscriber report regarding Internet service slow and intermittent. Filing Channel: Customer Care Call. Location: Bartlett, Tennessee. Current Resolution Status: Solved.",Broadband Performance,Medium,Negative,Solved,Bartlett,Tennessee,Customer Care Call,2026-07-01 09:36:14
TC-332159,Customer_332159,subscriber_332159@telecom-domain.com,Comcast Account,"Subscriber report regarding Comcast Account. Filing Channel: Customer Care Call. Location: Bartlett, Tennessee. Current Resolution Status: Solved.",Service Request,Medium,Frustrated,Solved,Bartlett,Tennessee,Customer Care Call,2026-06-18 13:25:14
TC-294386,Customer_294386,subscriber_294386@telecom-domain.com,Week long issues with speed and no help from comcast,"Subscriber report regarding Week long issues with speed and no help from comcast. Filing Channel: Internet. Location: Bartonville, Illinois. Current Resolution Status: Solved.",Broadband Performance,Medium,Negative,Solved,Bartonville,Illinois,Internet,2026-08-09 17:34:14
TC-327139,Customer_327139,subscriber_327139@telecom-domain.com,Data Usage Cap Maine,"Subscriber report regarding Data Usage Cap Maine. Filing Channel: Customer Care Call. Location: Bath, Maine. Current Resolution Status: Open.",Data / Usage Issue,Medium,Frustrated,Open,Bath,Maine,Customer Care Call,2026-04-25 01:48:14
TC-360806,Customer_360806,subscriber_360806@telecom-domain.com,Comcasts Shady Business Practices,"Subscriber report regarding Comcasts Shady Business Practices. Filing Channel: Internet. Location: Battle Ground, Washington. Current Resolution Status: Open.",Service Request,Medium,Frustrated,Open,Battle Ground,Washington,Internet,2026-07-06 08:13:14
TC-375249,Customer_375249,subscriber_375249@telecom-domain.com,Comcast cable,"Subscriber report regarding Comcast cable. Filing Channel: Internet. Location: Beach Haven, New Jersey. Current Resolution Status: Pending.",Service Request,Medium,Frustrated,Pending,Beach Haven,New Jersey,Internet,2026-03-26 13:09:14
TC-373009,Customer_373009,subscriber_373009@telecom-domain.com,Comcast Pricing,"Subscriber report regarding Comcast Pricing. Filing Channel: Internet. Location: Beachwood, New Jersey. Current Resolution Status: Open.",Billing Dispute,Medium,Frustrated,Open,Beachwood,New Jersey,Internet,2026-08-12 12:17:14
TC-229055,Customer_229055,subscriber_229055@telecom-domain.com,Comcast Complaint,"Subscriber report regarding Comcast Complaint. Filing Channel: Internet. Location: Beale Afb, California. Current Resolution Status: Solved.",Service Request,Medium,Frustrated,Solved,Beale Afb,California,Internet,2026-08-10 22:33:14
TC-365445,Customer_365445,subscriber_365445@telecom-domain.com,CABLE,"Subscriber report regarding CABLE. Filing Channel: Internet. Location: Beaver Falls, Pennsylvania. Current Resolution Status: Solved.",Service Request,Medium,Frustrated,Solved,Beaver Falls,Pennsylvania,Internet,2026-04-01 22:40:14
TC-252877,Customer_252877,subscriber_252877@telecom-domain.com,Comcast Charges,"Subscriber report regarding Comcast Charges. Filing Channel: Customer Care Call. Location: Beaverton, Oregon. Current Resolution Status: Open.",Billing Dispute,High,Negative,Open,Beaverton,Oregon,Customer Care Call,2026-03-13 15:56:14
TC-316088,Customer_316088,subscriber_316088@telecom-domain.com,Comcast,"Subscriber report regarding Comcast. Filing Channel: Customer Care Call. Location: Beaverton, Oregon. Current Resolution Status: Pending.",Service Request,Medium,Frustrated,Pending,Beaverton,Oregon,Customer Care Call,2026-08-10 07:02:14
TC-297569,Customer_297569,subscriber_297569@telecom-domain.com,Internet needed!,"Subscriber report regarding Internet needed!. Filing Channel: Internet. Location: Bedford, Indiana. Current Resolution Status: Solved.",Service Request,Medium,Frustrated,Solved,Bedford,Indiana,Internet,2026-08-18 21:07:14
TC-282375,Customer_282375,subscriber_282375@telecom-domain.com,Deceptive Practices,"Subscriber report regarding Deceptive Practices. Filing Channel: Internet. Location: Bedford, Pennsylvania. Current Resolution Status: Solved.",Service Request,Medium,Frustrated,Solved,Bedford,Pennsylvania,Internet,2026-02-20 19:33:14
TC-249174,Customer_249174,subscriber_249174@telecom-domain.com,Comcast fraud,"Subscriber report regarding Comcast fraud. Filing Channel: Internet. Location: Bel Air, Maryland. Current Resolution Status: Solved.",Service Request,High,Angry,Solved,Bel Air,Maryland,Internet,2026-06-29 02:12:14
TC-327919,Customer_327919,subscriber_327919@telecom-domain.com,Complaint CR Comcast Problem - VOIP Phone not working for days,"Subscriber report regarding Complaint CR Comcast Problem - VOIP Phone not working for days. Filing Channel: Internet. Location: Bel Air, Maryland. Current Resolution Status: Solved.",Service Outage,High,Negative,Solved,Bel Air,Maryland,Internet,2026-07-12 14:27:14
TC-238313,Customer_238313,subscriber_238313@telecom-domain.com,Comcast,"Subscriber report regarding Comcast. Filing Channel: Internet. Location: Belleville, Michigan. Current Resolution Status: Solved.",Service Request,Medium,Frustrated,Solved,Belleville,Michigan,Internet,2026-05-05 04:14:14
TC-226213,Customer_226213,subscriber_226213@telecom-domain.com,Double-billing,"Subscriber report regarding Double-billing. Filing Channel: Internet. Location: Bellevue, Washington. Current Resolution Status: Solved.",Billing Dispute,Medium,Frustrated,Solved,Bellevue,Washington,Internet,2026-03-17 08:16:14
TC-216441,Customer_216441,subscriber_216441@telecom-domain.com,download speeds slower than dial-up but paying for 25 Mbps,"Subscriber report regarding download speeds slower than dial-up but paying for 25 Mbps. Filing Channel: Internet. Location: Bellevue, Washington. Current Resolution Status: Solved.",Broadband Performance,High,Angry,Solved,Bellevue,Washington,Internet,2026-04-07 12:32:14
TC-364301,Customer_364301,subscriber_364301@telecom-domain.com,Comcast billing error,"Subscriber report regarding Comcast billing error. Filing Channel: Internet. Location: Bellingham, Washington. Current Resolution Status: Solved.",Billing Dispute,Medium,Frustrated,Solved,Bellingham,Washington,Internet,2026-07-15 22:59:14
TC-367375,Customer_367375,subscriber_367375@telecom-domain.com,Comcast Internet Technical Support,"Subscriber report regarding Comcast Internet Technical Support. Filing Channel: Internet. Location: Bellingham, Washington. Current Resolution Status: Solved.",Customer Service,Medium,Frustrated,Solved,Bellingham,Washington,Internet,2026-07-16 09:20:14
TC-235996,Customer_235996,subscriber_235996@telecom-domain.com,Comcast Blocking HBOGo on PS4,"Subscriber report regarding Comcast Blocking HBOGo on PS4. Filing Channel: Customer Care Call. Location: Belmont, California. Current Resolution Status: Solved.",Service Request,Medium,Frustrated,Solved,Belmont,California,Customer Care Call,2026-07-04 03:16:14
TC-231265,Customer_231265,subscriber_231265@telecom-domain.com,Residentail Broadband Data Caps,"Subscriber report regarding Residentail Broadband Data Caps. Filing Channel: Internet. Location: Belmont, Michigan. Current Resolution Status: Solved.",Data / Usage Issue,Medium,Negative,Solved,Belmont,Michigan,Internet,2026-05-10 03:40:14
TC-363097,Customer_363097,subscriber_363097@telecom-domain.com,Comcast,"Subscriber report regarding Comcast. Filing Channel: Internet. Location: Belton, Missouri. Current Resolution Status: Open.",Service Request,Medium,Frustrated,Open,Belton,Missouri,Internet,2026-07-16 14:01:14
TC-304557,Customer_304557,subscriber_304557@telecom-domain.com,Monthly Charges Increased without any notice,"Subscriber report regarding Monthly Charges Increased without any notice. Filing Channel: Internet. Location: Beltsville, Maryland. Current Resolution Status: Solved.",Billing Dispute,High,Negative,Solved,Beltsville,Maryland,Internet,2026-04-18 11:49:14
TC-260284,Customer_260284,subscriber_260284@telecom-domain.com,Comcast internet for low income families,"Subscriber report regarding Comcast internet for low income families. Filing Channel: Customer Care Call. Location: Belvidere, Illinois. Current Resolution Status: Solved.",Service Request,Medium,Frustrated,Solved,Belvidere,Illinois,Customer Care Call,2026-04-01 10:56:14
TC-260286,Customer_260286,subscriber_260286@telecom-domain.com,Comcast internet for low income families,"Subscriber report regarding Comcast internet for low income families. Filing Channel: Internet. Location: Belvidere, Illinois. Current Resolution Status: Solved.",Service Request,Medium,Frustrated,Solved,Belvidere,Illinois,Internet,2026-06-05 22:11:14
TC-272802,Customer_272802,subscriber_272802@telecom-domain.com,Comcast Service and customer service representative,"Subscriber report regarding Comcast Service and customer service representative. Filing Channel: Internet. Location: Bensalem, Pennsylvania. Current Resolution Status: Solved.",Customer Service,Medium,Frustrated,Solved,Bensalem,Pennsylvania,Internet,2026-03-21 07:03:14
TC-293050,Customer_293050,subscriber_293050@telecom-domain.com,Poor internet connection/dropped connection since installation of new modem,"Subscriber report regarding Poor internet connection/dropped connection since installation of new modem. Filing Channel: Internet. Location: Bensalem, Pennsylvania. Current Resolution Status: Solved.",Equipment / Router,Medium,Frustrated,Solved,Bensalem,Pennsylvania,Internet,2026-04-30 22:08:14
TC-351961,Customer_351961,subscriber_351961@telecom-domain.com,Comcast Billing,"Subscriber report regarding Comcast Billing. Filing Channel: Internet. Location: Bensalem, Pennsylvania. Current Resolution Status: Solved.",Billing Dispute,Medium,Frustrated,Solved,Bensalem,Pennsylvania,Internet,2026-06-30 17:56:14
TC-360739,Customer_360739,subscriber_360739@telecom-domain.com,Bank Fee Refund Reques,"Subscriber report regarding Bank Fee Refund Reques. Filing Channel: Internet. Location: Berkeley, California. Current Resolution Status: Solved.",Billing Dispute,Medium,Frustrated,Solved,Berkeley,California,Internet,2026-03-25 03:48:14
TC-360830,Customer_360830,subscriber_360830@telecom-domain.com,COMCAST Unfair Charge,"Subscriber report regarding COMCAST Unfair Charge. Filing Channel: Internet. Location: Berkeley, California. Current Resolution Status: Pending.",Billing Dispute,High,Negative,Pending,Berkeley,California,Internet,2026-07-09 14:19:14
TC-370385,Customer_370385,subscriber_370385@telecom-domain.com,Wrongful Billing,"Subscriber report regarding Wrongful Billing. Filing Channel: Customer Care Call. Location: Berkeley, California. Current Resolution Status: Solved.",Billing Dispute,Medium,Frustrated,Solved,Berkeley,California,Customer Care Call,2026-03-18 08:57:14
TC-232450,Customer_232450,subscriber_232450@telecom-domain.com,Billing problem,"Subscriber report regarding Billing problem. Filing Channel: Customer Care Call. Location: Berkeley Lake, Georgia. Current Resolution Status: Solved.",Billing Dispute,High,Negative,Solved,Berkeley Lake,Georgia,Customer Care Call,2026-04-21 22:38:14
TC-373879,Customer_373879,subscriber_373879@telecom-domain.com,Service refusal and lower than advertised speeds.,"Subscriber report regarding Service refusal and lower than advertised speeds.. Filing Channel: Internet. Location: Berkeley Spring, West Virginia. Current Resolution Status: Open.",Broadband Performance,Medium,Frustrated,Open,Berkeley Spring,West Virginia,Internet,2026-03-09 18:41:14
TC-347973,Customer_347973,subscriber_347973@telecom-domain.com,COMCAST - MAJOR COMPLAINT 1ST TIME CUSTOMER - AGGRAVATED HEALTH ISSUES,"Subscriber report regarding COMCAST - MAJOR COMPLAINT 1ST TIME CUSTOMER - AGGRAVATED HEALTH ISSUES. Filing Channel: Customer Care Call. Location: Berwyn, Pennsylvania. Current Resolution Status: Solved.",Service Request,Medium,Negative,Solved,Berwyn,Pennsylvania,Customer Care Call,2026-04-04 18:27:14
TC-353984,Customer_353984,subscriber_353984@telecom-domain.com,Connecting the service,"Subscriber report regarding Connecting the service. Filing Channel: Customer Care Call. Location: Bethesda, Maryland. Current Resolution Status: Solved.",Service Request,Medium,Frustrated,Solved,Bethesda,Maryland,Customer Care Call,2026-08-04 02:15:14
TC-348310,Customer_348310,subscriber_348310@telecom-domain.com,Over Charge by lying,"Subscriber report regarding Over Charge by lying. Filing Channel: Internet. Location: Blacksburg, Virginia. Current Resolution Status: Solved.",Billing Dispute,High,Negative,Solved,Blacksburg,Virginia,Internet,2026-03-28 16:47:14
TC-300985,Customer_300985,subscriber_300985@telecom-domain.com,Comcast keeps changing bill and every time gives new reasons!!,"Subscriber report regarding Comcast keeps changing bill and every time gives new reasons!!. Filing Channel: Internet. Location: Blackwood, New Jersey. Current Resolution Status: Solved.",Billing Dispute,Medium,Frustrated,Solved,Blackwood,New Jersey,Internet,2026-04-05 07:11:14
TC-336029,Customer_336029,subscriber_336029@telecom-domain.com,Ad in craigslist was a scam for selling product not owned,"Subscriber report regarding Ad in craigslist was a scam for selling product not owned. Filing Channel: Internet. Location: Blackwood, New Jersey. Current Resolution Status: Solved.",Service Request,High,Angry,Solved,Blackwood,New Jersey,Internet,2026-06-05 17:31:14
TC-353614,Customer_353614,subscriber_353614@telecom-domain.com,Comcast Internet,"Subscriber report regarding Comcast Internet. Filing Channel: Customer Care Call. Location: Blaine, Washington. Current Resolution Status: Solved.",Service Request,Medium,Frustrated,Solved,Blaine,Washington,Customer Care Call,2026-07-30 03:22:14
TC-350810,Customer_350810,subscriber_350810@telecom-domain.com,Comcast billing after discontinuation of service,"Subscriber report regarding Comcast billing after discontinuation of service. Filing Channel: Customer Care Call. Location: Blairstown, New Jersey. Current Resolution Status: Solved.",Billing Dispute,Medium,Frustrated,Solved,Blairstown,New Jersey,Customer Care Call,2026-07-03 21:27:14
TC-347021,Customer_347021,subscriber_347021@telecom-domain.com,COMPLAINT AGAINST COMCAST,"Subscriber report regarding COMPLAINT AGAINST COMCAST. Filing Channel: Customer Care Call. Location: Bloomfield, Michigan. Current Resolution Status: Open.",Service Request,Medium,Frustrated,Open,Bloomfield,Michigan,Customer Care Call,2026-02-21 03:10:14
TC-347789,Customer_347789,subscriber_347789@telecom-domain.com,Comcast data cap,"Subscriber report regarding Comcast data cap. Filing Channel: Internet. Location: Bloomingdale, Georgia. Current Resolution Status: Open.",Data / Usage Issue,Medium,Frustrated,Open,Bloomingdale,Georgia,Internet,2026-06-08 16:59:14
TC-358822,Customer_358822,subscriber_358822@telecom-domain.com,Comcast Issues,"Subscriber report regarding Comcast Issues. Filing Channel: Internet. Location: Bloomingdale, Georgia. Current Resolution Status: Pending.",Service Request,Medium,Negative,Pending,Bloomingdale,Georgia,Internet,2026-02-27 04:05:14
TC-249465,Customer_249465,subscriber_249465@telecom-domain.com,Comcast charging a fee without disclosing,"Subscriber report regarding Comcast charging a fee without disclosing. Filing Channel: Internet. Location: Bloomington, Illinois. Current Resolution Status: Solved.",Billing Dispute,Medium,Frustrated,Solved,Bloomington,Illinois,Internet,2026-07-11 04:26:14
TC-360372,Customer_360372,subscriber_360372@telecom-domain.com,increased bill,"Subscriber report regarding increased bill. Filing Channel: Internet. Location: Bloomington, Illinois. Current Resolution Status: Solved.",Billing Dispute,Medium,Frustrated,Solved,Bloomington,Illinois,Internet,2026-05-29 02:11:14
TC-360432,Customer_360432,subscriber_360432@telecom-domain.com,"Incorrect charges, and would not fix","Subscriber report regarding Incorrect charges, and would not fix. Filing Channel: Internet. Location: Bloomington, Illinois. Current Resolution Status: Open.",Billing Dispute,High,Negative,Open,Bloomington,Illinois,Internet,2026-04-17 05:11:14
TC-367310,Customer_367310,subscriber_367310@telecom-domain.com,Suspected Throttling,"Subscriber report regarding Suspected Throttling. Filing Channel: Internet. Location: Bloomington, Illinois. Current Resolution Status: Open.",Broadband Performance,Medium,Frustrated,Open,Bloomington,Illinois,Internet,2026-05-02 15:03:14
TC-251442,Customer_251442,subscriber_251442@telecom-domain.com,constant disruption of internet service,"Subscriber report regarding constant disruption of internet service. Filing Channel: Customer Care Call. Location: Bloomington, Indiana. Current Resolution Status: Solved.",Service Request,Medium,Frustrated,Solved,Bloomington,Indiana,Customer Care Call,2026-04-08 07:49:14
TC-363940,Customer_363940,subscriber_363940@telecom-domain.com,Comcast Unfair Billing Practices,"Subscriber report regarding Comcast Unfair Billing Practices. Filing Channel: Customer Care Call. Location: Bloomington, Indiana. Current Resolution Status: Solved.",Billing Dispute,Medium,Frustrated,Solved,Bloomington,Indiana,Customer Care Call,2026-08-04 06:06:14
TC-367449,Customer_367449,subscriber_367449@telecom-domain.com,Incorrect Billing and Service from Comcast,"Subscriber report regarding Incorrect Billing and Service from Comcast. Filing Channel: Internet. Location: Bloomington, Indiana. Current Resolution Status: Solved.",Billing Dispute,Medium,Frustrated,Solved,Bloomington,Indiana,Internet,2026-06-20 12:36:14
TC-312775,Customer_312775,subscriber_312775@telecom-domain.com,Comcast reduced my internet speed,"Subscriber report regarding Comcast reduced my internet speed. Filing Channel: Customer Care Call. Location: Bloomington, Minnesota. Current Resolution Status: Solved.",Broadband Performance,Medium,Frustrated,Solved,Bloomington,Minnesota,Customer Care Call,2026-04-10 18:37:14
TC-360666,Customer_360666,subscriber_360666@telecom-domain.com,Keep getting charged rental fees for modem I already own,"Subscriber report regarding Keep getting charged rental fees for modem I already own. Filing Channel: Customer Care Call. Location: Bloomington, Minnesota. Current Resolution Status: Solved.",Billing Dispute,High,Negative,Solved,Bloomington,Minnesota,Customer Care Call,2026-03-12 09:14:14
TC-327468,Customer_327468,subscriber_327468@telecom-domain.com,Dealing with Comcast/Xfinity,"Subscriber report regarding Dealing with Comcast/Xfinity. Filing Channel: Internet. Location: Bloominton, Illinois. Current Resolution Status: Solved.",Service Request,Medium,Frustrated,Solved,Bloominton,Illinois,Internet,2026-05-15 13:35:14
TC-239613,Customer_239613,subscriber_239613@telecom-domain.com,Over Billing,"Subscriber report regarding Over Billing. Filing Channel: Customer Care Call. Location: Boca Raton, Florida. Current Resolution Status: Solved.",Billing Dispute,Medium,Frustrated,Solved,Boca Raton,Florida,Customer Care Call,2026-06-08 08:16:14
TC-253813,Customer_253813,subscriber_253813@telecom-domain.com,Billing,"Subscriber report regarding Billing. Filing Channel: Customer Care Call. Location: Boca Raton, Florida. Current Resolution Status: Solved.",Billing Dispute,Medium,Frustrated,Solved,Boca Raton,Florida,Customer Care Call,2026-05-05 16:54:14
TC-259141,Customer_259141,subscriber_259141@telecom-domain.com,Awful Service!,"Subscriber report regarding Awful Service!. Filing Channel: Internet. Location: Boca Raton, Florida. Current Resolution Status: Solved.",Service Request,Medium,Frustrated,Solved,Boca Raton,Florida,Internet,2026-05-01 12:50:14
TC-275079,Customer_275079,subscriber_275079@telecom-domain.com,Comcast bad practices,"Subscriber report regarding Comcast bad practices. Filing Channel: Internet. Location: Boca Raton, Florida. Current Resolution Status: Solved.",Service Request,Medium,Frustrated,Solved,Boca Raton,Florida,Internet,2026-04-02 06:41:14
TC-292598,Customer_292598,subscriber_292598@telecom-domain.com,Billing for equipment that was not provided to me,"Subscriber report regarding Billing for equipment that was not provided to me. Filing Channel: Customer Care Call. Location: Boca Raton, Florida. Current Resolution Status: Open.",Billing Dispute,Medium,Frustrated,Open,Boca Raton,Florida,Customer Care Call,2026-06-10 04:12:14
TC-294846,Customer_294846,subscriber_294846@telecom-domain.com,Comcast Speed Issues,"Subscriber report regarding Comcast Speed Issues. Filing Channel: Customer Care Call. Location: Boca Raton, Florida. Current Resolution Status: Open.",Broadband Performance,Medium,Negative,Open,Boca Raton,Florida,Customer Care Call,2026-02-24 06:21:14
TC-319332,Customer_319332,subscriber_319332@telecom-domain.com,Technical Support,"Subscriber report regarding Technical Support. Filing Channel: Customer Care Call. Location: Boca Raton, Florida. Current Resolution Status: Solved.",Customer Service,Medium,Frustrated,Solved,Boca Raton,Florida,Customer Care Call,2026-02-21 20:17:14
TC-353911,Customer_353911,subscriber_353911@telecom-domain.com,Failure to supply the proper Internet service,"Subscriber report regarding Failure to supply the proper Internet service. Filing Channel: Customer Care Call. Location: Boca Raton, Florida. Current Resolution Status: Solved.",Service Request,Medium,Negative,Solved,Boca Raton,Florida,Customer Care Call,2026-07-22 19:11:14
TC-370148,Customer_370148,subscriber_370148@telecom-domain.com,Comcast disconnected my account without reason or notice,"Subscriber report regarding Comcast disconnected my account without reason or notice. Filing Channel: Customer Care Call. Location: Boca Raton, Florida. Current Resolution Status: Open.",Service Outage,Medium,Frustrated,Open,Boca Raton,Florida,Customer Care Call,2026-04-15 12:48:14
TC-376154,Customer_376154,subscriber_376154@telecom-domain.com,Bad Service/drop calls/no support,"Subscriber report regarding Bad Service/drop calls/no support. Filing Channel: Internet. Location: Boca Raton, Florida. Current Resolution Status: Open.",Call Drops,Medium,Frustrated,Open,Boca Raton,Florida,Internet,2026-07-14 15:06:14
TC-375862,Customer_375862,subscriber_375862@telecom-domain.com,Modem rental fees,"Subscriber report regarding Modem rental fees. Filing Channel: Internet. Location: Boca Raton, Florida. Current Resolution Status: Open.",Billing Dispute,Medium,Frustrated,Open,Boca Raton,Florida,Internet,2026-06-13 08:47:14
TC-234849,Customer_234849,subscriber_234849@telecom-domain.com,Comcast - issues galore,"Subscriber report regarding Comcast - issues galore. Filing Channel: Internet. Location: Bolton, Massachusetts. Current Resolution Status: Solved.",Service Request,Medium,Negative,Solved,Bolton,Massachusetts,Internet,2026-07-19 13:21:14
TC-344483,Customer_344483,subscriber_344483@telecom-domain.com,Monopolistic behavior,"Subscriber report regarding Monopolistic behavior. Filing Channel: Customer Care Call. Location: Bolton, Massachusetts. Current Resolution Status: Solved.",Customer Service,Medium,Frustrated,Solved,Bolton,Massachusetts,Customer Care Call,2026-05-16 17:10:14
TC-315491,Customer_315491,subscriber_315491@telecom-domain.com,bait and switch pricing,"Subscriber report regarding bait and switch pricing. Filing Channel: Customer Care Call. Location: Bordentown, New Jersey. Current Resolution Status: Open.",Billing Dispute,Medium,Frustrated,Open,Bordentown,New Jersey,Customer Care Call,2026-03-08 15:33:14
TC-240843,Customer_240843,subscriber_240843@telecom-domain.com,hbo go comcast,"Subscriber report regarding hbo go comcast. Filing Channel: Customer Care Call. Location: Boston, Massachusetts. Current Resolution Status: Solved.",Service Request,Medium,Frustrated,Solved,Boston,Massachusetts,Customer Care Call,2026-05-02 14:07:14
TC-256620,Customer_256620,subscriber_256620@telecom-domain.com,Comcast Slow Internet,"Subscriber report regarding Comcast Slow Internet. Filing Channel: Customer Care Call. Location: Boston, Massachusetts. Current Resolution Status: Solved.",Broadband Performance,Medium,Negative,Solved,Boston,Massachusetts,Customer Care Call,2026-05-08 13:44:14
TC-331321,Customer_331321,subscriber_331321@telecom-domain.com,Slow Internet Speeds,"Subscriber report regarding Slow Internet Speeds. Filing Channel: Customer Care Call. Location: Boston, Massachusetts. Current Resolution Status: Solved.",Broadband Performance,Medium,Negative,Solved,Boston,Massachusetts,Customer Care Call,2026-08-12 00:27:14
TC-359031,Customer_359031,subscriber_359031@telecom-domain.com,Comcast Billing pratice,"Subscriber report regarding Comcast Billing pratice. Filing Channel: Customer Care Call. Location: Boston, Massachusetts. Current Resolution Status: Solved.",Billing Dispute,Medium,Frustrated,Solved,Boston,Massachusetts,Customer Care Call,2026-07-16 03:28:14
TC-360419,Customer_360419,subscriber_360419@telecom-domain.com,Comcast overbilled me and added numerous hidden charges,"Subscriber report regarding Comcast overbilled me and added numerous hidden charges. Filing Channel: Internet. Location: Boston, Massachusetts. Current Resolution Status: Solved.",Billing Dispute,High,Negative,Solved,Boston,Massachusetts,Internet,2026-04-04 10:54:14
TC-362450,Customer_362450,subscriber_362450@telecom-domain.com,Unfair billing practices of Comcast,"Subscriber report regarding Unfair billing practices of Comcast. Filing Channel: Customer Care Call. Location: Boston, Massachusetts. Current Resolution Status: Solved.",Billing Dispute,Medium,Frustrated,Solved,Boston,Massachusetts,Customer Care Call,2026-05-22 06:03:14
TC-215573,Customer_215573,subscriber_215573@telecom-domain.com,HBO GO blocked on Amazon Fire TV,"Subscriber report regarding HBO GO blocked on Amazon Fire TV. Filing Channel: Internet. Location: Bothell, Washington. Current Resolution Status: Solved.",Service Request,Medium,Frustrated,Solved,Bothell,Washington,Internet,2026-04-13 20:16:14
TC-317979,Customer_317979,subscriber_317979@telecom-domain.com,Comcast Outage/poor service 6/1,"Subscriber report regarding Comcast Outage/poor service 6/1. Filing Channel: Customer Care Call. Location: Bothell, Washington. Current Resolution Status: Solved.",Service Outage,High,Angry,Solved,Bothell,Washington,Customer Care Call,2026-04-09 00:12:14
TC-231412,Customer_231412,subscriber_231412@telecom-domain.com,Comcast Agreement,"Subscriber report regarding Comcast Agreement. Filing Channel: Customer Care Call. Location: Boulder, Colorado. Current Resolution Status: Solved.",Service Request,Medium,Frustrated,Solved,Boulder,Colorado,Customer Care Call,2026-05-16 02:10:14
TC-292412,Customer_292412,subscriber_292412@telecom-domain.com,False contract repersentation,"Subscriber report regarding False contract repersentation. Filing Channel: Customer Care Call. Location: Boulder, Colorado. Current Resolution Status: Solved.",Service Request,Medium,Frustrated,Solved,Boulder,Colorado,Customer Care Call,2026-06-20 15:20:14
TC-370586,Customer_370586,subscriber_370586@telecom-domain.com,"Extremely low speeds, and no help","Subscriber report regarding Extremely low speeds, and no help. Filing Channel: Internet. Location: Boulder, Colorado. Current Resolution Status: Open.",Broadband Performance,Medium,Frustrated,Open,Boulder,Colorado,Internet,2026-04-29 01:53:14
TC-370638,Customer_370638,subscriber_370638@telecom-domain.com,Comcast throttling download speed.,"Subscriber report regarding Comcast throttling download speed.. Filing Channel: Customer Care Call. Location: Boulder, Colorado. Current Resolution Status: Pending.",Broadband Performance,High,Angry,Pending,Boulder,Colorado,Customer Care Call,2026-06-24 16:24:14
TC-215789,Customer_215789,subscriber_215789@telecom-domain.com,broadband interuption,"Subscriber report regarding broadband interuption. Filing Channel: Internet. Location: Bourbonnais, Illinois. Current Resolution Status: Solved.",Service Request,Medium,Frustrated,Solved,Bourbonnais,Illinois,Internet,2026-07-30 19:33:14
TC-260358,Customer_260358,subscriber_260358@telecom-domain.com,low internet speed,"Subscriber report regarding low internet speed. Filing Channel: Internet. Location: Bourbonnais, Illinois. Current Resolution Status: Solved.",Broadband Performance,Medium,Frustrated,Solved,Bourbonnais,Illinois,Internet,2026-06-05 09:27:14
TC-212818,Customer_212818,subscriber_212818@telecom-domain.com,Incorrect Billing,"Subscriber report regarding Incorrect Billing. Filing Channel: Customer Care Call. Location: Boynton Beach, Florida. Current Resolution Status: Solved.",Billing Dispute,Medium,Frustrated,Solved,Boynton Beach,Florida,Customer Care Call,2026-03-22 16:47:14
TC-338907,Customer_338907,subscriber_338907@telecom-domain.com,Comcast - Diversified Consultants,"Subscriber report regarding Comcast - Diversified Consultants. Filing Channel: Internet. Location: Bozeman, Montana. Current Resolution Status: Solved.",Service Request,Medium,Frustrated,Solved,Bozeman,Montana,Internet,2026-05-05 06:54:14
TC-371186,Customer_371186,subscriber_371186@telecom-domain.com,COMCAST BILLING FOR LAST @18 mos for services they are unable or unwilling to provide,"Subscriber report regarding COMCAST BILLING FOR LAST @18 mos for services they are unable or unwilling to provide. Filing Channel: Internet. Location: Braintree, Massachusetts. Current Resolution Status: Open.",Billing Dispute,Medium,Frustrated,Open,Braintree,Massachusetts,Internet,2026-07-16 03:30:14
TC-228369,Customer_228369,subscriber_228369@telecom-domain.com,Comcast blocks HBO GO on PS4,"Subscriber report regarding Comcast blocks HBO GO on PS4. Filing Channel: Customer Care Call. Location: Brandon, Mississippi. Current Resolution Status: Solved.",Service Request,Medium,Frustrated,Solved,Brandon,Mississippi,Customer Care Call,2026-07-04 08:54:14
TC-329488,Customer_329488,subscriber_329488@telecom-domain.com,Comcast data usage charges,"Subscriber report regarding Comcast data usage charges. Filing Channel: Customer Care Call. Location: Brandon, Mississippi. Current Resolution Status: Solved.",Data / Usage Issue,Medium,Negative,Solved,Brandon,Mississippi,Customer Care Call,2026-07-25 07:06:14
TC-358865,Customer_358865,subscriber_358865@telecom-domain.com,Comcast Bandwidth Billing Issue,"Subscriber report regarding Comcast Bandwidth Billing Issue. Filing Channel: Customer Care Call. Location: Brandon, Mississippi. Current Resolution Status: Solved.",Billing Dispute,High,Negative,Solved,Brandon,Mississippi,Customer Care Call,2026-07-01 14:01:14
TC-362663,Customer_362663,subscriber_362663@telecom-domain.com,Comcast Internet speeds,"Subscriber report regarding Comcast Internet speeds. Filing Channel: Internet. Location: Branford, Connecticut. Current Resolution Status: Solved.",Broadband Performance,Medium,Frustrated,Solved,Branford,Connecticut,Internet,2026-07-19 14:43:14
TC-235817,Customer_235817,subscriber_235817@telecom-domain.com,Comcast slow internet service,"Subscriber report regarding Comcast slow internet service. Filing Channel: Internet. Location: Braselton, Georgia. Current Resolution Status: Solved.",Broadband Performance,Medium,Negative,Solved,Braselton,Georgia,Internet,2026-04-16 22:38:14
TC-354359,Customer_354359,subscriber_354359@telecom-domain.com,Comcast Slow Internet,"Subscriber report regarding Comcast Slow Internet. Filing Channel: Customer Care Call. Location: Brentwood, California. Current Resolution Status: Open.",Broadband Performance,Medium,Negative,Open,Brentwood,California,Customer Care Call,2026-02-24 01:40:14
TC-316562,Customer_316562,subscriber_316562@telecom-domain.com,Comcast internet freezes up,"Subscriber report regarding Comcast internet freezes up. Filing Channel: Internet. Location: Brentwood, Tennessee. Current Resolution Status: Solved.",Service Request,Medium,Frustrated,Solved,Brentwood,Tennessee,Internet,2026-04-04 21:06:14
TC-283105,Customer_283105,subscriber_283105@telecom-domain.com,Comcast changed my account plan after i said no about 2-3 times,"Subscriber report regarding Comcast changed my account plan after i said no about 2-3 times. Filing Channel: Internet. Location: Brick, New Jersey. Current Resolution Status: Solved.",Service Request,Medium,Frustrated,Solved,Brick,New Jersey,Internet,2026-02-24 05:32:14
TC-358373,Customer_358373,subscriber_358373@telecom-domain.com,lack of service from comcast,"Subscriber report regarding lack of service from comcast. Filing Channel: Customer Care Call. Location: Brick, New Jersey. Current Resolution Status: Open.",Service Request,Medium,Frustrated,Open,Brick,New Jersey,Customer Care Call,2026-07-10 12:28:14
TC-360353,Customer_360353,subscriber_360353@telecom-domain.com,Comcast,"Subscriber report regarding Comcast. Filing Channel: Customer Care Call. Location: Brick, New Jersey. Current Resolution Status: Solved.",Service Request,Medium,Frustrated,Solved,Brick,New Jersey,Customer Care Call,2026-06-20 13:55:14
TC-360370,Customer_360370,subscriber_360370@telecom-domain.com,Comcast,"Subscriber report regarding Comcast. Filing Channel: Internet. Location: Brick, New Jersey. Current Resolution Status: Solved.",Service Request,Medium,Frustrated,Solved,Brick,New Jersey,Internet,2026-07-27 19:57:14
TC-360980,Customer_360980,subscriber_360980@telecom-domain.com,credit for service outage 6/23/15,"Subscriber report regarding credit for service outage 6/23/15. Filing Channel: Internet. Location: Brick, New Jersey. Current Resolution Status: Solved.",Billing Dispute,High,Angry,Solved,Brick,New Jersey,Internet,2026-03-18 13:45:14
TC-300066,Customer_300066,subscriber_300066@telecom-domain.com,Unauthorized billing,"Subscriber report regarding Unauthorized billing. Filing Channel: Customer Care Call. Location: Brier, Washington. Current Resolution Status: Solved.",Billing Dispute,Medium,Frustrated,Solved,Brier,Washington,Customer Care Call,2026-05-29 12:36:14
TC-257589,Customer_257589,subscriber_257589@telecom-domain.com,Billing overcharges,"Subscriber report regarding Billing overcharges. Filing Channel: Customer Care Call. Location: Brigantine, New Jersey. Current Resolution Status: Solved.",Billing Dispute,High,Negative,Solved,Brigantine,New Jersey,Customer Care Call,2026-06-09 15:03:14
TC-358720,Customer_358720,subscriber_358720@telecom-domain.com,internet/phone,"Subscriber report regarding internet/phone. Filing Channel: Internet. Location: Brighton, Colorado. Current Resolution Status: Solved.",Call Drops,Medium,Frustrated,Solved,Brighton,Colorado,Internet,2026-05-28 19:35:14
TC-370683,Customer_370683,subscriber_370683@telecom-domain.com,Comcast Throttling My Internet,"Subscriber report regarding Comcast Throttling My Internet. Filing Channel: Customer Care Call. Location: Brighton, Colorado. Current Resolution Status: Open.",Broadband Performance,Medium,Frustrated,Open,Brighton,Colorado,Customer Care Call,2026-03-24 21:59:14
TC-214442,Customer_214442,subscriber_214442@telecom-domain.com,Double billing from Comcast,"Subscriber report regarding Double billing from Comcast. Filing Channel: Customer Care Call. Location: Brighton, Michigan. Current Resolution Status: Solved.",Billing Dispute,Medium,Frustrated,Solved,Brighton,Michigan,Customer Care Call,2026-08-06 11:54:14
TC-255005,Customer_255005,subscriber_255005@telecom-domain.com,Billing Over Charges,"Subscriber report regarding Billing Over Charges. Filing Channel: Internet. Location: Brighton, Michigan. Current Resolution Status: Solved.",Billing Dispute,High,Negative,Solved,Brighton,Michigan,Internet,2026-04-04 05:31:14
TC-358608,Customer_358608,subscriber_358608@telecom-domain.com,Internet Only,"Subscriber report regarding Internet Only. Filing Channel: Customer Care Call. Location: Bristol, Connecticut. Current Resolution Status: Solved.",Service Request,Medium,Frustrated,Solved,Bristol,Connecticut,Customer Care Call,2026-07-27 03:37:14
TC-264505,Customer_264505,subscriber_264505@telecom-domain.com,Continuing overcharges,"Subscriber report regarding Continuing overcharges. Filing Channel: Customer Care Call. Location: Bristol, Pennsylvania. Current Resolution Status: Solved.",Billing Dispute,High,Negative,Solved,Bristol,Pennsylvania,Customer Care Call,2026-07-19 23:33:14
TC-308086,Customer_308086,subscriber_308086@telecom-domain.com,Home Security Forgery/Fraud,"Subscriber report regarding Home Security Forgery/Fraud. Filing Channel: Internet. Location: Broadlands, Virginia. Current Resolution Status: Solved.",Service Request,High,Angry,Solved,Broadlands,Virginia,Internet,2026-06-11 03:14:14
TC-355113,Customer_355113,subscriber_355113@telecom-domain.com,2+ Day Degraded Services,"Subscriber report regarding 2+ Day Degraded Services. Filing Channel: Internet. Location: Broadway, Virginia. Current Resolution Status: Solved.",Service Request,Medium,Frustrated,Solved,Broadway,Virginia,Internet,2026-07-08 22:12:14
TC-363585,Customer_363585,subscriber_363585@telecom-domain.com,Internet Bill too high,"Subscriber report regarding Internet Bill too high. Filing Channel: Customer Care Call. Location: Brockton, Massachusetts. Current Resolution Status: Solved.",Billing Dispute,Medium,Frustrated,Solved,Brockton,Massachusetts,Customer Care Call,2026-07-24 10:57:14
TC-365533,Customer_365533,subscriber_365533@telecom-domain.com,Over paying for my Comcast Services,"Subscriber report regarding Over paying for my Comcast Services. Filing Channel: Internet. Location: Brockton, Massachusetts. Current Resolution Status: Solved.",Service Request,Medium,Frustrated,Solved,Brockton,Massachusetts,Internet,2026-05-11 11:36:14
TC-294208,Customer_294208,subscriber_294208@telecom-domain.com,Fees not disclosed before service was installed,"Subscriber report regarding Fees not disclosed before service was installed. Filing Channel: Internet. Location: Brookhaven, Georgia. Current Resolution Status: Solved.",Billing Dispute,Medium,Frustrated,Solved,Brookhaven,Georgia,Internet,2026-07-29 18:56:14
TC-364429,Customer_364429,subscriber_364429@telecom-domain.com,comcast service,"Subscriber report regarding comcast service. Filing Channel: Customer Care Call. Location: Brookhaven, Pennsylvania. Current Resolution Status: Solved.",Service Request,Medium,Frustrated,Solved,Brookhaven,Pennsylvania,Customer Care Call,2026-08-05 02:16:14
TC-364278,Customer_364278,subscriber_364278@telecom-domain.com,Poor customer service,"Subscriber report regarding Poor customer service. Filing Channel: Customer Care Call. Location: Brookhaven, Pennsylvania. Current Resolution Status: Solved.",Customer Service,Medium,Frustrated,Solved,Brookhaven,Pennsylvania,Customer Care Call,2026-04-24 15:16:14
TC-257067,Customer_257067,subscriber_257067@telecom-domain.com,Billed for service never received,"Subscriber report regarding Billed for service never received. Filing Channel: Customer Care Call. Location: Brookline, Massachusetts. Current Resolution Status: Solved.",Billing Dispute,Medium,Frustrated,Solved,Brookline,Massachusetts,Customer Care Call,2026-06-10 15:16:14
TC-329486,Customer_329486,subscriber_329486@telecom-domain.com,Comcast,"Subscriber report regarding Comcast. Filing Channel: Customer Care Call. Location: Brookline, Massachusetts. Current Resolution Status: Solved.",Service Request,Medium,Frustrated,Solved,Brookline,Massachusetts,Customer Care Call,2026-05-07 10:28:14
TC-255676,Customer_255676,subscriber_255676@telecom-domain.com,disrupted internet service,"Subscriber report regarding disrupted internet service. Filing Channel: Internet. Location: Broomfield, Colorado. Current Resolution Status: Solved.",Service Request,Medium,Frustrated,Solved,Broomfield,Colorado,Internet,2026-07-04 15:21:14
TC-361430,Customer_361430,subscriber_361430@telecom-domain.com,Comcast Billing / Speed Issues,"Subscriber report regarding Comcast Billing / Speed Issues. Filing Channel: Internet. Location: Broomfield, Colorado. Current Resolution Status: Pending.",Billing Dispute,High,Negative,Pending,Broomfield,Colorado,Internet,2026-06-06 19:15:14
TC-362230,Customer_362230,subscriber_362230@telecom-domain.com,Have to bundle services to get advertised proce.,"Subscriber report regarding Have to bundle services to get advertised proce.. Filing Channel: Customer Care Call. Location: Broomfield, Colorado. Current Resolution Status: Solved.",Service Request,Medium,Frustrated,Solved,Broomfield,Colorado,Customer Care Call,2026-05-31 05:15:14
TC-367225,Customer_367225,subscriber_367225@telecom-domain.com,Comcast policies,"Subscriber report regarding Comcast policies. Filing Channel: Internet. Location: Broomfield, Colorado. Current Resolution Status: Open.",Service Request,Medium,Frustrated,Open,Broomfield,Colorado,Internet,2026-06-03 13:41:14
TC-370637,Customer_370637,subscriber_370637@telecom-domain.com,Internet Throttling,"Subscriber report regarding Internet Throttling. Filing Channel: Internet. Location: Broomfield, Colorado. Current Resolution Status: Pending.",Broadband Performance,Medium,Frustrated,Pending,Broomfield,Colorado,Internet,2026-04-04 04:24:14
TC-370930,Customer_370930,subscriber_370930@telecom-domain.com,Unfair Billing Practices,"Subscriber report regarding Unfair Billing Practices. Filing Channel: Internet. Location: Broomfield, Colorado. Current Resolution Status: Solved.",Billing Dispute,Medium,Frustrated,Solved,Broomfield,Colorado,Internet,2026-08-15 08:42:14
TC-233950,Customer_233950,subscriber_233950@telecom-domain.com,Cocmast billing issues,"Subscriber report regarding Cocmast billing issues. Filing Channel: Internet. Location: Brunswick, Georgia. Current Resolution Status: Solved.",Billing Dispute,High,Negative,Solved,Brunswick,Georgia,Internet,2026-08-12 05:54:14
TC-346447,Customer_346447,subscriber_346447@telecom-domain.com,Comcast service that didn't work,"Subscriber report regarding Comcast service that didn't work. Filing Channel: Customer Care Call. Location: Brunswick, Georgia. Current Resolution Status: Solved.",Service Request,Medium,Frustrated,Solved,Brunswick,Georgia,Customer Care Call,2026-06-02 09:52:14
TC-360896,Customer_360896,subscriber_360896@telecom-domain.com,Data Limit,"Subscriber report regarding Data Limit. Filing Channel: Customer Care Call. Location: Brunswick, Maine. Current Resolution Status: Solved.",Data / Usage Issue,Medium,Frustrated,Solved,Brunswick,Maine,Customer Care Call,2026-07-24 09:52:14
TC-358891,Customer_358891,subscriber_358891@telecom-domain.com,Pricing is not competive,"Subscriber report regarding Pricing is not competive. Filing Channel: Customer Care Call. Location: Buford, Georgia. Current Resolution Status: Solved.",Billing Dispute,Medium,Frustrated,Solved,Buford,Georgia,Customer Care Call,2026-07-16 07:49:14
TC-358669,Customer_358669,subscriber_358669@telecom-domain.com,comcast billing practices-unfair,"Subscriber report regarding comcast billing practices-unfair. Filing Channel: Customer Care Call. Location: Buford, Georgia. Current Resolution Status: Pending.",Billing Dispute,Medium,Frustrated,Pending,Buford,Georgia,Customer Care Call,2026-04-04 06:57:14
TC-337181,Customer_337181,subscriber_337181@telecom-domain.com,Comcast,"Subscriber report regarding Comcast. Filing Channel: Customer Care Call. Location: Burien, Washington. Current Resolution Status: Solved.",Service Request,Medium,Frustrated,Solved,Burien,Washington,Customer Care Call,2026-05-29 12:32:14
TC-369878,Customer_369878,subscriber_369878@telecom-domain.com,Slow Internet,"Subscriber report regarding Slow Internet. Filing Channel: Customer Care Call. Location: Burlington, Vermont. Current Resolution Status: Solved.",Broadband Performance,Medium,Negative,Solved,Burlington,Vermont,Customer Care Call,2026-03-14 01:08:14
TC-275759,Customer_275759,subscriber_275759@telecom-domain.com,Internet Service,"Subscriber report regarding Internet Service. Filing Channel: Customer Care Call. Location: Burlington, West Virginia. Current Resolution Status: Solved.",Service Request,Medium,Frustrated,Solved,Burlington,West Virginia,Customer Care Call,2026-07-23 01:13:14
TC-258369,Customer_258369,subscriber_258369@telecom-domain.com,Xfinity False Advertisement,"Subscriber report regarding Xfinity False Advertisement. Filing Channel: Customer Care Call. Location: Burnsville, Minnesota. Current Resolution Status: Solved.",Service Request,Medium,Frustrated,Solved,Burnsville,Minnesota,Customer Care Call,2026-05-22 13:05:14
TC-362348,Customer_362348,subscriber_362348@telecom-domain.com,"Comcast - constantly low speeds, 'miscommunication' about billing errors. Not responding to complaints.","Subscriber report regarding Comcast - constantly low speeds, 'miscommunication' about billing errors. Not responding to complaints.. Filing Channel: Internet. Location: Burnsville, Minnesota. Current Resolution Status: Solved.",Billing Dispute,Medium,Frustrated,Solved,Burnsville,Minnesota,Internet,2026-06-08 08:45:14
TC-265612,Customer_265612,subscriber_265612@telecom-domain.com,Comcast HBO-Go Application and Sony Products,"Subscriber report regarding Comcast HBO-Go Application and Sony Products. Filing Channel: Internet. Location: Burr Ridge, Illinois. Current Resolution Status: Solved.",Service Request,Medium,Frustrated,Solved,Burr Ridge,Illinois,Internet,2026-07-19 00:34:14
TC-249466,Customer_249466,subscriber_249466@telecom-domain.com,Never resolved problem with Comcast,"Subscriber report regarding Never resolved problem with Comcast. Filing Channel: Internet. Location: Burr Ridge, Illinois. Current Resolution Status: Open.",Service Request,Medium,Negative,Open,Burr Ridge,Illinois,Internet,2026-03-25 12:09:14
TC-276254,Customer_276254,subscriber_276254@telecom-domain.com,Slow Speed with the entire connection,"Subscriber report regarding Slow Speed with the entire connection. Filing Channel: Internet. Location: Buzzards Bay, Massachusetts. Current Resolution Status: Solved.",Broadband Performance,Medium,Negative,Solved,Buzzards Bay,Massachusetts,Internet,2026-07-03 16:48:14
TC-360678,Customer_360678,subscriber_360678@telecom-domain.com,Comcast Possibly Throttling my Internet,"Subscriber report regarding Comcast Possibly Throttling my Internet. Filing Channel: Internet. Location: Camas, Washington. Current Resolution Status: Solved.",Broadband Performance,Medium,Frustrated,Solved,Camas,Washington,Internet,2026-05-05 05:53:14
TC-232947,Customer_232947,subscriber_232947@telecom-domain.com,Comcast sucks,"Subscriber report regarding Comcast sucks. Filing Channel: Internet. Location: Cambridge, Maryland. Current Resolution Status: Solved.",Service Request,Medium,Frustrated,Solved,Cambridge,Maryland,Internet,2026-07-17 22:13:14
TC-223515,Customer_223515,subscriber_223515@telecom-domain.com,"Issues with Comcast regarding service, billing, etc","Subscriber report regarding Issues with Comcast regarding service, billing, etc. Filing Channel: Customer Care Call. Location: Cambridge, Massachusetts. Current Resolution Status: Solved.",Billing Dispute,High,Negative,Solved,Cambridge,Massachusetts,Customer Care Call,2026-03-31 04:37:14
TC-250591,Customer_250591,subscriber_250591@telecom-domain.com,Internet/TV Billing,"Subscriber report regarding Internet/TV Billing. Filing Channel: Internet. Location: Cambridge, Massachusetts. Current Resolution Status: Solved.",Billing Dispute,Medium,Frustrated,Solved,Cambridge,Massachusetts,Internet,2026-02-22 09:09:14
TC-301085,Customer_301085,subscriber_301085@telecom-domain.com,difficulty to cancel services before moving,"Subscriber report regarding difficulty to cancel services before moving. Filing Channel: Internet. Location: Cambridge, Massachusetts. Current Resolution Status: Solved.",Cancellation,Medium,Frustrated,Solved,Cambridge,Massachusetts,Internet,2026-05-28 04:31:14
TC-340458,Customer_340458,subscriber_340458@telecom-domain.com,Comcast Incompetence/Lies/Robbery,"Subscriber report regarding Comcast Incompetence/Lies/Robbery. Filing Channel: Customer Care Call. Location: Cambridge, Massachusetts. Current Resolution Status: Open.",Service Request,Medium,Frustrated,Open,Cambridge,Massachusetts,Customer Care Call,2026-08-11 14:27:14
TC-357799,Customer_357799,subscriber_357799@telecom-domain.com,"Comcast is ""forcing"" bundles on me while silently raising my bill","Subscriber report regarding Comcast is ""forcing"" bundles on me while silently raising my bill. Filing Channel: Customer Care Call. Location: Cambridge, Massachusetts. Current Resolution Status: Solved.",Billing Dispute,Medium,Frustrated,Solved,Cambridge,Massachusetts,Customer Care Call,2026-08-03 18:56:14
TC-363493,Customer_363493,subscriber_363493@telecom-domain.com,Internet Slowdown,"Subscriber report regarding Internet Slowdown. Filing Channel: Customer Care Call. Location: Cambridge, Massachusetts. Current Resolution Status: Solved.",Broadband Performance,High,Angry,Solved,Cambridge,Massachusetts,Customer Care Call,2026-04-20 09:45:14
TC-365561,Customer_365561,subscriber_365561@telecom-domain.com,Comcast price,"Subscriber report regarding Comcast price. Filing Channel: Customer Care Call. Location: Cambridge, Massachusetts. Current Resolution Status: Solved.",Billing Dispute,Medium,Frustrated,Solved,Cambridge,Massachusetts,Customer Care Call,2026-04-07 03:22:14
TC-351820,Customer_351820,subscriber_351820@telecom-domain.com,Comcast fails to fulfill request for Internet service,"Subscriber report regarding Comcast fails to fulfill request for Internet service. Filing Channel: Internet. Location: Camino, California. Current Resolution Status: Open.",Service Request,Medium,Negative,Open,Camino,California,Internet,2026-04-21 19:58:14
TC-315997,Customer_315997,subscriber_315997@telecom-domain.com,Hidden Product Installation Fee,"Subscriber report regarding Hidden Product Installation Fee. Filing Channel: Customer Care Call. Location: Camp Hill, Pennsylvania. Current Resolution Status: Solved.",Billing Dispute,Medium,Frustrated,Solved,Camp Hill,Pennsylvania,Customer Care Call,2026-07-08 23:21:14
TC-354888,Customer_354888,subscriber_354888@telecom-domain.com,2 months and Comcast has not fixed problem,"Subscriber report regarding 2 months and Comcast has not fixed problem. Filing Channel: Internet. Location: Cane Ridge, Tennessee. Current Resolution Status: Solved.",Service Request,Medium,Negative,Solved,Cane Ridge,Tennessee,Internet,2026-07-03 13:08:14
TC-322409,Customer_322409,subscriber_322409@telecom-domain.com,FCC Complaint against comcast/xfinity on providing false information.,"Subscriber report regarding FCC Complaint against comcast/xfinity on providing false information.. Filing Channel: Customer Care Call. Location: Canonsburg, Pennsylvania. Current Resolution Status: Solved.",Service Request,Medium,Frustrated,Solved,Canonsburg,Pennsylvania,Customer Care Call,2026-06-16 14:04:14
TC-300123,Customer_300123,subscriber_300123@telecom-domain.com,Comcast internet,"Subscriber report regarding Comcast internet. Filing Channel: Customer Care Call. Location: Canton, Georgia. Current Resolution Status: Open.",Service Request,Medium,Frustrated,Open,Canton,Georgia,Customer Care Call,2026-04-29 00:08:14
TC-300124,Customer_300124,subscriber_300124@telecom-domain.com,Comcast internet,"Subscriber report regarding Comcast internet. Filing Channel: Internet. Location: Canton, Georgia. Current Resolution Status: Solved.",Service Request,Medium,Frustrated,Solved,Canton,Georgia,Internet,2026-03-13 19:59:14
TC-306406,Customer_306406,subscriber_306406@telecom-domain.com,service issues,"Subscriber report regarding service issues. Filing Channel: Customer Care Call. Location: Canton, Georgia. Current Resolution Status: Solved.",Service Request,Medium,Negative,Solved,Canton,Georgia,Customer Care Call,2026-04-21 02:38:14
TC-309491,Customer_309491,subscriber_309491@telecom-domain.com,Comcast Xfinity 300G over charge,"Subscriber report regarding Comcast Xfinity 300G over charge. Filing Channel: Customer Care Call. Location: Canton, Georgia. Current Resolution Status: Solved.",Billing Dispute,High,Negative,Solved,Canton,Georgia,Customer Care Call,2026-04-12 05:06:14
TC-321367,Customer_321367,subscriber_321367@telecom-domain.com,Internet Availability,"Subscriber report regarding Internet Availability. Filing Channel: Customer Care Call. Location: Canton, Georgia. Current Resolution Status: Solved.",Service Request,Medium,Frustrated,Solved,Canton,Georgia,Customer Care Call,2026-06-17 04:26:14
TC-321463,Customer_321463,subscriber_321463@telecom-domain.com,Comcast Usage Caps,"Subscriber report regarding Comcast Usage Caps. Filing Channel: Customer Care Call. Location: Canton, Georgia. Current Resolution Status: Solved.",Data / Usage Issue,Medium,Negative,Solved,Canton,Georgia,Customer Care Call,2026-06-10 07:33:14
TC-323066,Customer_323066,subscriber_323066@telecom-domain.com,Comcast Data Usage Caps,"Subscriber report regarding Comcast Data Usage Caps. Filing Channel: Internet. Location: Canton, Georgia. Current Resolution Status: Solved.",Data / Usage Issue,Medium,Negative,Solved,Canton,Georgia,Internet,2026-08-12 12:35:14
TC-360511,Customer_360511,subscriber_360511@telecom-domain.com,Data Caps and the Extortion Methods of Comcast,"Subscriber report regarding Data Caps and the Extortion Methods of Comcast. Filing Channel: Customer Care Call. Location: Canton, Georgia. Current Resolution Status: Solved.",Data / Usage Issue,Medium,Negative,Solved,Canton,Georgia,Customer Care Call,2026-07-03 04:27:14
TC-260759,Customer_260759,subscriber_260759@telecom-domain.com,No internet service,"Subscriber report regarding No internet service. Filing Channel: Internet. Location: Canton, Michigan. Current Resolution Status: Solved.",Service Request,Medium,Frustrated,Solved,Canton,Michigan,Internet,2026-07-30 21:36:14
TC-216625,Customer_216625,subscriber_216625@telecom-domain.com,No service,"Subscriber report regarding No service. Filing Channel: Internet. Location: Canton, Michigan. Current Resolution Status: Solved.",Service Outage,Medium,Frustrated,Solved,Canton,Michigan,Internet,2026-03-20 17:18:14
TC-362490,Customer_362490,subscriber_362490@telecom-domain.com,Billing discrepencies and service termination hurdles,"Subscriber report regarding Billing discrepencies and service termination hurdles. Filing Channel: Internet. Location: Canton, Michigan. Current Resolution Status: Solved.",Billing Dispute,Medium,Frustrated,Solved,Canton,Michigan,Internet,2026-08-09 00:02:14
TC-358063,Customer_358063,subscriber_358063@telecom-domain.com,Billing & Data Usage,"Subscriber report regarding Billing & Data Usage. Filing Channel: Internet. Location: Canton, Mississippi. Current Resolution Status: Solved.",Data / Usage Issue,Medium,Frustrated,Solved,Canton,Mississippi,Internet,2026-08-10 00:33:14
TC-253400,Customer_253400,subscriber_253400@telecom-domain.com,"Bait and switch, unfulfilled incentives","Subscriber report regarding Bait and switch, unfulfilled incentives. Filing Channel: Internet. Location: Carbondale, Colorado. Current Resolution Status: Solved.",Service Request,Medium,Frustrated,Solved,Carbondale,Colorado,Internet,2026-08-05 19:53:14
TC-361104,Customer_361104,subscriber_361104@telecom-domain.com,internet speed,"Subscriber report regarding internet speed. Filing Channel: Customer Care Call. Location: Carlisle, Pennsylvania. Current Resolution Status: Solved.",Broadband Performance,Medium,Frustrated,Solved,Carlisle,Pennsylvania,Customer Care Call,2026-06-24 03:54:14
TC-240138,Customer_240138,subscriber_240138@telecom-domain.com,Comcast wont refund me for over charge,"Subscriber report regarding Comcast wont refund me for over charge. Filing Channel: Customer Care Call. Location: Carlsbad, California. Current Resolution Status: Solved.",Billing Dispute,High,Negative,Solved,Carlsbad,California,Customer Care Call,2026-06-25 03:55:14
TC-350243,Customer_350243,subscriber_350243@telecom-domain.com,comcast internet debacle,"Subscriber report regarding comcast internet debacle. Filing Channel: Internet. Location: Carlton, Oregon. Current Resolution Status: Solved.",Service Request,Medium,Frustrated,Solved,Carlton,Oregon,Internet,2026-06-14 21:42:14
TC-363169,Customer_363169,subscriber_363169@telecom-domain.com,Price and performance manipulation by Comcast for ISP,"Subscriber report regarding Price and performance manipulation by Comcast for ISP. Filing Channel: Customer Care Call. Location: Carmel, California. Current Resolution Status: Open.",Billing Dispute,Medium,Frustrated,Open,Carmel,California,Customer Care Call,2026-05-14 17:42:14
TC-236498,Customer_236498,subscriber_236498@telecom-domain.com,Complaint against Comcast,"Subscriber report regarding Complaint against Comcast. Filing Channel: Internet. Location: Carmichael, California. Current Resolution Status: Solved.",Service Request,Medium,Frustrated,Solved,Carmichael,California,Internet,2026-02-21 10:39:14
TC-295722,Customer_295722,subscriber_295722@telecom-domain.com,Comcast Internet Speed,"Subscriber report regarding Comcast Internet Speed. Filing Channel: Customer Care Call. Location: Carpentersville, Illinois. Current Resolution Status: Solved.",Broadband Performance,Medium,Frustrated,Solved,Carpentersville,Illinois,Customer Care Call,2026-03-20 19:55:14
TC-339682,Customer_339682,subscriber_339682@telecom-domain.com,Comcast complaint,"Subscriber report regarding Comcast complaint. Filing Channel: Customer Care Call. Location: Carteret, New Jersey. Current Resolution Status: Solved.",Service Request,Medium,Frustrated,Solved,Carteret,New Jersey,Customer Care Call,2026-04-11 11:06:14
TC-229565,Customer_229565,subscriber_229565@telecom-domain.com,Data Caps,"Subscriber report regarding Data Caps. Filing Channel: Internet. Location: Cartersville, Georgia. Current Resolution Status: Solved.",Data / Usage Issue,Medium,Negative,Solved,Cartersville,Georgia,Internet,2026-03-02 16:51:14
TC-255045,Customer_255045,subscriber_255045@telecom-domain.com,comcast unwilling to resolve data usage issue,"Subscriber report regarding comcast unwilling to resolve data usage issue. Filing Channel: Customer Care Call. Location: Cartersville, Georgia. Current Resolution Status: Solved.",Data / Usage Issue,Medium,Negative,Solved,Cartersville,Georgia,Customer Care Call,2026-06-01 07:37:14
TC-255050,Customer_255050,subscriber_255050@telecom-domain.com,comcast unwilling to resolve data usage issue,"Subscriber report regarding comcast unwilling to resolve data usage issue. Filing Channel: Internet. Location: Cartersville, Georgia. Current Resolution Status: Solved.",Data / Usage Issue,Medium,Negative,Solved,Cartersville,Georgia,Internet,2026-04-14 16:43:14
TC-258943,Customer_258943,subscriber_258943@telecom-domain.com,comcast data cap,"Subscriber report regarding comcast data cap. Filing Channel: Internet. Location: Cartersville, Georgia. Current Resolution Status: Solved.",Data / Usage Issue,Medium,Frustrated,Solved,Cartersville,Georgia,Internet,2026-05-30 06:37:14
TC-263893,Customer_263893,subscriber_263893@telecom-domain.com,Comcast Data usage meter,"Subscriber report regarding Comcast Data usage meter. Filing Channel: Internet. Location: Cartersville, Georgia. Current Resolution Status: Solved.",Data / Usage Issue,Medium,Frustrated,Solved,Cartersville,Georgia,Internet,2026-07-03 21:42:14
TC-374487,Customer_374487,subscriber_374487@telecom-domain.com,Comcast Internet Data Cap LIES,"Subscriber report regarding Comcast Internet Data Cap LIES. Filing Channel: Customer Care Call. Location: Cartersville, Georgia. Current Resolution Status: Pending.",Data / Usage Issue,Medium,Frustrated,Pending,Cartersville,Georgia,Customer Care Call,2026-04-22 06:02:14
TC-221430,Customer_221430,subscriber_221430@telecom-domain.com,"Comcast promised $60 a month no fees, charged $70 + $8 in fees","Subscriber report regarding Comcast promised $60 a month no fees, charged $70 + $8 in fees. Filing Channel: Internet. Location: Castro Valley, California. Current Resolution Status: Solved.",Billing Dispute,High,Negative,Solved,Castro Valley,California,Internet,2026-04-17 07:30:14
TC-279279,Customer_279279,subscriber_279279@telecom-domain.com,Comcast Cable connection from street is underwater and structure is too high,"Subscriber report regarding Comcast Cable connection from street is underwater and structure is too high. Filing Channel: Internet. Location: Castro Valley, California. Current Resolution Status: Open.",Service Request,Medium,Frustrated,Open,Castro Valley,California,Internet,2026-02-22 13:24:14
TC-319702,Customer_319702,subscriber_319702@telecom-domain.com,West Coast Service Issues - Comcast,"Subscriber report regarding West Coast Service Issues - Comcast. Filing Channel: Customer Care Call. Location: Cazadero, California. Current Resolution Status: Solved.",Service Request,Medium,Negative,Solved,Cazadero,California,Customer Care Call,2026-06-04 13:05:14
TC-369455,Customer_369455,subscriber_369455@telecom-domain.com,Comcast refuses to uhold contract for 2 years phone/internet,"Subscriber report regarding Comcast refuses to uhold contract for 2 years phone/internet. Filing Channel: Customer Care Call. Location: Cazadero, California. Current Resolution Status: Pending.",Call Drops,High,Angry,Pending,Cazadero,California,Customer Care Call,2026-04-03 12:28:14
TC-362901,Customer_362901,subscriber_362901@telecom-domain.com,Comcast business internet is much more expensive that home internet.,"Subscriber report regarding Comcast business internet is much more expensive that home internet.. Filing Channel: Internet. Location: Centennial, Colorado. Current Resolution Status: Solved.",Service Request,Medium,Frustrated,Solved,Centennial,Colorado,Internet,2026-05-03 15:54:14
TC-357454,Customer_357454,subscriber_357454@telecom-domain.com,Comcast Internet Usage Cap,"Subscriber report regarding Comcast Internet Usage Cap. Filing Channel: Internet. Location: Central City, Kentucky. Current Resolution Status: Solved.",Data / Usage Issue,Medium,Frustrated,Solved,Central City,Kentucky,Internet,2026-07-03 01:51:14
TC-316295,Customer_316295,subscriber_316295@telecom-domain.com,Comcast poor service,"Subscriber report regarding Comcast poor service. Filing Channel: Customer Care Call. Location: Ceresco, Michigan. Current Resolution Status: Solved.",Service Request,Medium,Frustrated,Solved,Ceresco,Michigan,Customer Care Call,2026-04-21 16:31:14
TC-293621,Customer_293621,subscriber_293621@telecom-domain.com,Comcast Corporation Data Caps,"Subscriber report regarding Comcast Corporation Data Caps. Filing Channel: Customer Care Call. Location: Chamblee, Georgia. Current Resolution Status: Solved.",Data / Usage Issue,Medium,Negative,Solved,Chamblee,Georgia,Customer Care Call,2026-05-09 13:19:14
TC-353861,Customer_353861,subscriber_353861@telecom-domain.com,comcast throttling my internet service,"Subscriber report regarding comcast throttling my internet service. Filing Channel: Customer Care Call. Location: Champaign, Illinois. Current Resolution Status: Pending.",Broadband Performance,Medium,Frustrated,Pending,Champaign,Illinois,Customer Care Call,2026-03-27 12:45:14
TC-219355,Customer_219355,subscriber_219355@telecom-domain.com,billing/service issues,"Subscriber report regarding billing/service issues. Filing Channel: Customer Care Call. Location: Charleston, South Carolina. Current Resolution Status: Solved.",Billing Dispute,High,Negative,Solved,Charleston,South Carolina,Customer Care Call,2026-04-14 14:12:14
TC-244252,Customer_244252,subscriber_244252@telecom-domain.com,Unethical Charges,"Subscriber report regarding Unethical Charges. Filing Channel: Customer Care Call. Location: Charleston, South Carolina. Current Resolution Status: Solved.",Billing Dispute,High,Negative,Solved,Charleston,South Carolina,Customer Care Call,2026-05-13 16:49:14
TC-327188,Customer_327188,subscriber_327188@telecom-domain.com,Comcast Data Cap,"Subscriber report regarding Comcast Data Cap. Filing Channel: Customer Care Call. Location: Charleston, South Carolina. Current Resolution Status: Solved.",Data / Usage Issue,Medium,Frustrated,Solved,Charleston,South Carolina,Customer Care Call,2026-06-24 16:50:14
TC-327649,Customer_327649,subscriber_327649@telecom-domain.com,Comcast wrongfully autodrafted a final bill that was not yet adjusted,"Subscriber report regarding Comcast wrongfully autodrafted a final bill that was not yet adjusted. Filing Channel: Customer Care Call. Location: Charleston, South Carolina. Current Resolution Status: Solved.",Billing Dispute,Medium,Frustrated,Solved,Charleston,South Carolina,Customer Care Call,2026-04-27 13:46:14
TC-327672,Customer_327672,subscriber_327672@telecom-domain.com,Comcast Internet,"Subscriber report regarding Comcast Internet. Filing Channel: Internet. Location: Charleston, South Carolina. Current Resolution Status: Open.",Service Request,Medium,Frustrated,Open,Charleston,South Carolina,Internet,2026-04-22 07:23:14
TC-359201,Customer_359201,subscriber_359201@telecom-domain.com,Comcast data cap at 300GB,"Subscriber report regarding Comcast data cap at 300GB. Filing Channel: Customer Care Call. Location: Charleston, South Carolina. Current Resolution Status: Pending.",Data / Usage Issue,Medium,Frustrated,Pending,Charleston,South Carolina,Customer Care Call,2026-07-05 01:43:14
TC-360047,Customer_360047,subscriber_360047@telecom-domain.com,Internet speeds are throttled,"Subscriber report regarding Internet speeds are throttled. Filing Channel: Customer Care Call. Location: Charleston, South Carolina. Current Resolution Status: Solved.",Broadband Performance,Medium,Frustrated,Solved,Charleston,South Carolina,Customer Care Call,2026-07-25 16:00:14
TC-362066,Customer_362066,subscriber_362066@telecom-domain.com,Complex situation prevents bundling discounts and drives service price up,"Subscriber report regarding Complex situation prevents bundling discounts and drives service price up. Filing Channel: Customer Care Call. Location: Charlottesville, Virginia. Current Resolution Status: Solved.",Billing Dispute,Medium,Frustrated,Solved,Charlottesville,Virginia,Customer Care Call,2026-05-03 21:52:14
TC-360715,Customer_360715,subscriber_360715@telecom-domain.com,Comcast Internet prices & speeds,"Subscriber report regarding Comcast Internet prices & speeds. Filing Channel: Internet. Location: Chaska, Minnesota. Current Resolution Status: Solved.",Billing Dispute,Medium,Frustrated,Solved,Chaska,Minnesota,Internet,2026-07-06 17:20:14
TC-267602,Customer_267602,subscriber_267602@telecom-domain.com,Comcast overcharging,"Subscriber report regarding Comcast overcharging. Filing Channel: Internet. Location: Chatham, New Jersey. Current Resolution Status: Solved.",Service Request,Medium,Frustrated,Solved,Chatham,New Jersey,Internet,2026-03-05 13:48:14
TC-238543,Customer_238543,subscriber_238543@telecom-domain.com,Reimbursement I've never recieved,"Subscriber report regarding Reimbursement I've never recieved. Filing Channel: Customer Care Call. Location: Chelsea, Massachusetts. Current Resolution Status: Solved.",Service Request,Medium,Frustrated,Solved,Chelsea,Massachusetts,Customer Care Call,2026-06-30 05:23:14
TC-346941,Customer_346941,subscriber_346941@telecom-domain.com,constant internet issues,"Subscriber report regarding constant internet issues. Filing Channel: Internet. Location: Chelsea, Massachusetts. Current Resolution Status: Solved.",Service Request,Medium,Negative,Solved,Chelsea,Massachusetts,Internet,2026-06-02 10:28:14
TC-367115,Customer_367115,subscriber_367115@telecom-domain.com,Xfinity,"Subscriber report regarding Xfinity. Filing Channel: Customer Care Call. Location: Cherry Hill, New Jersey. Current Resolution Status: Solved.",Service Request,Medium,Frustrated,Solved,Cherry Hill,New Jersey,Customer Care Call,2026-04-30 18:24:14
TC-367381,Customer_367381,subscriber_367381@telecom-domain.com,Xfinity/Comcast,"Subscriber report regarding Xfinity/Comcast. Filing Channel: Internet. Location: Chesapeake Beach, Maryland. Current Resolution Status: Solved.",Service Request,Medium,Frustrated,Solved,Chesapeake Beach,Maryland,Internet,2026-03-19 06:54:14
TC-234266,Customer_234266,subscriber_234266@telecom-domain.com,Comcast Hard Inquiries,"Subscriber report regarding Comcast Hard Inquiries. Filing Channel: Internet. Location: Chester, Virginia. Current Resolution Status: Solved.",Service Request,Medium,Frustrated,Solved,Chester,Virginia,Internet,2026-07-21 01:55:14
TC-314287,Customer_314287,subscriber_314287@telecom-domain.com,comcast jamming signal,"Subscriber report regarding comcast jamming signal. Filing Channel: Internet. Location: Chester, Virginia. Current Resolution Status: Pending.",Network Connectivity,Medium,Frustrated,Pending,Chester,Virginia,Internet,2026-03-12 20:47:14
TC-262351,Customer_262351,subscriber_262351@telecom-domain.com,Comcast lied to me,"Subscriber report regarding Comcast lied to me. Filing Channel: Customer Care Call. Location: Chesterfield, Virginia. Current Resolution Status: Solved.",Service Request,Medium,Frustrated,Solved,Chesterfield,Virginia,Customer Care Call,2026-08-02 12:45:14
TC-321744,Customer_321744,subscriber_321744@telecom-domain.com,Terrible customer service and process,"Subscriber report regarding Terrible customer service and process. Filing Channel: Customer Care Call. Location: Chesterfield, Virginia. Current Resolution Status: Solved.",Customer Service,High,Angry,Solved,Chesterfield,Virginia,Customer Care Call,2026-02-20 23:57:14
TC-223190,Customer_223190,subscriber_223190@telecom-domain.com,Comcast & HBO GO on PS4,"Subscriber report regarding Comcast & HBO GO on PS4. Filing Channel: Customer Care Call. Location: Chicago, Illinois. Current Resolution Status: Solved.",Service Request,Medium,Frustrated,Solved,Chicago,Illinois,Customer Care Call,2026-02-20 08:28:14
TC-226269,Customer_226269,subscriber_226269@telecom-domain.com,Run around,"Subscriber report regarding Run around. Filing Channel: Internet. Location: Chicago, Illinois. Current Resolution Status: Solved.",Service Request,Medium,Frustrated,Solved,Chicago,Illinois,Internet,2026-04-30 15:33:14
TC-232709,Customer_232709,subscriber_232709@telecom-domain.com,Comcast Service and Customer service issues,"Subscriber report regarding Comcast Service and Customer service issues. Filing Channel: Internet. Location: Chicago, Illinois. Current Resolution Status: Solved.",Customer Service,Medium,Negative,Solved,Chicago,Illinois,Internet,2026-05-30 21:17:14
TC-232829,Customer_232829,subscriber_232829@telecom-domain.com,Comcast pricing scam,"Subscriber report regarding Comcast pricing scam. Filing Channel: Internet. Location: Chicago, Illinois. Current Resolution Status: Solved.",Billing Dispute,High,Angry,Solved,Chicago,Illinois,Internet,2026-04-11 08:42:14
TC-261661,Customer_261661,subscriber_261661@telecom-domain.com,Comcast Disconnect,"Subscriber report regarding Comcast Disconnect. Filing Channel: Internet. Location: Chicago, Illinois. Current Resolution Status: Solved.",Service Outage,Medium,Frustrated,Solved,Chicago,Illinois,Internet,2026-05-21 23:13:14
TC-214441,Customer_214441,subscriber_214441@telecom-domain.com,COMCAST THROTTLING SPEEDS AND DATA CAPS,"Subscriber report regarding COMCAST THROTTLING SPEEDS AND DATA CAPS. Filing Channel: Internet. Location: Chicago, Illinois. Current Resolution Status: Solved.",Data / Usage Issue,Medium,Negative,Solved,Chicago,Illinois,Internet,2026-02-24 02:32:14
TC-216141,Customer_216141,subscriber_216141@telecom-domain.com,Closed Captioning of Online Videos,"Subscriber report regarding Closed Captioning of Online Videos. Filing Channel: Internet. Location: Chicago, Illinois. Current Resolution Status: Solved.",Data / Usage Issue,Medium,Frustrated,Solved,Chicago,Illinois,Internet,2026-05-24 18:27:14
TC-231532,Customer_231532,subscriber_231532@telecom-domain.com,Comcast problems,"Subscriber report regarding Comcast problems. Filing Channel: Customer Care Call. Location: Chicago, Illinois. Current Resolution Status: Solved.",Service Request,Medium,Negative,Solved,Chicago,Illinois,Customer Care Call,2026-05-02 12:57:14
TC-246073,Customer_246073,subscriber_246073@telecom-domain.com,Removed discount after I complained about an unauthorized charge,"Subscriber report regarding Removed discount after I complained about an unauthorized charge. Filing Channel: Customer Care Call. Location: Chicago, Illinois. Current Resolution Status: Solved.",Billing Dispute,High,Negative,Solved,Chicago,Illinois,Customer Care Call,2026-03-11 04:01:14
TC-260565,Customer_260565,subscriber_260565@telecom-domain.com,complaint regarding Comcast,"Subscriber report regarding complaint regarding Comcast. Filing Channel: Internet. Location: Chicago, Illinois. Current Resolution Status: Solved.",Service Request,Medium,Frustrated,Solved,Chicago,Illinois,Internet,2026-02-26 23:44:14
TC-267753,Customer_267753,subscriber_267753@telecom-domain.com,COMCAST INTERNET CONNECTION CHEAT,"Subscriber report regarding COMCAST INTERNET CONNECTION CHEAT. Filing Channel: Customer Care Call. Location: Chicago, Illinois. Current Resolution Status: Solved.",Service Request,Medium,Frustrated,Solved,Chicago,Illinois,Customer Care Call,2026-03-12 02:34:14
TC-266647,Customer_266647,subscriber_266647@telecom-domain.com,Wireless Signal issues/frequent connection drop,"Subscriber report regarding Wireless Signal issues/frequent connection drop. Filing Channel: Internet. Location: Chicago, Illinois. Current Resolution Status: Solved.",Network Connectivity,High,Negative,Solved,Chicago,Illinois,Internet,2026-05-25 08:34:14
TC-268909,Customer_268909,subscriber_268909@telecom-domain.com,"Comcast is ripping me off, and I can't be quiet anymore","Subscriber report regarding Comcast is ripping me off, and I can't be quiet anymore. Filing Channel: Internet. Location: Chicago, Illinois. Current Resolution Status: Solved.",Service Request,Medium,Frustrated,Solved,Chicago,Illinois,Internet,2026-08-08 07:26:14
TC-278392,Customer_278392,subscriber_278392@telecom-domain.com,Billing Dispute,"Subscriber report regarding Billing Dispute. Filing Channel: Customer Care Call. Location: Chicago, Illinois. Current Resolution Status: Solved.",Billing Dispute,High,Negative,Solved,Chicago,Illinois,Customer Care Call,2026-08-06 17:57:14
TC-279767,Customer_279767,subscriber_279767@telecom-domain.com,complaint about Comcast,"Subscriber report regarding complaint about Comcast. Filing Channel: Customer Care Call. Location: Chicago, Illinois. Current Resolution Status: Solved.",Service Request,Medium,Frustrated,Solved,Chicago,Illinois,Customer Care Call,2026-03-21 00:56:14
TC-284044,Customer_284044,subscriber_284044@telecom-domain.com,Comcast,"Subscriber report regarding Comcast. Filing Channel: Internet. Location: Chicago, Illinois. Current Resolution Status: Solved.",Service Request,Medium,Frustrated,Solved,Chicago,Illinois,Internet,2026-03-12 20:01:14
TC-285615,Customer_285615,subscriber_285615@telecom-domain.com,Internet Speeds Not as Advertised,"Subscriber report regarding Internet Speeds Not as Advertised. Filing Channel: Customer Care Call. Location: Chicago, Illinois. Current Resolution Status: Open.",Broadband Performance,Medium,Frustrated,Open,Chicago,Illinois,Customer Care Call,2026-06-08 18:35:14
TC-288996,Customer_288996,subscriber_288996@telecom-domain.com,Comcast & Sony Playstation Devices,"Subscriber report regarding Comcast & Sony Playstation Devices. Filing Channel: Customer Care Call. Location: Chicago, Illinois. Current Resolution Status: Solved.",Service Request,Medium,Frustrated,Solved,Chicago,Illinois,Customer Care Call,2026-02-23 06:51:14
TC-292575,Customer_292575,subscriber_292575@telecom-domain.com,Comcast Wifi Issues,"Subscriber report regarding Comcast Wifi Issues. Filing Channel: Internet. Location: Chicago, Illinois. Current Resolution Status: Solved.",Network Connectivity,High,Negative,Solved,Chicago,Illinois,Internet,2026-02-28 23:10:14
TC-304026,Customer_304026,subscriber_304026@telecom-domain.com,Comcast Internet,"Subscriber report regarding Comcast Internet. Filing Channel: Internet. Location: Chicago, Illinois. Current Resolution Status: Solved.",Service Request,Medium,Frustrated,Solved,Chicago,Illinois,Internet,2026-02-24 22:44:14
TC-303128,Customer_303128,subscriber_303128@telecom-domain.com,comcast,"Subscriber report regarding comcast. Filing Channel: Customer Care Call. Location: Chicago, Illinois. Current Resolution Status: Solved.",Service Request,Medium,Frustrated,Solved,Chicago,Illinois,Customer Care Call,2026-04-26 02:35:14
TC-305594,Customer_305594,subscriber_305594@telecom-domain.com,Comcast is giving me poor quality customer service.,"Subscriber report regarding Comcast is giving me poor quality customer service.. Filing Channel: Customer Care Call. Location: Chicago, Illinois. Current Resolution Status: Open.",Customer Service,Medium,Frustrated,Open,Chicago,Illinois,Customer Care Call,2026-05-23 14:53:14
TC-317887,Customer_317887,subscriber_317887@telecom-domain.com,Comcast no show tech,"Subscriber report regarding Comcast no show tech. Filing Channel: Customer Care Call. Location: Chicago, Illinois. Current Resolution Status: Solved.",Service Request,Medium,Frustrated,Solved,Chicago,Illinois,Customer Care Call,2026-03-16 18:12:14
TC-318605,Customer_318605,subscriber_318605@telecom-domain.com,Comcast internet,"Subscriber report regarding Comcast internet. Filing Channel: Internet. Location: Chicago, Illinois. Current Resolution Status: Solved.",Service Request,Medium,Frustrated,Solved,Chicago,Illinois,Internet,2026-07-31 14:47:14
TC-325959,Customer_325959,subscriber_325959@telecom-domain.com,horrible service charges for tech/installation applied when they shouldnt have,"Subscriber report regarding horrible service charges for tech/installation applied when they shouldnt have. Filing Channel: Internet. Location: Chicago, Illinois. Current Resolution Status: Solved.",Billing Dispute,High,Angry,Solved,Chicago,Illinois,Internet,2026-03-01 03:19:14
TC-327275,Customer_327275,subscriber_327275@telecom-domain.com,Slow Internet/ Billing/ poor customer service of your complaints,"Subscriber report regarding Slow Internet/ Billing/ poor customer service of your complaints. Filing Channel: Customer Care Call. Location: Chicago, Illinois. Current Resolution Status: Solved.",Billing Dispute,High,Negative,Solved,Chicago,Illinois,Customer Care Call,2026-07-11 18:02:14
TC-329685,Customer_329685,subscriber_329685@telecom-domain.com,no service,"Subscriber report regarding no service. Filing Channel: Internet. Location: Chicago, Illinois. Current Resolution Status: Solved.",Service Outage,Medium,Frustrated,Solved,Chicago,Illinois,Internet,2026-05-20 03:23:14
TC-331541,Customer_331541,subscriber_331541@telecom-domain.com,Comcast Outages,"Subscriber report regarding Comcast Outages. Filing Channel: Customer Care Call. Location: Chicago, Illinois. Current Resolution Status: Solved.",Service Outage,High,Angry,Solved,Chicago,Illinois,Customer Care Call,2026-05-20 19:56:14
TC-330456,Customer_330456,subscriber_330456@telecom-domain.com,comcast internet connection and speed,"Subscriber report regarding comcast internet connection and speed. Filing Channel: Customer Care Call. Location: Chicago, Illinois. Current Resolution Status: Solved.",Broadband Performance,Medium,Frustrated,Solved,Chicago,Illinois,Customer Care Call,2026-05-27 18:18:14
TC-330180,Customer_330180,subscriber_330180@telecom-domain.com,Comcast Cable & Internet,"Subscriber report regarding Comcast Cable & Internet. Filing Channel: Internet. Location: Chicago, Illinois. Current Resolution Status: Solved.",Service Request,Medium,Frustrated,Solved,Chicago,Illinois,Internet,2026-05-07 04:49:14
TC-339886,Customer_339886,subscriber_339886@telecom-domain.com,comcast: no service for one month,"Subscriber report regarding comcast: no service for one month. Filing Channel: Customer Care Call. Location: Chicago, Illinois. Current Resolution Status: Solved.",Service Outage,Medium,Frustrated,Solved,Chicago,Illinois,Customer Care Call,2026-08-10 03:33:14
TC-341405,Customer_341405,subscriber_341405@telecom-domain.com,Comcast,"Subscriber report regarding Comcast. Filing Channel: Internet. Location: Chicago, Illinois. Current Resolution Status: Solved.",Service Request,Medium,Frustrated,Solved,Chicago,Illinois,Internet,2026-03-14 06:38:14
TC-342222,Customer_342222,subscriber_342222@telecom-domain.com,Comcast did not remove charge for over a year,"Subscriber report regarding Comcast did not remove charge for over a year. Filing Channel: Customer Care Call. Location: Chicago, Illinois. Current Resolution Status: Solved.",Billing Dispute,High,Negative,Solved,Chicago,Illinois,Customer Care Call,2026-06-21 04:11:14
TC-343753,Customer_343753,subscriber_343753@telecom-domain.com,Comcast charging for services not rendered,"Subscriber report regarding Comcast charging for services not rendered. Filing Channel: Customer Care Call. Location: Chicago, Illinois. Current Resolution Status: Solved.",Service Request,Medium,Frustrated,Solved,Chicago,Illinois,Customer Care Call,2026-02-28 07:05:14
TC-347598,Customer_347598,subscriber_347598@telecom-domain.com,price inflation due to monopoly of Comcast,"Subscriber report regarding price inflation due to monopoly of Comcast. Filing Channel: Internet. Location: Chicago, Illinois. Current Resolution Status: Solved.",Billing Dispute,Medium,Frustrated,Solved,Chicago,Illinois,Internet,2026-03-08 03:24:14
TC-347580,Customer_347580,subscriber_347580@telecom-domain.com,Double charge my internet service every month,"Subscriber report regarding Double charge my internet service every month. Filing Channel: Internet. Location: Chicago, Illinois. Current Resolution Status: Solved.",Billing Dispute,High,Negative,Solved,Chicago,Illinois,Internet,2026-03-28 22:16:14
TC-358598,Customer_358598,subscriber_358598@telecom-domain.com,Unfair Billing Practices,"Subscriber report regarding Unfair Billing Practices. Filing Channel: Internet. Location: Chicago, Illinois. Current Resolution Status: Solved.",Billing Dispute,Medium,Frustrated,Solved,Chicago,Illinois,Internet,2026-03-23 02:31:14
TC-359956,Customer_359956,subscriber_359956@telecom-domain.com,Comcast Billing/Monopoly/Service,"Subscriber report regarding Comcast Billing/Monopoly/Service. Filing Channel: Customer Care Call. Location: Chicago, Illinois. Current Resolution Status: Solved.",Billing Dispute,Medium,Frustrated,Solved,Chicago,Illinois,Customer Care Call,2026-05-31 02:49:14
TC-358620,Customer_358620,subscriber_358620@telecom-domain.com,Tricked into upgrade,"Subscriber report regarding Tricked into upgrade. Filing Channel: Internet. Location: Chicago, Illinois. Current Resolution Status: Solved.",Service Request,Medium,Frustrated,Solved,Chicago,Illinois,Internet,2026-07-16 04:18:14
TC-361003,Customer_361003,subscriber_361003@telecom-domain.com,Comcast Unfair Business Practices,"Subscriber report regarding Comcast Unfair Business Practices. Filing Channel: Internet. Location: Chicago, Illinois. Current Resolution Status: Solved.",Service Request,Medium,Frustrated,Solved,Chicago,Illinois,Internet,2026-07-21 10:29:14
TC-361084,Customer_361084,subscriber_361084@telecom-domain.com,internet speeds slow,"Subscriber report regarding internet speeds slow. Filing Channel: Internet. Location: Chicago, Illinois. Current Resolution Status: Solved.",Broadband Performance,Medium,Negative,Solved,Chicago,Illinois,Internet,2026-06-29 19:23:14
TC-360620,Customer_360620,subscriber_360620@telecom-domain.com,Faulty Service and False Advertisement,"Subscriber report regarding Faulty Service and False Advertisement. Filing Channel: Internet. Location: Chicago, Illinois. Current Resolution Status: Solved.",Service Request,Medium,Frustrated,Solved,Chicago,Illinois,Internet,2026-03-03 10:51:14
TC-366291,Customer_366291,subscriber_366291@telecom-domain.com,Comcast started charging a lease fee for equipment I own after enabling automatic bill payment,"Subscriber report regarding Comcast started charging a lease fee for equipment I own after enabling automatic bill payment. Filing Channel: Customer Care Call. Location: Chicago, Illinois. Current Resolution Status: Solved.",Billing Dispute,Medium,Frustrated,Solved,Chicago,Illinois,Customer Care Call,2026-02-20 04:49:14
TC-373777,Customer_373777,subscriber_373777@telecom-domain.com,Comcast/Xfinity Service Manipulation,"Subscriber report regarding Comcast/Xfinity Service Manipulation. Filing Channel: Customer Care Call. Location: Chicago, Illinois. Current Resolution Status: Solved.",Service Request,Medium,Frustrated,Solved,Chicago,Illinois,Customer Care Call,2026-03-07 21:28:14
TC-373309,Customer_373309,subscriber_373309@telecom-domain.com,unsatisfactory speed with disorganized service,"Subscriber report regarding unsatisfactory speed with disorganized service. Filing Channel: Internet. Location: Chicago, Illinois. Current Resolution Status: Open.",Broadband Performance,Medium,Frustrated,Open,Chicago,Illinois,Internet,2026-04-19 04:55:14
TC-375500,Customer_375500,subscriber_375500@telecom-domain.com,Comcast billing and service,"Subscriber report regarding Comcast billing and service. Filing Channel: Internet. Location: Chicago, Illinois. Current Resolution Status: Solved.",Billing Dispute,Medium,Frustrated,Solved,Chicago,Illinois,Internet,2026-04-20 21:12:14
TC-376064,Customer_376064,subscriber_376064@telecom-domain.com,Unfair Billing Practices,"Subscriber report regarding Unfair Billing Practices. Filing Channel: Customer Care Call. Location: Chicago, Illinois. Current Resolution Status: Solved.",Billing Dispute,Medium,Frustrated,Solved,Chicago,Illinois,Customer Care Call,2026-06-15 10:14:14
TC-367366,Customer_367366,subscriber_367366@telecom-domain.com,Xfinity Price and not 16Mbps when paying for 50Mbps,"Subscriber report regarding Xfinity Price and not 16Mbps when paying for 50Mbps. Filing Channel: Internet. Location: Chickamauga, Georgia. Current Resolution Status: Open.",Billing Dispute,Medium,Frustrated,Open,Chickamauga,Georgia,Internet,2026-04-21 04:00:14
TC-264757,Customer_264757,subscriber_264757@telecom-domain.com,Xfinity Order Status,"Subscriber report regarding Xfinity Order Status. Filing Channel: Customer Care Call. Location: Citrus Heights, California. Current Resolution Status: Solved.",Service Request,Medium,Frustrated,Solved,Citrus Heights,California,Customer Care Call,2026-06-24 11:11:14
TC-331935,Customer_331935,subscriber_331935@telecom-domain.com,Comcast violating Open Internet rules,"Subscriber report regarding Comcast violating Open Internet rules. Filing Channel: Customer Care Call. Location: Citrus Heights, California. Current Resolution Status: Solved.",Service Request,Medium,Frustrated,Solved,Citrus Heights,California,Customer Care Call,2026-03-18 21:29:14
TC-354309,Customer_354309,subscriber_354309@telecom-domain.com,Billing/Customer Service,"Subscriber report regarding Billing/Customer Service. Filing Channel: Internet. Location: Citrus Heights, California. Current Resolution Status: Solved.",Billing Dispute,Medium,Frustrated,Solved,Citrus Heights,California,Internet,2026-06-13 00:47:14
TC-316846,Customer_316846,subscriber_316846@telecom-domain.com,Comcast is double billing me and not processing my credit back to me,"Subscriber report regarding Comcast is double billing me and not processing my credit back to me. Filing Channel: Customer Care Call. Location: City Of Orange, New Jersey. Current Resolution Status: Solved.",Billing Dispute,Medium,Frustrated,Solved,City Of Orange,New Jersey,Customer Care Call,2026-04-01 07:03:14
TC-367352,Customer_367352,subscriber_367352@telecom-domain.com,Comcast internet speeds,"Subscriber report regarding Comcast internet speeds. Filing Channel: Customer Care Call. Location: Clairton, Pennsylvania. Current Resolution Status: Solved.",Broadband Performance,Medium,Frustrated,Solved,Clairton,Pennsylvania,Customer Care Call,2026-03-22 05:06:14
TC-215755,Customer_215755,subscriber_215755@telecom-domain.com,Comcast lies and deception,"Subscriber report regarding Comcast lies and deception. Filing Channel: Internet. Location: Clarkston, Michigan. Current Resolution Status: Solved.",Service Request,Medium,Frustrated,Solved,Clarkston,Michigan,Internet,2026-08-16 04:14:14
TC-222582,Customer_222582,subscriber_222582@telecom-domain.com,Comcast over billing,"Subscriber report regarding Comcast over billing. Filing Channel: Customer Care Call. Location: Clarkston, Michigan. Current Resolution Status: Solved.",Billing Dispute,Medium,Frustrated,Solved,Clarkston,Michigan,Customer Care Call,2026-06-14 08:24:14
TC-338507,Customer_338507,subscriber_338507@telecom-domain.com,"Comcast Internet, cable, and phone outtages","Subscriber report regarding Comcast Internet, cable, and phone outtages. Filing Channel: Customer Care Call. Location: Clarkston, Michigan. Current Resolution Status: Solved.",Call Drops,Medium,Frustrated,Solved,Clarkston,Michigan,Customer Care Call,2026-07-17 21:32:14
TC-338606,Customer_338606,subscriber_338606@telecom-domain.com,Internet connection outage,"Subscriber report regarding Internet connection outage. Filing Channel: Customer Care Call. Location: Clarkston, Michigan. Current Resolution Status: Solved.",Service Outage,High,Angry,Solved,Clarkston,Michigan,Customer Care Call,2026-03-13 10:24:14
TC-362956,Customer_362956,subscriber_362956@telecom-domain.com,Comcast Throttling Internet Speed,"Subscriber report regarding Comcast Throttling Internet Speed. Filing Channel: Customer Care Call. Location: Clawson, Michigan. Current Resolution Status: Open.",Broadband Performance,Medium,Frustrated,Open,Clawson,Michigan,Customer Care Call,2026-05-22 21:29:14
TC-267711,Customer_267711,subscriber_267711@telecom-domain.com,"Comcast Xfinity Overage Charges, No Assistance","Subscriber report regarding Comcast Xfinity Overage Charges, No Assistance. Filing Channel: Internet. Location: Claxton, Georgia. Current Resolution Status: Solved.",Data / Usage Issue,Medium,Negative,Solved,Claxton,Georgia,Internet,2026-08-13 00:54:14
TC-369578,Customer_369578,subscriber_369578@telecom-domain.com,Service outages (Comcast),"Subscriber report regarding Service outages (Comcast). Filing Channel: Customer Care Call. Location: Clermont, Georgia. Current Resolution Status: Solved.",Service Outage,High,Angry,Solved,Clermont,Georgia,Customer Care Call,2026-03-27 21:54:14
TC-362724,Customer_362724,subscriber_362724@telecom-domain.com,Comcast Billing,"Subscriber report regarding Comcast Billing. Filing Channel: Internet. Location: Clinton, Maryland. Current Resolution Status: Open.",Billing Dispute,Medium,Frustrated,Open,Clinton,Maryland,Internet,2026-07-13 05:53:14
TC-307701,Customer_307701,subscriber_307701@telecom-domain.com,Charges not authorized,"Subscriber report regarding Charges not authorized. Filing Channel: Customer Care Call. Location: Clio, Michigan. Current Resolution Status: Solved.",Billing Dispute,High,Negative,Solved,Clio,Michigan,Customer Care Call,2026-06-16 21:33:14
TC-242189,Customer_242189,subscriber_242189@telecom-domain.com,comcast/xfinity,"Subscriber report regarding comcast/xfinity. Filing Channel: Customer Care Call. Location: Closter, New Jersey. Current Resolution Status: Solved.",Service Request,Medium,Frustrated,Solved,Closter,New Jersey,Customer Care Call,2026-05-21 07:56:14
TC-228974,Customer_228974,subscriber_228974@telecom-domain.com,Cocmast (internet),"Subscriber report regarding Cocmast (internet). Filing Channel: Customer Care Call. Location: Clovis, California. Current Resolution Status: Solved.",Service Request,Medium,Frustrated,Solved,Clovis,California,Customer Care Call,2026-07-01 06:14:14
TC-323310,Customer_323310,subscriber_323310@telecom-domain.com,Comcast/Xfinity,"Subscriber report regarding Comcast/Xfinity. Filing Channel: Internet. Location: Clovis, California. Current Resolution Status: Solved.",Service Request,Medium,Frustrated,Solved,Clovis,California,Internet,2026-07-30 03:47:14
TC-354467,Customer_354467,subscriber_354467@telecom-domain.com,XFINITY/COMCAST TETHERING CONNECTION,"Subscriber report regarding XFINITY/COMCAST TETHERING CONNECTION. Filing Channel: Customer Care Call. Location: Clovis, California. Current Resolution Status: Open.",Service Request,Medium,Frustrated,Open,Clovis,California,Customer Care Call,2026-03-08 18:17:14
TC-307370,Customer_307370,subscriber_307370@telecom-domain.com,"XFinity ""Comcast"" CLOSED SCHEDULED APPT AND SAID IT WAS OPEN","Subscriber report regarding XFinity ""Comcast"" CLOSED SCHEDULED APPT AND SAID IT WAS OPEN. Filing Channel: Internet. Location: Coconut Creek, Florida. Current Resolution Status: Solved.",Service Request,Medium,Frustrated,Solved,Coconut Creek,Florida,Internet,2026-04-13 10:44:14
TC-311844,Customer_311844,subscriber_311844@telecom-domain.com,Service Issues,"Subscriber report regarding Service Issues. Filing Channel: Internet. Location: Coconut Creek, Florida. Current Resolution Status: Solved.",Service Request,Medium,Negative,Solved,Coconut Creek,Florida,Internet,2026-05-22 04:57:14
TC-249320,Customer_249320,subscriber_249320@telecom-domain.com,ComCast Internet Outage,"Subscriber report regarding ComCast Internet Outage. Filing Channel: Internet. Location: Coeburn, Virginia. Current Resolution Status: Solved.",Service Outage,High,Angry,Solved,Coeburn,Virginia,Internet,2026-04-01 13:23:14
TC-321762,Customer_321762,subscriber_321762@telecom-domain.com,Comcast,"Subscriber report regarding Comcast. Filing Channel: Customer Care Call. Location: College Park, Georgia. Current Resolution Status: Open.",Service Request,Medium,Frustrated,Open,College Park,Georgia,Customer Care Call,2026-07-01 09:07:14
TC-218516,Customer_218516,subscriber_218516@telecom-domain.com,Additional Usage @$10/50GB,"Subscriber report regarding Additional Usage @$10/50GB. Filing Channel: Customer Care Call. Location: Collierville, Tennessee. Current Resolution Status: Solved.",Service Request,Medium,Frustrated,Solved,Collierville,Tennessee,Customer Care Call,2026-05-15 06:22:14
TC-256506,Customer_256506,subscriber_256506@telecom-domain.com,Comcast data caps,"Subscriber report regarding Comcast data caps. Filing Channel: Customer Care Call. Location: Collierville, Tennessee. Current Resolution Status: Solved.",Data / Usage Issue,Medium,Negative,Solved,Collierville,Tennessee,Customer Care Call,2026-06-30 21:42:14
TC-359317,Customer_359317,subscriber_359317@telecom-domain.com,Comcast billing practices,"Subscriber report regarding Comcast billing practices. Filing Channel: Internet. Location: Collinsville, Virginia. Current Resolution Status: Solved.",Billing Dispute,Medium,Frustrated,Solved,Collinsville,Virginia,Internet,2026-07-21 14:49:14
TC-254426,Customer_254426,subscriber_254426@telecom-domain.com,very poor customer service,"Subscriber report regarding very poor customer service. Filing Channel: Customer Care Call. Location: Colonia, New Jersey. Current Resolution Status: Solved.",Customer Service,Medium,Frustrated,Solved,Colonia,New Jersey,Customer Care Call,2026-05-26 05:57:14
TC-360207,Customer_360207,subscriber_360207@telecom-domain.com,internet speed,"Subscriber report regarding internet speed. Filing Channel: Customer Care Call. Location: Colorado Spring, Colorado. Current Resolution Status: Open.",Broadband Performance,Medium,Frustrated,Open,Colorado Spring,Colorado,Customer Care Call,2026-08-03 01:22:14
TC-216279,Customer_216279,subscriber_216279@telecom-domain.com,Another Fraudulenct collection claim from Comcast,"Subscriber report regarding Another Fraudulenct collection claim from Comcast. Filing Channel: Customer Care Call. Location: Colorado Springs, Colorado. Current Resolution Status: Solved.",Service Request,High,Angry,Solved,Colorado Springs,Colorado,Customer Care Call,2026-03-01 05:15:14
TC-230071,Customer_230071,subscriber_230071@telecom-domain.com,Comcast and CenturyLink failing Wissler Ranch Colorado Community,"Subscriber report regarding Comcast and CenturyLink failing Wissler Ranch Colorado Community. Filing Channel: Customer Care Call. Location: Colorado Springs, Colorado. Current Resolution Status: Solved.",Service Request,Medium,Negative,Solved,Colorado Springs,Colorado,Customer Care Call,2026-08-09 12:26:14
TC-257026,Customer_257026,subscriber_257026@telecom-domain.com,"Tried to cancel, was lied to about change in service","Subscriber report regarding Tried to cancel, was lied to about change in service. Filing Channel: Customer Care Call. Location: Colorado Springs, Colorado. Current Resolution Status: Solved.",Cancellation,Medium,Frustrated,Solved,Colorado Springs,Colorado,Customer Care Call,2026-07-11 00:11:14
TC-287000,Customer_287000,subscriber_287000@telecom-domain.com,Xfinity Throttling Apple TV bitrate,"Subscriber report regarding Xfinity Throttling Apple TV bitrate. Filing Channel: Customer Care Call. Location: Colorado Springs, Colorado. Current Resolution Status: Open.",Broadband Performance,Medium,Frustrated,Open,Colorado Springs,Colorado,Customer Care Call,2026-05-09 01:45:14
TC-315874,Customer_315874,subscriber_315874@telecom-domain.com,Comcast Termination Fee,"Subscriber report regarding Comcast Termination Fee. Filing Channel: Customer Care Call. Location: Colorado Springs, Colorado. Current Resolution Status: Solved.",Billing Dispute,Medium,Frustrated,Solved,Colorado Springs,Colorado,Customer Care Call,2026-07-27 23:14:14
TC-336234,Customer_336234,subscriber_336234@telecom-domain.com,Unresolved Issues,"Subscriber report regarding Unresolved Issues. Filing Channel: Customer Care Call. Location: Colorado Springs, Colorado. Current Resolution Status: Solved.",Service Request,Medium,Negative,Solved,Colorado Springs,Colorado,Customer Care Call,2026-03-10 05:47:14
TC-359931,Customer_359931,subscriber_359931@telecom-domain.com,no warning before price increase,"Subscriber report regarding no warning before price increase. Filing Channel: Customer Care Call. Location: Colorado Springs, Colorado. Current Resolution Status: Solved.",Billing Dispute,Medium,Frustrated,Solved,Colorado Springs,Colorado,Customer Care Call,2026-03-15 09:41:14
TC-363251,Customer_363251,subscriber_363251@telecom-domain.com,Comcast unfair billing,"Subscriber report regarding Comcast unfair billing. Filing Channel: Customer Care Call. Location: Colorado Springs, Colorado. Current Resolution Status: Solved.",Billing Dispute,Medium,Frustrated,Solved,Colorado Springs,Colorado,Customer Care Call,2026-04-01 16:47:14
TC-368799,Customer_368799,subscriber_368799@telecom-domain.com,Comcast overbilling and overcharging,"Subscriber report regarding Comcast overbilling and overcharging. Filing Channel: Internet. Location: Colorado Springs, Colorado. Current Resolution Status: Solved.",Billing Dispute,Medium,Frustrated,Solved,Colorado Springs,Colorado,Internet,2026-08-07 21:18:14
TC-354541,Customer_354541,subscriber_354541@telecom-domain.com,COMCAST SERVICE COMPLAINT,"Subscriber report regarding COMCAST SERVICE COMPLAINT. Filing Channel: Customer Care Call. Location: Columbia, Maryland. Current Resolution Status: Solved.",Service Request,Medium,Frustrated,Solved,Columbia,Maryland,Customer Care Call,2026-03-11 16:46:14
TC-355761,Customer_355761,subscriber_355761@telecom-domain.com,Charge to my bill unknowingly,"Subscriber report regarding Charge to my bill unknowingly. Filing Channel: Customer Care Call. Location: Columbia, Maryland. Current Resolution Status: Solved.",Billing Dispute,High,Negative,Solved,Columbia,Maryland,Customer Care Call,2026-03-17 01:44:14
TC-221714,Customer_221714,subscriber_221714@telecom-domain.com,billing,"Subscriber report regarding billing. Filing Channel: Customer Care Call. Location: Columbiana, Ohio. Current Resolution Status: Solved.",Billing Dispute,Medium,Frustrated,Solved,Columbiana,Ohio,Customer Care Call,2026-05-13 03:40:14
TC-251830,Customer_251830,subscriber_251830@telecom-domain.com,Internet and phone pricing,"Subscriber report regarding Internet and phone pricing. Filing Channel: Internet. Location: Columbus, Indiana. Current Resolution Status: Solved.",Billing Dispute,Medium,Frustrated,Solved,Columbus,Indiana,Internet,2026-03-28 17:48:14
TC-360308,Customer_360308,subscriber_360308@telecom-domain.com,"Worst speed, no competition, and billing does not match the service.","Subscriber report regarding Worst speed, no competition, and billing does not match the service.. Filing Channel: Internet. Location: Columbus, Indiana. Current Resolution Status: Solved.",Billing Dispute,High,Angry,Solved,Columbus,Indiana,Internet,2026-05-16 11:08:14
TC-281798,Customer_281798,subscriber_281798@telecom-domain.com,Comcast bundled service,"Subscriber report regarding Comcast bundled service. Filing Channel: Customer Care Call. Location: Commerce City, Colorado. Current Resolution Status: Solved.",Service Request,Medium,Frustrated,Solved,Commerce City,Colorado,Customer Care Call,2026-04-18 10:02:14
TC-280486,Customer_280486,subscriber_280486@telecom-domain.com,Charged for equipment that I didn't have,"Subscriber report regarding Charged for equipment that I didn't have. Filing Channel: Customer Care Call. Location: Concord, California. Current Resolution Status: Solved.",Billing Dispute,High,Negative,Solved,Concord,California,Customer Care Call,2026-02-24 19:52:14
TC-359962,Customer_359962,subscriber_359962@telecom-domain.com,"Comcast misrepresented their service area, then charged me for attempting to use it.","Subscriber report regarding Comcast misrepresented their service area, then charged me for attempting to use it.. Filing Channel: Internet. Location: Concord, California. Current Resolution Status: Solved.",Billing Dispute,High,Negative,Solved,Concord,California,Internet,2026-07-21 04:13:14
TC-248736,Customer_248736,subscriber_248736@telecom-domain.com,Comcast Xfinity,"Subscriber report regarding Comcast Xfinity. Filing Channel: Internet. Location: Concord, New Hampshire. Current Resolution Status: Solved.",Service Request,Medium,Frustrated,Solved,Concord,New Hampshire,Internet,2026-07-03 14:53:14
TC-358558,Customer_358558,subscriber_358558@telecom-domain.com,Comcast Does Not Deliver Service,"Subscriber report regarding Comcast Does Not Deliver Service. Filing Channel: Customer Care Call. Location: Conshohocken, Pennsylvania. Current Resolution Status: Solved.",Service Request,Medium,Frustrated,Solved,Conshohocken,Pennsylvania,Customer Care Call,2026-02-26 04:54:14
TC-367651,Customer_367651,subscriber_367651@telecom-domain.com,Slow internet speeds on Comcast,"Subscriber report regarding Slow internet speeds on Comcast. Filing Channel: Customer Care Call. Location: Conshohocken, Pennsylvania. Current Resolution Status: Pending.",Broadband Performance,Medium,Negative,Pending,Conshohocken,Pennsylvania,Customer Care Call,2026-05-24 04:08:14
TC-302833,Customer_302833,subscriber_302833@telecom-domain.com,Comcast service,"Subscriber report regarding Comcast service. Filing Channel: Internet. Location: Conyers, Georgia. Current Resolution Status: Solved.",Service Request,Medium,Frustrated,Solved,Conyers,Georgia,Internet,2026-05-06 06:14:14
TC-361815,Customer_361815,subscriber_361815@telecom-domain.com,Nonsensical Raise in my Internet Bill,"Subscriber report regarding Nonsensical Raise in my Internet Bill. Filing Channel: Internet. Location: Coral Gables, Florida. Current Resolution Status: Solved.",Billing Dispute,Medium,Frustrated,Solved,Coral Gables,Florida,Internet,2026-08-18 21:13:14
TC-215011,Customer_215011,subscriber_215011@telecom-domain.com,Comcast service billing,"Subscriber report regarding Comcast service billing. Filing Channel: Internet. Location: Cordova, Tennessee. Current Resolution Status: Solved.",Billing Dispute,Medium,Frustrated,Solved,Cordova,Tennessee,Internet,2026-07-05 05:04:14
TC-243443,Customer_243443,subscriber_243443@telecom-domain.com,Comcast Runaround,"Subscriber report regarding Comcast Runaround. Filing Channel: Customer Care Call. Location: Cordova, Tennessee. Current Resolution Status: Solved.",Service Request,Medium,Frustrated,Solved,Cordova,Tennessee,Customer Care Call,2026-04-29 18:04:14
TC-360340,Customer_360340,subscriber_360340@telecom-domain.com,Cruel and Illegal Practices - Comcast,"Subscriber report regarding Cruel and Illegal Practices - Comcast. Filing Channel: Internet. Location: Cordova, Tennessee. Current Resolution Status: Solved.",Service Request,High,Angry,Solved,Cordova,Tennessee,Internet,2026-04-24 04:57:14
TC-371399,Customer_371399,subscriber_371399@telecom-domain.com,Throttled speed,"Subscriber report regarding Throttled speed. Filing Channel: Internet. Location: Cordova, Tennessee. Current Resolution Status: Pending.",Broadband Performance,Medium,Frustrated,Pending,Cordova,Tennessee,Internet,2026-02-27 08:43:14
TC-221047,Customer_221047,subscriber_221047@telecom-domain.com,Transfer services,"Subscriber report regarding Transfer services. Filing Channel: Customer Care Call. Location: Corryton, Tennessee. Current Resolution Status: Solved.",Service Request,Medium,Frustrated,Solved,Corryton,Tennessee,Customer Care Call,2026-04-01 20:20:14
TC-222682,Customer_222682,subscriber_222682@telecom-domain.com,Comcast agent lied about service upgrade,"Subscriber report regarding Comcast agent lied about service upgrade. Filing Channel: Internet. Location: Corvallis, Oregon. Current Resolution Status: Solved.",Customer Service,Medium,Frustrated,Solved,Corvallis,Oregon,Internet,2026-04-02 16:37:14
TC-304120,Customer_304120,subscriber_304120@telecom-domain.com,Customer Service Representative Lied About Rates and Promotions,"Subscriber report regarding Customer Service Representative Lied About Rates and Promotions. Filing Channel: Internet. Location: Corvallis, Oregon. Current Resolution Status: Solved.",Customer Service,Medium,Frustrated,Solved,Corvallis,Oregon,Internet,2026-04-03 21:43:14
TC-360766,Customer_360766,subscriber_360766@telecom-domain.com,"Comcast service Corvallis, OR.","Subscriber report regarding Comcast service Corvallis, OR.. Filing Channel: Customer Care Call. Location: Corvallis, Oregon. Current Resolution Status: Open.",Service Request,Medium,Frustrated,Open,Corvallis,Oregon,Customer Care Call,2026-05-29 06:26:14
TC-360800,Customer_360800,subscriber_360800@telecom-domain.com,Unexplained Billing,"Subscriber report regarding Unexplained Billing. Filing Channel: Customer Care Call. Location: Corvallis, Oregon. Current Resolution Status: Open.",Billing Dispute,Medium,Frustrated,Open,Corvallis,Oregon,Customer Care Call,2026-06-26 22:34:14
TC-338940,Customer_338940,subscriber_338940@telecom-domain.com,Comcast/Xfinity Internet,"Subscriber report regarding Comcast/Xfinity Internet. Filing Channel: Customer Care Call. Location: Cottage Grove, Minnesota. Current Resolution Status: Solved.",Service Request,Medium,Frustrated,Solved,Cottage Grove,Minnesota,Customer Care Call,2026-05-21 15:03:14
TC-342392,Customer_342392,subscriber_342392@telecom-domain.com,Lack of availability,"Subscriber report regarding Lack of availability. Filing Channel: Internet. Location: Cottonwood, Alabama. Current Resolution Status: Open.",Service Request,Medium,Frustrated,Open,Cottonwood,Alabama,Internet,2026-05-23 22:32:14
TC-367187,Customer_367187,subscriber_367187@telecom-domain.com,Comcast bill problems,"Subscriber report regarding Comcast bill problems. Filing Channel: Internet. Location: Cottonwood Heights, Utah. Current Resolution Status: Solved.",Billing Dispute,High,Negative,Solved,Cottonwood Heights,Utah,Internet,2026-02-22 15:58:14
TC-358556,Customer_358556,subscriber_358556@telecom-domain.com,Unfair billing practices,"Subscriber report regarding Unfair billing practices. Filing Channel: Internet. Location: Cottrellville, Michigan. Current Resolution Status: Solved.",Billing Dispute,Medium,Frustrated,Solved,Cottrellville,Michigan,Internet,2026-07-16 07:43:14
TC-360356,Customer_360356,subscriber_360356@telecom-domain.com,Comcast Data Caps,"Subscriber report regarding Comcast Data Caps. Filing Channel: Customer Care Call. Location: Covington, Georgia. Current Resolution Status: Pending.",Data / Usage Issue,Medium,Negative,Pending,Covington,Georgia,Customer Care Call,2026-04-02 04:43:14
TC-360214,Customer_360214,subscriber_360214@telecom-domain.com,Comcast Internet is unbelievably slow,"Subscriber report regarding Comcast Internet is unbelievably slow. Filing Channel: Internet. Location: Crest Hill, Illinois. Current Resolution Status: Pending.",Broadband Performance,Medium,Negative,Pending,Crest Hill,Illinois,Internet,2026-08-02 14:09:14
TC-273147,Customer_273147,subscriber_273147@telecom-domain.com,Comcast Refuse to Refund Rental Fee made in error,"Subscriber report regarding Comcast Refuse to Refund Rental Fee made in error. Filing Channel: Customer Care Call. Location: Crofton, Maryland. Current Resolution Status: Solved.",Billing Dispute,High,Angry,Solved,Crofton,Maryland,Customer Care Call,2026-03-02 10:24:14
TC-359243,Customer_359243,subscriber_359243@telecom-domain.com,COMCAST,"Subscriber report regarding COMCAST. Filing Channel: Internet. Location: Crown Point, Indiana. Current Resolution Status: Solved.",Service Request,Medium,Frustrated,Solved,Crown Point,Indiana,Internet,2026-07-22 15:03:14
TC-362056,Customer_362056,subscriber_362056@telecom-domain.com,Issues with Cable and Internet Packaging Unfair Prices,"Subscriber report regarding Issues with Cable and Internet Packaging Unfair Prices. Filing Channel: Internet. Location: Crystal Lake, Illinois. Current Resolution Status: Open.",Billing Dispute,High,Negative,Open,Crystal Lake,Illinois,Internet,2026-06-22 18:41:14
TC-370825,Customer_370825,subscriber_370825@telecom-domain.com,Comcast Internet Speed and Reliability,"Subscriber report regarding Comcast Internet Speed and Reliability. Filing Channel: Customer Care Call. Location: Crystal Lake, Illinois. Current Resolution Status: Pending.",Broadband Performance,Medium,Frustrated,Pending,Crystal Lake,Illinois,Customer Care Call,2026-08-03 06:33:14
TC-349836,Customer_349836,subscriber_349836@telecom-domain.com,cable internet,"Subscriber report regarding cable internet. Filing Channel: Internet. Location: Culpeper, Virginia. Current Resolution Status: Solved.",Service Request,Medium,Frustrated,Solved,Culpeper,Virginia,Internet,2026-03-23 11:15:14
TC-308341,Customer_308341,subscriber_308341@telecom-domain.com,Monopoly and Deceit: The 300GB Data Cap,"Subscriber report regarding Monopoly and Deceit: The 300GB Data Cap. Filing Channel: Internet. Location: Cumming, Georgia. Current Resolution Status: Solved.",Data / Usage Issue,Medium,Frustrated,Solved,Cumming,Georgia,Internet,2026-07-01 13:05:14
TC-308477,Customer_308477,subscriber_308477@telecom-domain.com,comcast xfinity home security service,"Subscriber report regarding comcast xfinity home security service. Filing Channel: Customer Care Call. Location: Cumming, Georgia. Current Resolution Status: Solved.",Service Request,Medium,Frustrated,Solved,Cumming,Georgia,Customer Care Call,2026-05-27 09:18:14
TC-312553,Customer_312553,subscriber_312553@telecom-domain.com,Comcast bait and switch,"Subscriber report regarding Comcast bait and switch. Filing Channel: Internet. Location: Cumming, Georgia. Current Resolution Status: Pending.",Service Request,Medium,Frustrated,Pending,Cumming,Georgia,Internet,2026-02-20 13:35:14
TC-325844,Customer_325844,subscriber_325844@telecom-domain.com,"Comcast Data Cap in Atlanta, GA","Subscriber report regarding Comcast Data Cap in Atlanta, GA. Filing Channel: Customer Care Call. Location: Cumming, Georgia. Current Resolution Status: Solved.",Data / Usage Issue,Medium,Frustrated,Solved,Cumming,Georgia,Customer Care Call,2026-07-17 10:37:14
TC-331839,Customer_331839,subscriber_331839@telecom-domain.com,Cap on data usage,"Subscriber report regarding Cap on data usage. Filing Channel: Customer Care Call. Location: Cumming, Georgia. Current Resolution Status: Solved.",Data / Usage Issue,Medium,Frustrated,Solved,Cumming,Georgia,Customer Care Call,2026-07-14 18:39:14
TC-338753,Customer_338753,subscriber_338753@telecom-domain.com,Data Cap,"Subscriber report regarding Data Cap. Filing Channel: Customer Care Call. Location: Cumming, Georgia. Current Resolution Status: Solved.",Data / Usage Issue,Medium,Frustrated,Solved,Cumming,Georgia,Customer Care Call,2026-06-14 04:10:14
TC-358141,Customer_358141,subscriber_358141@telecom-domain.com,Data usage,"Subscriber report regarding Data usage. Filing Channel: Customer Care Call. Location: Cumming, Georgia. Current Resolution Status: Solved.",Data / Usage Issue,Medium,Frustrated,Solved,Cumming,Georgia,Customer Care Call,2026-07-27 12:21:14
TC-361026,Customer_361026,subscriber_361026@telecom-domain.com,Extorted into signing up for multi-year contract,"Subscriber report regarding Extorted into signing up for multi-year contract. Filing Channel: Internet. Location: Cumming, Georgia. Current Resolution Status: Solved.",Service Request,Medium,Frustrated,Solved,Cumming,Georgia,Internet,2026-05-30 12:39:14
TC-361262,Customer_361262,subscriber_361262@telecom-domain.com,Comcast Selectively Enforcing Data Caps,"Subscriber report regarding Comcast Selectively Enforcing Data Caps. Filing Channel: Customer Care Call. Location: Cumming, Georgia. Current Resolution Status: Solved.",Data / Usage Issue,Medium,Negative,Solved,Cumming,Georgia,Customer Care Call,2026-03-13 02:54:14
TC-371490,Customer_371490,subscriber_371490@telecom-domain.com,Comcast Usage Caps,"Subscriber report regarding Comcast Usage Caps. Filing Channel: Customer Care Call. Location: Cumming, Georgia. Current Resolution Status: Solved.",Data / Usage Issue,Medium,Negative,Solved,Cumming,Georgia,Customer Care Call,2026-03-17 05:53:14
TC-317983,Customer_317983,subscriber_317983@telecom-domain.com,Comcast Internet Service Bad Quality,"Subscriber report regarding Comcast Internet Service Bad Quality. Filing Channel: Internet. Location: Cupertino, California. Current Resolution Status: Solved.",Service Request,Medium,Frustrated,Solved,Cupertino,California,Internet,2026-03-17 11:21:14
TC-322002,Customer_322002,subscriber_322002@telecom-domain.com,Ping spikes and packet loss,"Subscriber report regarding Ping spikes and packet loss. Filing Channel: Internet. Location: Cupertino, California. Current Resolution Status: Open.",Service Request,Medium,Frustrated,Open,Cupertino,California,Internet,2026-05-02 14:04:14
TC-349925,Customer_349925,subscriber_349925@telecom-domain.com,Comcast complaint,"Subscriber report regarding Comcast complaint. Filing Channel: Internet. Location: Cupertino, California. Current Resolution Status: Open.",Service Request,Medium,Frustrated,Open,Cupertino,California,Internet,2026-07-12 08:39:14
TC-300994,Customer_300994,subscriber_300994@telecom-domain.com,comcast phone & internet billing issue,"Subscriber report regarding comcast phone & internet billing issue. Filing Channel: Customer Care Call. Location: Cutler Bay, Florida. Current Resolution Status: Solved.",Billing Dispute,High,Negative,Solved,Cutler Bay,Florida,Customer Care Call,2026-04-28 23:46:14
TC-360885,Customer_360885,subscriber_360885@telecom-domain.com,Comcast Xfinity charging rental fee for personally owned modem,"Subscriber report regarding Comcast Xfinity charging rental fee for personally owned modem. Filing Channel: Customer Care Call. Location: Cutler Bay, Florida. Current Resolution Status: Solved.",Billing Dispute,Medium,Frustrated,Solved,Cutler Bay,Florida,Customer Care Call,2026-02-27 15:03:14
TC-360740,Customer_360740,subscriber_360740@telecom-domain.com,Horrific billing,"Subscriber report regarding Horrific billing. Filing Channel: Customer Care Call. Location: Cypress, Texas. Current Resolution Status: Solved.",Billing Dispute,Medium,Frustrated,Solved,Cypress,Texas,Customer Care Call,2026-07-09 03:46:14
TC-304707,Customer_304707,subscriber_304707@telecom-domain.com,Comcast / Xfinity overcharging for internet / internet cap,"Subscriber report regarding Comcast / Xfinity overcharging for internet / internet cap. Filing Channel: Customer Care Call. Location: Dacula, Georgia. Current Resolution Status: Solved.",Data / Usage Issue,Medium,Frustrated,Solved,Dacula,Georgia,Customer Care Call,2026-03-04 14:31:14
TC-370897,Customer_370897,subscriber_370897@telecom-domain.com,Comcast Money Grab using Data Caps,"Subscriber report regarding Comcast Money Grab using Data Caps. Filing Channel: Customer Care Call. Location: Dacula, Georgia. Current Resolution Status: Pending.",Data / Usage Issue,Medium,Negative,Pending,Dacula,Georgia,Customer Care Call,2026-04-26 02:34:14
TC-371339,Customer_371339,subscriber_371339@telecom-domain.com,Comcast Internet Service Provider,"Subscriber report regarding Comcast Internet Service Provider. Filing Channel: Internet. Location: Dacula, Georgia. Current Resolution Status: Open.",Service Request,Medium,Frustrated,Open,Dacula,Georgia,Internet,2026-07-03 21:40:14
TC-374265,Customer_374265,subscriber_374265@telecom-domain.com,Fraudulent charges by Comcast,"Subscriber report regarding Fraudulent charges by Comcast. Filing Channel: Customer Care Call. Location: Dacula, Georgia. Current Resolution Status: Solved.",Billing Dispute,High,Angry,Solved,Dacula,Georgia,Customer Care Call,2026-07-27 12:00:14
TC-321859,Customer_321859,subscriber_321859@telecom-domain.com,Comcast Data Cap Compliant,"Subscriber report regarding Comcast Data Cap Compliant. Filing Channel: Customer Care Call. Location: Dallas, Georgia. Current Resolution Status: Solved.",Data / Usage Issue,Medium,Frustrated,Solved,Dallas,Georgia,Customer Care Call,2026-04-10 03:13:14
TC-361174,Customer_361174,subscriber_361174@telecom-domain.com,Billings Charges & Credits,"Subscriber report regarding Billings Charges & Credits. Filing Channel: Internet. Location: Dallas, Georgia. Current Resolution Status: Solved.",Billing Dispute,High,Negative,Solved,Dallas,Georgia,Internet,2026-05-03 14:23:14
TC-361593,Customer_361593,subscriber_361593@telecom-domain.com,"Comcast Data Cap Limits, Lack of Competition, and Anti-Competition Business and Billing Practices","Subscriber report regarding Comcast Data Cap Limits, Lack of Competition, and Anti-Competition Business and Billing Practices. Filing Channel: Internet. Location: Dallas, Georgia. Current Resolution Status: Pending.",Data / Usage Issue,Medium,Frustrated,Pending,Dallas,Georgia,Internet,2026-02-22 17:02:14
TC-374783,Customer_374783,subscriber_374783@telecom-domain.com,Deceptive Billing Practices,"Subscriber report regarding Deceptive Billing Practices. Filing Channel: Customer Care Call. Location: Dallas, Georgia. Current Resolution Status: Pending.",Billing Dispute,Medium,Frustrated,Pending,Dallas,Georgia,Customer Care Call,2026-02-22 23:40:14
TC-363368,Customer_363368,subscriber_363368@telecom-domain.com,Billing Complaint,"Subscriber report regarding Billing Complaint. Filing Channel: Customer Care Call. Location: Daly City, California. Current Resolution Status: Solved.",Billing Dispute,Medium,Frustrated,Solved,Daly City,California,Customer Care Call,2026-06-03 19:23:14
TC-242847,Customer_242847,subscriber_242847@telecom-domain.com,Comcast Unfair Billing Practices,"Subscriber report regarding Comcast Unfair Billing Practices. Filing Channel: Customer Care Call. Location: Dania Beach, Florida. Current Resolution Status: Solved.",Billing Dispute,Medium,Frustrated,Solved,Dania Beach,Florida,Customer Care Call,2026-08-14 12:49:14
TC-351573,Customer_351573,subscriber_351573@telecom-domain.com,"Comcast ""property access"" or ""right of entry""","Subscriber report regarding Comcast ""property access"" or ""right of entry"". Filing Channel: Internet. Location: Danville, California. Current Resolution Status: Solved.",Service Request,Medium,Frustrated,Solved,Danville,California,Internet,2026-07-17 12:58:14
TC-371536,Customer_371536,subscriber_371536@telecom-domain.com,Internet speed,"Subscriber report regarding Internet speed. Filing Channel: Internet. Location: Danville, California. Current Resolution Status: Solved.",Broadband Performance,Medium,Frustrated,Solved,Danville,California,Internet,2026-07-31 08:02:14
TC-236425,Customer_236425,subscriber_236425@telecom-domain.com,Robber Barron Billing Practices,"Subscriber report regarding Robber Barron Billing Practices. Filing Channel: Customer Care Call. Location: Danville, Illinois. Current Resolution Status: Solved.",Billing Dispute,Medium,Frustrated,Solved,Danville,Illinois,Customer Care Call,2026-06-01 10:03:14
TC-376227,Customer_376227,subscriber_376227@telecom-domain.com,Fradualent claims,"Subscriber report regarding Fradualent claims. Filing Channel: Customer Care Call. Location: Danville, Illinois. Current Resolution Status: Solved.",Service Request,Medium,Frustrated,Solved,Danville,Illinois,Customer Care Call,2026-03-03 20:37:14
TC-339894,Customer_339894,subscriber_339894@telecom-domain.com,Xfinity Comcast hbogo on ps4,"Subscriber report regarding Xfinity Comcast hbogo on ps4. Filing Channel: Internet. Location: Dartmouth, Massachusetts. Current Resolution Status: Open.",Service Request,Medium,Frustrated,Open,Dartmouth,Massachusetts,Internet,2026-07-28 21:36:14
TC-262190,Customer_262190,subscriber_262190@telecom-domain.com,comcast failure to respond to user communication,"Subscriber report regarding comcast failure to respond to user communication. Filing Channel: Customer Care Call. Location: Davidsonville, Maryland. Current Resolution Status: Solved.",Service Request,Medium,Negative,Solved,Davidsonville,Maryland,Customer Care Call,2026-08-03 19:28:14
TC-288196,Customer_288196,subscriber_288196@telecom-domain.com,xfinitty tv and exfinity alarm,"Subscriber report regarding xfinitty tv and exfinity alarm. Filing Channel: Internet. Location: Davie, Florida. Current Resolution Status: Solved.",Service Request,Medium,Frustrated,Solved,Davie,Florida,Internet,2026-05-16 03:58:14
TC-360651,Customer_360651,subscriber_360651@telecom-domain.com,Internet speed and price of bundle,"Subscriber report regarding Internet speed and price of bundle. Filing Channel: Customer Care Call. Location: Davie, Florida. Current Resolution Status: Solved.",Billing Dispute,Medium,Frustrated,Solved,Davie,Florida,Customer Care Call,2026-03-17 12:56:14
TC-282820,Customer_282820,subscriber_282820@telecom-domain.com,RE: Comcast Internet Illegal charges,"Subscriber report regarding RE: Comcast Internet Illegal charges. Filing Channel: Internet. Location: Davis, California. Current Resolution Status: Solved.",Billing Dispute,High,Angry,Solved,Davis,California,Internet,2026-06-22 23:01:14
TC-373822,Customer_373822,subscriber_373822@telecom-domain.com,Possible Internet Speed Throttling by my Comcast Internet Provider,"Subscriber report regarding Possible Internet Speed Throttling by my Comcast Internet Provider. Filing Channel: Customer Care Call. Location: Davis, California. Current Resolution Status: Pending.",Broadband Performance,Medium,Frustrated,Pending,Davis,California,Customer Care Call,2026-04-29 20:44:14
TC-362897,Customer_362897,subscriber_362897@telecom-domain.com,Slow speed,"Subscriber report regarding Slow speed. Filing Channel: Customer Care Call. Location: Dayton, Texas. Current Resolution Status: Solved.",Broadband Performance,Medium,Negative,Solved,Dayton,Texas,Customer Care Call,2026-04-27 23:49:14
TC-242346,Customer_242346,subscriber_242346@telecom-domain.com,Inaccurate billing,"Subscriber report regarding Inaccurate billing. Filing Channel: Customer Care Call. Location: Dearborn, Michigan. Current Resolution Status: Solved.",Billing Dispute,Medium,Frustrated,Solved,Dearborn,Michigan,Customer Care Call,2026-06-06 09:27:14
TC-361093,Customer_361093,subscriber_361093@telecom-domain.com,Comcast Internet Pricing,"Subscriber report regarding Comcast Internet Pricing. Filing Channel: Internet. Location: Dearborn, Michigan. Current Resolution Status: Solved.",Billing Dispute,Medium,Frustrated,Solved,Dearborn,Michigan,Internet,2026-05-04 10:10:14
TC-263641,Customer_263641,subscriber_263641@telecom-domain.com,Billing/contract issue related to data cap,"Subscriber report regarding Billing/contract issue related to data cap. Filing Channel: Customer Care Call. Location: Decatur, Georgia. Current Resolution Status: Solved.",Data / Usage Issue,Medium,Negative,Solved,Decatur,Georgia,Customer Care Call,2026-06-25 09:04:14
TC-304759,Customer_304759,subscriber_304759@telecom-domain.com,Comcast Data Billing,"Subscriber report regarding Comcast Data Billing. Filing Channel: Internet. Location: Decatur, Georgia. Current Resolution Status: Solved.",Billing Dispute,Medium,Frustrated,Solved,Decatur,Georgia,Internet,2026-08-12 22:50:14
TC-313021,Customer_313021,subscriber_313021@telecom-domain.com,Data Caps,"Subscriber report regarding Data Caps. Filing Channel: Customer Care Call. Location: Decatur, Georgia. Current Resolution Status: Pending.",Data / Usage Issue,Medium,Negative,Pending,Decatur,Georgia,Customer Care Call,2026-03-02 22:30:14
TC-332081,Customer_332081,subscriber_332081@telecom-domain.com,Comcast,"Subscriber report regarding Comcast. Filing Channel: Internet. Location: Decatur, Georgia. Current Resolution Status: Solved.",Service Request,Medium,Frustrated,Solved,Decatur,Georgia,Internet,2026-06-23 04:16:14
TC-332082,Customer_332082,subscriber_332082@telecom-domain.com,Comcast,"Subscriber report regarding Comcast. Filing Channel: Internet. Location: Decatur, Georgia. Current Resolution Status: Solved.",Service Request,Medium,Frustrated,Solved,Decatur,Georgia,Internet,2026-05-23 14:01:14
TC-347577,Customer_347577,subscriber_347577@telecom-domain.com,Comcast,"Subscriber report regarding Comcast. Filing Channel: Customer Care Call. Location: Decatur, Georgia. Current Resolution Status: Solved.",Service Request,Medium,Frustrated,Solved,Decatur,Georgia,Customer Care Call,2026-06-25 13:58:14
TC-368187,Customer_368187,subscriber_368187@telecom-domain.com,"Prolonged internet outage, tardy response","Subscriber report regarding Prolonged internet outage, tardy response. Filing Channel: Internet. Location: Decatur, Georgia. Current Resolution Status: Solved.",Service Outage,High,Angry,Solved,Decatur,Georgia,Internet,2026-04-13 06:22:14
TC-367526,Customer_367526,subscriber_367526@telecom-domain.com,comcast internet,"Subscriber report regarding comcast internet. Filing Channel: Internet. Location: Decherd, Tennessee. Current Resolution Status: Open.",Service Request,Medium,Frustrated,Open,Decherd,Tennessee,Internet,2026-03-11 21:04:14
TC-245446,Customer_245446,subscriber_245446@telecom-domain.com,Improper billing from Comcast,"Subscriber report regarding Improper billing from Comcast. Filing Channel: Internet. Location: Deerfield, Illinois. Current Resolution Status: Solved.",Billing Dispute,Medium,Frustrated,Solved,Deerfield,Illinois,Internet,2026-08-01 09:23:14
TC-313550,Customer_313550,subscriber_313550@telecom-domain.com,Deceptive sales tactics,"Subscriber report regarding Deceptive sales tactics. Filing Channel: Customer Care Call. Location: Deerfield Beach, Florida. Current Resolution Status: Open.",Service Request,Medium,Frustrated,Open,Deerfield Beach,Florida,Customer Care Call,2026-04-08 07:03:14
TC-330272,Customer_330272,subscriber_330272@telecom-domain.com,Misrepresentation of terms,"Subscriber report regarding Misrepresentation of terms. Filing Channel: Customer Care Call. Location: Deerfield Beach, Florida. Current Resolution Status: Solved.",Service Request,Medium,Frustrated,Solved,Deerfield Beach,Florida,Customer Care Call,2026-04-07 02:03:14
TC-364845,Customer_364845,subscriber_364845@telecom-domain.com,"Consumer Fraud - Sell at One Price, Then Advise Price is Higher","Subscriber report regarding Consumer Fraud - Sell at One Price, Then Advise Price is Higher. Filing Channel: Internet. Location: Deerfield Beach, Florida. Current Resolution Status: Solved.",Billing Dispute,High,Angry,Solved,Deerfield Beach,Florida,Internet,2026-06-18 04:58:14
TC-315506,Customer_315506,subscriber_315506@telecom-domain.com,Misleading communication.,"Subscriber report regarding Misleading communication.. Filing Channel: Customer Care Call. Location: Dekalb, Illinois. Current Resolution Status: Solved.",Service Request,Medium,Frustrated,Solved,Dekalb,Illinois,Customer Care Call,2026-05-27 15:08:14
TC-262339,Customer_262339,subscriber_262339@telecom-domain.com,Comcast Chat Agent Help,"Subscriber report regarding Comcast Chat Agent Help. Filing Channel: Customer Care Call. Location: Delmont, Pennsylvania. Current Resolution Status: Solved.",Customer Service,Medium,Frustrated,Solved,Delmont,Pennsylvania,Customer Care Call,2026-07-05 05:17:14
TC-367295,Customer_367295,subscriber_367295@telecom-domain.com,Fees,"Subscriber report regarding Fees. Filing Channel: Customer Care Call. Location: Delmont, Pennsylvania. Current Resolution Status: Solved.",Billing Dispute,Medium,Frustrated,Solved,Delmont,Pennsylvania,Customer Care Call,2026-02-22 19:13:14
TC-233417,Customer_233417,subscriber_233417@telecom-domain.com,Comcast cable company Florida,"Subscriber report regarding Comcast cable company Florida. Filing Channel: Customer Care Call. Location: Delray Beach, Florida. Current Resolution Status: Solved.",Service Request,Medium,Frustrated,Solved,Delray Beach,Florida,Customer Care Call,2026-06-09 17:56:14
TC-318583,Customer_318583,subscriber_318583@telecom-domain.com,Misleading Advertising,"Subscriber report regarding Misleading Advertising. Filing Channel: Internet. Location: Delray Beach, Florida. Current Resolution Status: Solved.",Service Request,Medium,Frustrated,Solved,Delray Beach,Florida,Internet,2026-07-01 08:00:14
TC-332981,Customer_332981,subscriber_332981@telecom-domain.com,Comcast,"Subscriber report regarding Comcast. Filing Channel: Customer Care Call. Location: Delray Beach, Florida. Current Resolution Status: Solved.",Service Request,Medium,Frustrated,Solved,Delray Beach,Florida,Customer Care Call,2026-03-23 13:01:14
TC-360267,Customer_360267,subscriber_360267@telecom-domain.com,Unfair Billing Practices regarding Comcast,"Subscriber report regarding Unfair Billing Practices regarding Comcast. Filing Channel: Internet. Location: Delray Beach, Florida. Current Resolution Status: Solved.",Billing Dispute,Medium,Frustrated,Solved,Delray Beach,Florida,Internet,2026-05-03 12:28:14
TC-369595,Customer_369595,subscriber_369595@telecom-domain.com,Unfair Comcast Bill,"Subscriber report regarding Unfair Comcast Bill. Filing Channel: Internet. Location: Delray Beach, Florida. Current Resolution Status: Open.",Billing Dispute,Medium,Frustrated,Open,Delray Beach,Florida,Internet,2026-04-05 17:19:14
TC-218043,Customer_218043,subscriber_218043@telecom-domain.com,comcast services,"Subscriber report regarding comcast services. Filing Channel: Internet. Location: Denver, Colorado. Current Resolution Status: Solved.",Service Request,Medium,Frustrated,Solved,Denver,Colorado,Internet,2026-07-02 19:13:14
TC-238450,Customer_238450,subscriber_238450@telecom-domain.com,Comcast internet speeds extremely slow,"Subscriber report regarding Comcast internet speeds extremely slow. Filing Channel: Internet. Location: Denver, Colorado. Current Resolution Status: Solved.",Broadband Performance,Medium,Negative,Solved,Denver,Colorado,Internet,2026-05-19 21:17:14
TC-249498,Customer_249498,subscriber_249498@telecom-domain.com,comcast internet service - billing problem,"Subscriber report regarding comcast internet service - billing problem. Filing Channel: Customer Care Call. Location: Denver, Colorado. Current Resolution Status: Solved.",Billing Dispute,High,Negative,Solved,Denver,Colorado,Customer Care Call,2026-03-21 11:55:14
TC-256302,Customer_256302,subscriber_256302@telecom-domain.com,Comcast speed and billing,"Subscriber report regarding Comcast speed and billing. Filing Channel: Customer Care Call. Location: Denver, Colorado. Current Resolution Status: Solved.",Billing Dispute,Medium,Frustrated,Solved,Denver,Colorado,Customer Care Call,2026-07-09 02:02:14
TC-254454,Customer_254454,subscriber_254454@telecom-domain.com,Comcast refusal to cancel service under false contract claims,"Subscriber report regarding Comcast refusal to cancel service under false contract claims. Filing Channel: Internet. Location: Denver, Colorado. Current Resolution Status: Solved.",Cancellation,Medium,Frustrated,Solved,Denver,Colorado,Internet,2026-03-01 06:05:14
TC-278557,Customer_278557,subscriber_278557@telecom-domain.com,Terrible Service and Ripped off by Comcast,"Subscriber report regarding Terrible Service and Ripped off by Comcast. Filing Channel: Internet. Location: Denver, Colorado. Current Resolution Status: Solved.",Service Request,High,Angry,Solved,Denver,Colorado,Internet,2026-07-11 05:27:14
TC-294253,Customer_294253,subscriber_294253@telecom-domain.com,Extremely slow internet speeds; Horrible support,"Subscriber report regarding Extremely slow internet speeds; Horrible support. Filing Channel: Customer Care Call. Location: Denver, Colorado. Current Resolution Status: Solved.",Broadband Performance,High,Angry,Solved,Denver,Colorado,Customer Care Call,2026-06-24 22:53:14
TC-298254,Customer_298254,subscriber_298254@telecom-domain.com,Promissed a package and then denied,"Subscriber report regarding Promissed a package and then denied. Filing Channel: Internet. Location: Denver, Colorado. Current Resolution Status: Solved.",Service Request,Medium,Frustrated,Solved,Denver,Colorado,Internet,2026-07-07 12:38:14
TC-319026,Customer_319026,subscriber_319026@telecom-domain.com,HBO GO on Playstation 3,"Subscriber report regarding HBO GO on Playstation 3. Filing Channel: Customer Care Call. Location: Denver, Colorado. Current Resolution Status: Solved.",Service Request,Medium,Frustrated,Solved,Denver,Colorado,Customer Care Call,2026-04-13 02:32:14
TC-326422,Customer_326422,subscriber_326422@telecom-domain.com,Comcast secretly raising my bill for services I never agreed to. Again.,"Subscriber report regarding Comcast secretly raising my bill for services I never agreed to. Again.. Filing Channel: Customer Care Call. Location: Denver, Colorado. Current Resolution Status: Solved.",Billing Dispute,Medium,Frustrated,Solved,Denver,Colorado,Customer Care Call,2026-04-30 12:52:14
TC-329312,Customer_329312,subscriber_329312@telecom-domain.com,Lied about $70 technician fee,"Subscriber report regarding Lied about $70 technician fee. Filing Channel: Internet. Location: Denver, Colorado. Current Resolution Status: Solved.",Billing Dispute,Medium,Frustrated,Solved,Denver,Colorado,Internet,2026-08-04 18:58:14
TC-337337,Customer_337337,subscriber_337337@telecom-domain.com,Internet Too Slow,"Subscriber report regarding Internet Too Slow. Filing Channel: Internet. Location: Denver, Colorado. Current Resolution Status: Solved.",Broadband Performance,Medium,Negative,Solved,Denver,Colorado,Internet,2026-05-05 08:29:14
TC-350389,Customer_350389,subscriber_350389@telecom-domain.com,Internet Speed Drops & Signal on Borderline,"Subscriber report regarding Internet Speed Drops & Signal on Borderline. Filing Channel: Customer Care Call. Location: Denver, Colorado. Current Resolution Status: Solved.",Broadband Performance,Medium,Frustrated,Solved,Denver,Colorado,Customer Care Call,2026-07-09 10:16:14
TC-355818,Customer_355818,subscriber_355818@telecom-domain.com,Comcast Service for EXTERIOR Line Replacement Billed to customer,"Subscriber report regarding Comcast Service for EXTERIOR Line Replacement Billed to customer. Filing Channel: Internet. Location: Denver, Colorado. Current Resolution Status: Solved.",Billing Dispute,Medium,Frustrated,Solved,Denver,Colorado,Internet,2026-07-10 13:23:14
TC-359125,Customer_359125,subscriber_359125@telecom-domain.com,Comcast Complaint,"Subscriber report regarding Comcast Complaint. Filing Channel: Customer Care Call. Location: Denver, Colorado. Current Resolution Status: Pending.",Service Request,Medium,Frustrated,Pending,Denver,Colorado,Customer Care Call,2026-04-20 20:01:14
TC-359237,Customer_359237,subscriber_359237@telecom-domain.com,I am being unfairly billed,"Subscriber report regarding I am being unfairly billed. Filing Channel: Customer Care Call. Location: Denver, Colorado. Current Resolution Status: Solved.",Billing Dispute,Medium,Frustrated,Solved,Denver,Colorado,Customer Care Call,2026-07-04 18:48:14
TC-359538,Customer_359538,subscriber_359538@telecom-domain.com,Internet Prices in U.S.A,"Subscriber report regarding Internet Prices in U.S.A. Filing Channel: Internet. Location: Denver, Colorado. Current Resolution Status: Open.",Billing Dispute,Medium,Frustrated,Open,Denver,Colorado,Internet,2026-04-28 16:49:14
TC-363079,Customer_363079,subscriber_363079@telecom-domain.com,Comcast throttling my speeds for streaming video,"Subscriber report regarding Comcast throttling my speeds for streaming video. Filing Channel: Customer Care Call. Location: Denver, Colorado. Current Resolution Status: Pending.",Broadband Performance,Medium,Frustrated,Pending,Denver,Colorado,Customer Care Call,2026-04-01 13:45:14
TC-367512,Customer_367512,subscriber_367512@telecom-domain.com,Consistently slow internet speeds,"Subscriber report regarding Consistently slow internet speeds. Filing Channel: Customer Care Call. Location: Denver, Colorado. Current Resolution Status: Open.",Broadband Performance,Medium,Negative,Open,Denver,Colorado,Customer Care Call,2026-03-20 22:38:14
TC-370212,Customer_370212,subscriber_370212@telecom-domain.com,Internet Speeds nowhere close to what I pay for,"Subscriber report regarding Internet Speeds nowhere close to what I pay for. Filing Channel: Internet. Location: Denver, Colorado. Current Resolution Status: Open.",Broadband Performance,Medium,Frustrated,Open,Denver,Colorado,Internet,2026-06-15 22:14:14
TC-371318,Customer_371318,subscriber_371318@telecom-domain.com,Billed without service,"Subscriber report regarding Billed without service. Filing Channel: Internet. Location: Denver, Colorado. Current Resolution Status: Open.",Billing Dispute,Medium,Frustrated,Open,Denver,Colorado,Internet,2026-06-30 00:59:14
TC-370876,Customer_370876,subscriber_370876@telecom-domain.com,Slow Internet,"Subscriber report regarding Slow Internet. Filing Channel: Customer Care Call. Location: Denver, Colorado. Current Resolution Status: Solved.",Broadband Performance,Medium,Negative,Solved,Denver,Colorado,Customer Care Call,2026-05-14 11:12:14
TC-309213,Customer_309213,subscriber_309213@telecom-domain.com,"Billed for modem rental for several years, Comcast refuses to refund under ""caveat emptor""","Subscriber report regarding Billed for modem rental for several years, Comcast refuses to refund under ""caveat emptor"". Filing Channel: Internet. Location: Deptford, New Jersey. Current Resolution Status: Open.",Billing Dispute,High,Angry,Open,Deptford,New Jersey,Internet,2026-08-03 12:46:14
TC-217999,Customer_217999,subscriber_217999@telecom-domain.com,Misleading information given,"Subscriber report regarding Misleading information given. Filing Channel: Internet. Location: Des Moines, Washington. Current Resolution Status: Solved.",Service Request,Medium,Frustrated,Solved,Des Moines,Washington,Internet,2026-08-17 15:05:14
TC-243449,Customer_243449,subscriber_243449@telecom-domain.com,Contract Cancellation Fees and Unauthorized Changes,"Subscriber report regarding Contract Cancellation Fees and Unauthorized Changes. Filing Channel: Customer Care Call. Location: Des Plaines, Illinois. Current Resolution Status: Solved.",Billing Dispute,Medium,Frustrated,Solved,Des Plaines,Illinois,Customer Care Call,2026-04-07 20:49:14
TC-239699,Customer_239699,subscriber_239699@telecom-domain.com,"no internet service, no on demand service","Subscriber report regarding no internet service, no on demand service. Filing Channel: Internet. Location: Detroit, Michigan. Current Resolution Status: Solved.",Service Request,Medium,Frustrated,Solved,Detroit,Michigan,Internet,2026-05-31 15:38:14
TC-249477,Customer_249477,subscriber_249477@telecom-domain.com,internet and on demand service,"Subscriber report regarding internet and on demand service. Filing Channel: Internet. Location: Detroit, Michigan. Current Resolution Status: Solved.",Service Request,Medium,Frustrated,Solved,Detroit,Michigan,Internet,2026-02-24 00:49:14
TC-306959,Customer_306959,subscriber_306959@telecom-domain.com,Unfair Charges and substandard service,"Subscriber report regarding Unfair Charges and substandard service. Filing Channel: Internet. Location: Detroit, Michigan. Current Resolution Status: Solved.",Billing Dispute,High,Negative,Solved,Detroit,Michigan,Internet,2026-06-28 04:05:14
TC-339008,Customer_339008,subscriber_339008@telecom-domain.com,Comcast Automatic Payments,"Subscriber report regarding Comcast Automatic Payments. Filing Channel: Internet. Location: Detroit, Michigan. Current Resolution Status: Solved.",Billing Dispute,Medium,Frustrated,Solved,Detroit,Michigan,Internet,2026-08-02 12:53:14
TC-373332,Customer_373332,subscriber_373332@telecom-domain.com,Outage and unfair practices,"Subscriber report regarding Outage and unfair practices. Filing Channel: Customer Care Call. Location: Detroit, Michigan. Current Resolution Status: Open.",Service Outage,High,Angry,Open,Detroit,Michigan,Customer Care Call,2026-05-23 03:38:14
TC-372553,Customer_372553,subscriber_372553@telecom-domain.com,Fraudolent pratice,"Subscriber report regarding Fraudolent pratice. Filing Channel: Internet. Location: Detroit, Michigan. Current Resolution Status: Solved.",Service Request,High,Angry,Solved,Detroit,Michigan,Internet,2026-07-18 21:02:14
TC-373429,Customer_373429,subscriber_373429@telecom-domain.com,Comcast service,"Subscriber report regarding Comcast service. Filing Channel: Customer Care Call. Location: Detroit, Michigan. Current Resolution Status: Open.",Service Request,Medium,Frustrated,Open,Detroit,Michigan,Customer Care Call,2026-04-20 02:51:14
TC-376141,Customer_376141,subscriber_376141@telecom-domain.com,Comcast Billing Practices,"Subscriber report regarding Comcast Billing Practices. Filing Channel: Internet. Location: Detroit, Michigan. Current Resolution Status: Solved.",Billing Dispute,Medium,Frustrated,Solved,Detroit,Michigan,Internet,2026-05-18 06:23:14
TC-249164,Customer_249164,subscriber_249164@telecom-domain.com,Comcast,"Subscriber report regarding Comcast. Filing Channel: Internet. Location: Dickson, Tennessee. Current Resolution Status: Solved.",Service Request,Medium,Frustrated,Solved,Dickson,Tennessee,Internet,2026-05-25 10:25:14
TC-302143,Customer_302143,subscriber_302143@telecom-domain.com,Comcast Mistreatment,"Subscriber report regarding Comcast Mistreatment. Filing Channel: Internet. Location: Doraville, Georgia. Current Resolution Status: Open.",Service Request,Medium,Frustrated,Open,Doraville,Georgia,Internet,2026-02-28 18:48:14
TC-243607,Customer_243607,subscriber_243607@telecom-domain.com,Slow connection speed for wifi,"Subscriber report regarding Slow connection speed for wifi. Filing Channel: Internet. Location: Dorchester, Massachusetts. Current Resolution Status: Solved.",Broadband Performance,Medium,Negative,Solved,Dorchester,Massachusetts,Internet,2026-05-10 15:13:14
TC-359915,Customer_359915,subscriber_359915@telecom-domain.com,"Comcast Speeds Low, and Often Disconnections","Subscriber report regarding Comcast Speeds Low, and Often Disconnections. Filing Channel: Customer Care Call. Location: Dos Palos, California. Current Resolution Status: Solved.",Broadband Performance,Medium,Frustrated,Solved,Dos Palos,California,Customer Care Call,2026-02-25 08:07:14
TC-275658,Customer_275658,subscriber_275658@telecom-domain.com,Comcast Service,"Subscriber report regarding Comcast Service. Filing Channel: Internet. Location: Dothan, Alabama. Current Resolution Status: Solved.",Service Request,Medium,Frustrated,Solved,Dothan,Alabama,Internet,2026-05-14 05:39:14
TC-263790,Customer_263790,subscriber_263790@telecom-domain.com,Denial of Refund for Overpayment,"Subscriber report regarding Denial of Refund for Overpayment. Filing Channel: Customer Care Call. Location: Douglasville, Georgia. Current Resolution Status: Solved.",Billing Dispute,Medium,Frustrated,Solved,Douglasville,Georgia,Customer Care Call,2026-06-02 04:09:14
TC-362194,Customer_362194,subscriber_362194@telecom-domain.com,Comcast data cap,"Subscriber report regarding Comcast data cap. Filing Channel: Internet. Location: Douglasville, Georgia. Current Resolution Status: Pending.",Data / Usage Issue,Medium,Frustrated,Pending,Douglasville,Georgia,Internet,2026-08-09 14:59:14
TC-357874,Customer_357874,subscriber_357874@telecom-domain.com,Comcast unfair billing,"Subscriber report regarding Comcast unfair billing. Filing Channel: Internet. Location: Dover, Delaware. Current Resolution Status: Open.",Billing Dispute,Medium,Frustrated,Open,Dover,Delaware,Internet,2026-06-09 18:15:14
TC-307493,Customer_307493,subscriber_307493@telecom-domain.com,Comcast,"Subscriber report regarding Comcast. Filing Channel: Internet. Location: Dover, New Hampshire. Current Resolution Status: Open.",Service Request,Medium,Frustrated,Open,Dover,New Hampshire,Internet,2026-03-16 12:41:14
TC-363607,Customer_363607,subscriber_363607@telecom-domain.com,Slow Service,"Subscriber report regarding Slow Service. Filing Channel: Internet. Location: Dover, New Hampshire. Current Resolution Status: Pending.",Broadband Performance,Medium,Negative,Pending,Dover,New Hampshire,Internet,2026-03-14 16:42:14
TC-249591,Customer_249591,subscriber_249591@telecom-domain.com,Comcast Internet,"Subscriber report regarding Comcast Internet. Filing Channel: Internet. Location: Dover, Pennsylvania. Current Resolution Status: Solved.",Service Request,Medium,Frustrated,Solved,Dover,Pennsylvania,Internet,2026-06-16 14:39:14
TC-332712,Customer_332712,subscriber_332712@telecom-domain.com,Comcast,"Subscriber report regarding Comcast. Filing Channel: Customer Care Call. Location: Dover, Pennsylvania. Current Resolution Status: Solved.",Service Request,Medium,Frustrated,Solved,Dover,Pennsylvania,Customer Care Call,2026-08-14 03:39:14
TC-363854,Customer_363854,subscriber_363854@telecom-domain.com,Internet Issue,"Subscriber report regarding Internet Issue. Filing Channel: Internet. Location: Dover, Pennsylvania. Current Resolution Status: Open.",Service Request,Medium,Negative,Open,Dover,Pennsylvania,Internet,2026-03-18 23:25:14
TC-258515,Customer_258515,subscriber_258515@telecom-domain.com,Business Class Service,"Subscriber report regarding Business Class Service. Filing Channel: Internet. Location: Dowagiac, Michigan. Current Resolution Status: Solved.",Service Request,Medium,Frustrated,Solved,Dowagiac,Michigan,Internet,2026-05-12 16:11:14
TC-221068,Customer_221068,subscriber_221068@telecom-domain.com,DNS Web hosting,"Subscriber report regarding DNS Web hosting. Filing Channel: Customer Care Call. Location: Downers Grove, Illinois. Current Resolution Status: Solved.",Service Request,Medium,Frustrated,Solved,Downers Grove,Illinois,Customer Care Call,2026-08-08 20:20:14
TC-266657,Customer_266657,subscriber_266657@telecom-domain.com,Fraudulent account,"Subscriber report regarding Fraudulent account. Filing Channel: Internet. Location: Downers Grove, Illinois. Current Resolution Status: Solved.",Service Request,High,Angry,Solved,Downers Grove,Illinois,Internet,2026-08-06 10:32:14
TC-238258,Customer_238258,subscriber_238258@telecom-domain.com,Comcast Internet Service Complaint,"Subscriber report regarding Comcast Internet Service Complaint. Filing Channel: Internet. Location: Doylestown, Pennsylvania. Current Resolution Status: Solved.",Service Request,Medium,Frustrated,Solved,Doylestown,Pennsylvania,Internet,2026-02-27 03:45:14
TC-270964,Customer_270964,subscriber_270964@telecom-domain.com,Billing Issues,"Subscriber report regarding Billing Issues. Filing Channel: Customer Care Call. Location: Dublin, California. Current Resolution Status: Solved.",Billing Dispute,High,Negative,Solved,Dublin,California,Customer Care Call,2026-06-15 23:04:14
TC-256312,Customer_256312,subscriber_256312@telecom-domain.com,Comcast poor service or throttling,"Subscriber report regarding Comcast poor service or throttling. Filing Channel: Customer Care Call. Location: Dubois, Pennsylvania. Current Resolution Status: Solved.",Broadband Performance,Medium,Frustrated,Solved,Dubois,Pennsylvania,Customer Care Call,2026-03-11 22:56:14
TC-266686,Customer_266686,subscriber_266686@telecom-domain.com,Comcast Refuses to Fix Billing If a Virus Causes Data Usage Over Cap on a system protected by THEIR AV,"Subscriber report regarding Comcast Refuses to Fix Billing If a Virus Causes Data Usage Over Cap on a system protected by THEIR AV. Filing Channel: Internet. Location: Duluth, Georgia. Current Resolution Status: Solved.",Data / Usage Issue,High,Angry,Solved,Duluth,Georgia,Internet,2026-04-11 11:31:14
TC-294252,Customer_294252,subscriber_294252@telecom-domain.com,No broadband service provided,"Subscriber report regarding No broadband service provided. Filing Channel: Internet. Location: Duluth, Georgia. Current Resolution Status: Solved.",Service Request,Medium,Frustrated,Solved,Duluth,Georgia,Internet,2026-05-14 06:45:14
TC-315855,Customer_315855,subscriber_315855@telecom-domain.com,Poor Service from Comcast,"Subscriber report regarding Poor Service from Comcast. Filing Channel: Customer Care Call. Location: Duluth, Georgia. Current Resolution Status: Solved.",Service Request,Medium,Frustrated,Solved,Duluth,Georgia,Customer Care Call,2026-07-27 07:59:14
TC-373569,Customer_373569,subscriber_373569@telecom-domain.com,300 gb cap,"Subscriber report regarding 300 gb cap. Filing Channel: Customer Care Call. Location: Duluth, Georgia. Current Resolution Status: Pending.",Data / Usage Issue,Medium,Frustrated,Pending,Duluth,Georgia,Customer Care Call,2026-07-26 10:18:14
TC-351246,Customer_351246,subscriber_351246@telecom-domain.com,Comcast Data Caps,"Subscriber report regarding Comcast Data Caps. Filing Channel: Internet. Location: Dunwoody, Georgia. Current Resolution Status: Solved.",Data / Usage Issue,Medium,Negative,Solved,Dunwoody,Georgia,Internet,2026-06-03 14:20:14
TC-338638,Customer_338638,subscriber_338638@telecom-domain.com,"Slow speeds, poor service,.","Subscriber report regarding Slow speeds, poor service,.. Filing Channel: Internet. Location: Dupont, Washington. Current Resolution Status: Open.",Broadband Performance,Medium,Negative,Open,Dupont,Washington,Internet,2026-05-17 10:31:14
TC-364817,Customer_364817,subscriber_364817@telecom-domain.com,Billing and Service,"Subscriber report regarding Billing and Service. Filing Channel: Customer Care Call. Location: Dupont, Washington. Current Resolution Status: Open.",Billing Dispute,Medium,Frustrated,Open,Dupont,Washington,Customer Care Call,2026-06-28 00:18:14
TC-260681,Customer_260681,subscriber_260681@telecom-domain.com,comcast of indiana,"Subscriber report regarding comcast of indiana. Filing Channel: Internet. Location: Dyer, Indiana. Current Resolution Status: Solved.",Service Request,Medium,Frustrated,Solved,Dyer,Indiana,Internet,2026-04-28 13:13:14
TC-326518,Customer_326518,subscriber_326518@telecom-domain.com,Comcast trial of putting cap (300 GB / month) on internet usage.,"Subscriber report regarding Comcast trial of putting cap (300 GB / month) on internet usage.. Filing Channel: Customer Care Call. Location: Eads, Tennessee. Current Resolution Status: Solved.",Data / Usage Issue,Medium,Frustrated,Solved,Eads,Tennessee,Customer Care Call,2026-03-21 09:08:14
TC-350956,Customer_350956,subscriber_350956@telecom-domain.com,Comcast Data Caps,"Subscriber report regarding Comcast Data Caps. Filing Channel: Internet. Location: Eads, Tennessee. Current Resolution Status: Open.",Data / Usage Issue,Medium,Negative,Open,Eads,Tennessee,Internet,2026-04-25 07:32:14
TC-354423,Customer_354423,subscriber_354423@telecom-domain.com,Comcast Data Cap & Code Injection,"Subscriber report regarding Comcast Data Cap & Code Injection. Filing Channel: Internet. Location: Eads, Tennessee. Current Resolution Status: Pending.",Data / Usage Issue,Medium,Frustrated,Pending,Eads,Tennessee,Internet,2026-04-14 17:37:14
TC-255465,Customer_255465,subscriber_255465@telecom-domain.com,Comcast billing/service,"Subscriber report regarding Comcast billing/service. Filing Channel: Internet. Location: East Brunswick, New Jersey. Current Resolution Status: Solved.",Billing Dispute,Medium,Frustrated,Solved,East Brunswick,New Jersey,Internet,2026-06-05 10:36:14
TC-285591,Customer_285591,subscriber_285591@telecom-domain.com,Comcast-flat fee contract-misrepresentation,"Subscriber report regarding Comcast-flat fee contract-misrepresentation. Filing Channel: Customer Care Call. Location: East Brunswick, New Jersey. Current Resolution Status: Solved.",Billing Dispute,Medium,Frustrated,Solved,East Brunswick,New Jersey,Customer Care Call,2026-06-26 04:02:14
TC-344657,Customer_344657,subscriber_344657@telecom-domain.com,Comcast Internet problems,"Subscriber report regarding Comcast Internet problems. Filing Channel: Internet. Location: East Brunswick, New Jersey. Current Resolution Status: Solved.",Service Request,Medium,Negative,Solved,East Brunswick,New Jersey,Internet,2026-05-03 03:20:14
TC-364868,Customer_364868,subscriber_364868@telecom-domain.com,Comcast Internet Billing,"Subscriber report regarding Comcast Internet Billing. Filing Channel: Customer Care Call. Location: East Brunswick, New Jersey. Current Resolution Status: Open.",Billing Dispute,Medium,Frustrated,Open,East Brunswick,New Jersey,Customer Care Call,2026-07-10 11:26:14
TC-369184,Customer_369184,subscriber_369184@telecom-domain.com,Comcast xfinity triple play,"Subscriber report regarding Comcast xfinity triple play. Filing Channel: Customer Care Call. Location: East Brunswick, New Jersey. Current Resolution Status: Solved.",Service Request,Medium,Frustrated,Solved,East Brunswick,New Jersey,Customer Care Call,2026-06-05 12:28:14
TC-365648,Customer_365648,subscriber_365648@telecom-domain.com,Billing issues with Comcast,"Subscriber report regarding Billing issues with Comcast. Filing Channel: Customer Care Call. Location: East Chicago, Indiana. Current Resolution Status: Solved.",Billing Dispute,High,Negative,Solved,East Chicago,Indiana,Customer Care Call,2026-05-23 04:36:14
TC-351497,Customer_351497,subscriber_351497@telecom-domain.com,Comcast Internet,"Subscriber report regarding Comcast Internet. Filing Channel: Internet. Location: East Liverpool, Ohio. Current Resolution Status: Solved.",Service Request,Medium,Frustrated,Solved,East Liverpool,Ohio,Internet,2026-07-01 05:45:14
TC-338674,Customer_338674,subscriber_338674@telecom-domain.com,Comcast outage - Bay Area,"Subscriber report regarding Comcast outage - Bay Area. Filing Channel: Internet. Location: East Palo Alto, California. Current Resolution Status: Open.",Service Outage,High,Angry,Open,East Palo Alto,California,Internet,2026-08-09 23:58:14
TC-315759,Customer_315759,subscriber_315759@telecom-domain.com,Comcast of East Windsor NJ Complaint,"Subscriber report regarding Comcast of East Windsor NJ Complaint. Filing Channel: Internet. Location: East Windsor, New Jersey. Current Resolution Status: Pending.",Service Request,Medium,Frustrated,Pending,East Windsor,New Jersey,Internet,2026-03-20 05:02:14
TC-296722,Customer_296722,subscriber_296722@telecom-domain.com,Terrible Comcast service,"Subscriber report regarding Terrible Comcast service. Filing Channel: Customer Care Call. Location: Eden Prairie, Minnesota. Current Resolution Status: Solved.",Service Request,High,Angry,Solved,Eden Prairie,Minnesota,Customer Care Call,2026-06-04 23:08:14
TC-315836,Customer_315836,subscriber_315836@telecom-domain.com,Complaint against Comcast for incredibly bad service,"Subscriber report regarding Complaint against Comcast for incredibly bad service. Filing Channel: Customer Care Call. Location: Edgewood, Washington. Current Resolution Status: Pending.",Service Request,Medium,Frustrated,Pending,Edgewood,Washington,Customer Care Call,2026-06-07 08:53:14
TC-291175,Customer_291175,subscriber_291175@telecom-domain.com,Data Caps,"Subscriber report regarding Data Caps. Filing Channel: Customer Care Call. Location: Edina, Minnesota. Current Resolution Status: Open.",Data / Usage Issue,Medium,Negative,Open,Edina,Minnesota,Customer Care Call,2026-04-15 18:48:14
TC-319694,Customer_319694,subscriber_319694@telecom-domain.com,Internet service speed,"Subscriber report regarding Internet service speed. Filing Channel: Customer Care Call. Location: Edmonds, Washington. Current Resolution Status: Solved.",Broadband Performance,Medium,Frustrated,Solved,Edmonds,Washington,Customer Care Call,2026-06-09 04:24:14
TC-364449,Customer_364449,subscriber_364449@telecom-domain.com,Comcast xfinity price gouging seniors,"Subscriber report regarding Comcast xfinity price gouging seniors. Filing Channel: Customer Care Call. Location: Egg Harbor City, New Jersey. Current Resolution Status: Solved.",Billing Dispute,Medium,Frustrated,Solved,Egg Harbor City,New Jersey,Customer Care Call,2026-03-15 20:19:14
TC-275612,Customer_275612,subscriber_275612@telecom-domain.com,Misrepresentation of billing,"Subscriber report regarding Misrepresentation of billing. Filing Channel: Customer Care Call. Location: El Cerrito, California. Current Resolution Status: Solved.",Billing Dispute,Medium,Frustrated,Solved,El Cerrito,California,Customer Care Call,2026-02-26 17:19:14
TC-281211,Customer_281211,subscriber_281211@telecom-domain.com,"Constant non response, or passing to other operator. Supervisers inability to resolve of help. Numerous lies told.","Subscriber report regarding Constant non response, or passing to other operator. Supervisers inability to resolve of help. Numerous lies told.. Filing Channel: Customer Care Call. Location: El Cerrito, California. Current Resolution Status: Solved.",Service Request,Medium,Frustrated,Solved,El Cerrito,California,Customer Care Call,2026-05-11 09:46:14
TC-363708,Customer_363708,subscriber_363708@telecom-domain.com,Comcast chronic lies,"Subscriber report regarding Comcast chronic lies. Filing Channel: Customer Care Call. Location: El Cerrito, California. Current Resolution Status: Open.",Service Request,Medium,Frustrated,Open,El Cerrito,California,Customer Care Call,2026-08-12 19:20:14
TC-365908,Customer_365908,subscriber_365908@telecom-domain.com,Comcast Internet Only Service,"Subscriber report regarding Comcast Internet Only Service. Filing Channel: Internet. Location: El Cerrito, California. Current Resolution Status: Open.",Service Request,Medium,Frustrated,Open,El Cerrito,California,Internet,2026-05-23 23:51:14
TC-222882,Customer_222882,subscriber_222882@telecom-domain.com,Comcast broke 36 month contract by increasing bill...,"Subscriber report regarding Comcast broke 36 month contract by increasing bill.... Filing Channel: Customer Care Call. Location: El Dorado Hills, California. Current Resolution Status: Solved.",Billing Dispute,Medium,Frustrated,Solved,El Dorado Hills,California,Customer Care Call,2026-05-18 06:26:14
TC-367435,Customer_367435,subscriber_367435@telecom-domain.com,unfair billing practices,"Subscriber report regarding unfair billing practices. Filing Channel: Internet. Location: Eldersburg, Maryland. Current Resolution Status: Solved.",Billing Dispute,Medium,Frustrated,Solved,Eldersburg,Maryland,Internet,2026-06-24 05:40:14
TC-354805,Customer_354805,subscriber_354805@telecom-domain.com,Installation Charges,"Subscriber report regarding Installation Charges. Filing Channel: Customer Care Call. Location: Elgin, Illinois. Current Resolution Status: Solved.",Billing Dispute,High,Negative,Solved,Elgin,Illinois,Customer Care Call,2026-08-01 17:03:14
TC-360640,Customer_360640,subscriber_360640@telecom-domain.com,Comcast Over Charging Bundle PKG,"Subscriber report regarding Comcast Over Charging Bundle PKG. Filing Channel: Customer Care Call. Location: Elgin, Illinois. Current Resolution Status: Open.",Service Request,Medium,Frustrated,Open,Elgin,Illinois,Customer Care Call,2026-08-03 06:55:14
TC-312797,Customer_312797,subscriber_312797@telecom-domain.com,Comcast/Xfinity Data Allowance,"Subscriber report regarding Comcast/Xfinity Data Allowance. Filing Channel: Internet. Location: Elizabethtown, Kentucky. Current Resolution Status: Pending.",Service Request,Medium,Frustrated,Pending,Elizabethtown,Kentucky,Internet,2026-03-16 10:34:14
TC-363674,Customer_363674,subscriber_363674@telecom-domain.com,pricing,"Subscriber report regarding pricing. Filing Channel: Internet. Location: Elkhart, Indiana. Current Resolution Status: Open.",Billing Dispute,Medium,Frustrated,Open,Elkhart,Indiana,Internet,2026-06-02 09:39:14
TC-363879,Customer_363879,subscriber_363879@telecom-domain.com,60 days to close my account,"Subscriber report regarding 60 days to close my account. Filing Channel: Internet. Location: Elkhart, Indiana. Current Resolution Status: Solved.",Service Request,Medium,Frustrated,Solved,Elkhart,Indiana,Internet,2026-03-31 05:24:14
TC-240793,Customer_240793,subscriber_240793@telecom-domain.com,Fraudulent billing by Comcast.,"Subscriber report regarding Fraudulent billing by Comcast.. Filing Channel: Internet. Location: Elkins Park, Pennsylvania. Current Resolution Status: Solved.",Billing Dispute,High,Angry,Solved,Elkins Park,Pennsylvania,Internet,2026-03-07 17:56:14
TC-361453,Customer_361453,subscriber_361453@telecom-domain.com,Comcast Failed to Switch our Systems to New Location and Shut Down the Current Location,"Subscriber report regarding Comcast Failed to Switch our Systems to New Location and Shut Down the Current Location. Filing Channel: Internet. Location: Ellicott City, Maryland. Current Resolution Status: Solved.",Service Outage,High,Angry,Solved,Ellicott City,Maryland,Internet,2026-06-09 21:11:14
TC-256173,Customer_256173,subscriber_256173@telecom-domain.com,Comcast slamming issue,"Subscriber report regarding Comcast slamming issue. Filing Channel: Internet. Location: Elmhurst, Illinois. Current Resolution Status: Solved.",Service Request,Medium,Negative,Solved,Elmhurst,Illinois,Internet,2026-03-01 12:55:14
TC-290961,Customer_290961,subscriber_290961@telecom-domain.com,Please stop Broadband bandwidth caps,"Subscriber report regarding Please stop Broadband bandwidth caps. Filing Channel: Customer Care Call. Location: Emeryville, California. Current Resolution Status: Solved.",Data / Usage Issue,Medium,Negative,Solved,Emeryville,California,Customer Care Call,2026-04-18 12:02:14
TC-363786,Customer_363786,subscriber_363786@telecom-domain.com,comcast internet in emeryville throttles speed,"Subscriber report regarding comcast internet in emeryville throttles speed. Filing Channel: Internet. Location: Emeryville, California. Current Resolution Status: Pending.",Broadband Performance,Medium,Frustrated,Pending,Emeryville,California,Internet,2026-07-10 08:41:14
TC-359991,Customer_359991,subscriber_359991@telecom-domain.com,Pricing Concerns,"Subscriber report regarding Pricing Concerns. Filing Channel: Internet. Location: Encino, California. Current Resolution Status: Open.",Billing Dispute,Medium,Frustrated,Open,Encino,California,Internet,2026-07-09 06:45:14
TC-370823,Customer_370823,subscriber_370823@telecom-domain.com,"95 Palmer Road, Enfield NH Internet Pricing","Subscriber report regarding 95 Palmer Road, Enfield NH Internet Pricing. Filing Channel: Customer Care Call. Location: Enfield, New Hampshire. Current Resolution Status: Open.",Billing Dispute,Medium,Frustrated,Open,Enfield,New Hampshire,Customer Care Call,2026-06-30 03:26:14
TC-359462,Customer_359462,subscriber_359462@telecom-domain.com,"Overpriced, low quality service","Subscriber report regarding Overpriced, low quality service. Filing Channel: Internet. Location: Englewood, Colorado. Current Resolution Status: Solved.",Billing Dispute,Medium,Frustrated,Solved,Englewood,Colorado,Internet,2026-06-10 12:32:14
TC-249470,Customer_249470,subscriber_249470@telecom-domain.com,Bundled Service,"Subscriber report regarding Bundled Service. Filing Channel: Internet. Location: Englewood, Florida. Current Resolution Status: Solved.",Service Request,Medium,Frustrated,Solved,Englewood,Florida,Internet,2026-06-14 20:33:14
TC-243193,Customer_243193,subscriber_243193@telecom-domain.com,Comcast customer service and billing complaint,"Subscriber report regarding Comcast customer service and billing complaint. Filing Channel: Customer Care Call. Location: Enola, Pennsylvania. Current Resolution Status: Solved.",Billing Dispute,Medium,Frustrated,Solved,Enola,Pennsylvania,Customer Care Call,2026-03-22 05:40:14
TC-266179,Customer_266179,subscriber_266179@telecom-domain.com,Comcast Throttling,"Subscriber report regarding Comcast Throttling. Filing Channel: Internet. Location: Eugene, Oregon. Current Resolution Status: Solved.",Broadband Performance,Medium,Frustrated,Solved,Eugene,Oregon,Internet,2026-04-21 18:02:14
TC-286301,Customer_286301,subscriber_286301@telecom-domain.com,"lack of service, Service call complaint","Subscriber report regarding lack of service, Service call complaint. Filing Channel: Customer Care Call. Location: Eugene, Oregon. Current Resolution Status: Solved.",Call Drops,Medium,Frustrated,Solved,Eugene,Oregon,Customer Care Call,2026-07-23 20:37:14
TC-286302,Customer_286302,subscriber_286302@telecom-domain.com,"lack of service, Service call complaint","Subscriber report regarding lack of service, Service call complaint. Filing Channel: Customer Care Call. Location: Eugene, Oregon. Current Resolution Status: Solved.",Call Drops,Medium,Frustrated,Solved,Eugene,Oregon,Customer Care Call,2026-07-22 08:03:14
TC-291730,Customer_291730,subscriber_291730@telecom-domain.com,Comcast fradulent Marketing and billing for internet,"Subscriber report regarding Comcast fradulent Marketing and billing for internet. Filing Channel: Customer Care Call. Location: Eugene, Oregon. Current Resolution Status: Solved.",Billing Dispute,Medium,Frustrated,Solved,Eugene,Oregon,Customer Care Call,2026-04-01 04:56:14
TC-304483,Customer_304483,subscriber_304483@telecom-domain.com,Unreliable service for the past three years,"Subscriber report regarding Unreliable service for the past three years. Filing Channel: Customer Care Call. Location: Eugene, Oregon. Current Resolution Status: Solved.",Service Request,Medium,Frustrated,Solved,Eugene,Oregon,Customer Care Call,2026-07-22 05:14:14
TC-358336,Customer_358336,subscriber_358336@telecom-domain.com,Comcast has doubled my internet fee without warning,"Subscriber report regarding Comcast has doubled my internet fee without warning. Filing Channel: Internet. Location: Eugene, Oregon. Current Resolution Status: Solved.",Billing Dispute,Medium,Frustrated,Solved,Eugene,Oregon,Internet,2026-03-02 01:39:14
TC-363716,Customer_363716,subscriber_363716@telecom-domain.com,Frequent disconnects,"Subscriber report regarding Frequent disconnects. Filing Channel: Customer Care Call. Location: Eugene, Oregon. Current Resolution Status: Solved.",Service Outage,Medium,Frustrated,Solved,Eugene,Oregon,Customer Care Call,2026-03-04 10:50:14
TC-364369,Customer_364369,subscriber_364369@telecom-domain.com,BILLING ISSUE,"Subscriber report regarding BILLING ISSUE. Filing Channel: Internet. Location: Eustis, Florida. Current Resolution Status: Solved.",Billing Dispute,High,Negative,Solved,Eustis,Florida,Internet,2026-07-23 10:02:14
TC-360826,Customer_360826,subscriber_360826@telecom-domain.com,Comcast Unfair Billing Practices,"Subscriber report regarding Comcast Unfair Billing Practices. Filing Channel: Customer Care Call. Location: Evans, Colorado. Current Resolution Status: Solved.",Billing Dispute,Medium,Frustrated,Solved,Evans,Colorado,Customer Care Call,2026-03-03 11:35:14
TC-315602,Customer_315602,subscriber_315602@telecom-domain.com,Comcast deceptive selling billing lack of service - SECOND And EXPANDED COMPLAINT,"Subscriber report regarding Comcast deceptive selling billing lack of service - SECOND And EXPANDED COMPLAINT. Filing Channel: Internet. Location: Evans, Georgia. Current Resolution Status: Solved.",Billing Dispute,Medium,Frustrated,Solved,Evans,Georgia,Internet,2026-05-09 14:59:14
TC-342613,Customer_342613,subscriber_342613@telecom-domain.com,Comcast complaint about internet speed,"Subscriber report regarding Comcast complaint about internet speed. Filing Channel: Customer Care Call. Location: Evans, Georgia. Current Resolution Status: Solved.",Broadband Performance,Medium,Frustrated,Solved,Evans,Georgia,Customer Care Call,2026-02-25 13:33:14
TC-350740,Customer_350740,subscriber_350740@telecom-domain.com,Comcast Billing Issues,"Subscriber report regarding Comcast Billing Issues. Filing Channel: Internet. Location: Evans, Georgia. Current Resolution Status: Solved.",Billing Dispute,High,Negative,Solved,Evans,Georgia,Internet,2026-07-07 15:05:14
TC-319816,Customer_319816,subscriber_319816@telecom-domain.com,Comcast (Chicago IL),"Subscriber report regarding Comcast (Chicago IL). Filing Channel: Internet. Location: Evanston, Illinois. Current Resolution Status: Solved.",Service Request,Medium,Frustrated,Solved,Evanston,Illinois,Internet,2026-03-19 02:19:14
TC-346686,Customer_346686,subscriber_346686@telecom-domain.com,No Internet for last 6 days and Comcast is not doing anything,"Subscriber report regarding No Internet for last 6 days and Comcast is not doing anything. Filing Channel: Customer Care Call. Location: Everett, Massachusetts. Current Resolution Status: Solved.",Service Request,Medium,Frustrated,Solved,Everett,Massachusetts,Customer Care Call,2026-03-03 06:37:14
TC-358340,Customer_358340,subscriber_358340@telecom-domain.com,Comcast Price Gouging,"Subscriber report regarding Comcast Price Gouging. Filing Channel: Internet. Location: Everett, Washington. Current Resolution Status: Open.",Billing Dispute,Medium,Frustrated,Open,Everett,Washington,Internet,2026-06-15 03:52:14
TC-364765,Customer_364765,subscriber_364765@telecom-domain.com,Unable to renew IP address,"Subscriber report regarding Unable to renew IP address. Filing Channel: Customer Care Call. Location: Everett, Washington. Current Resolution Status: Solved.",Service Request,Medium,Frustrated,Solved,Everett,Washington,Customer Care Call,2026-04-04 23:15:14
TC-266217,Customer_266217,subscriber_266217@telecom-domain.com,Comcast,"Subscriber report regarding Comcast. Filing Channel: Customer Care Call. Location: Export, Pennsylvania. Current Resolution Status: Solved.",Service Request,Medium,Frustrated,Solved,Export,Pennsylvania,Customer Care Call,2026-03-28 01:59:14
TC-361326,Customer_361326,subscriber_361326@telecom-domain.com,COMCAST,"Subscriber report regarding COMCAST. Filing Channel: Customer Care Call. Location: Fairburn, Georgia. Current Resolution Status: Solved.",Service Request,Medium,Frustrated,Solved,Fairburn,Georgia,Customer Care Call,2026-04-11 23:47:14
TC-375039,Customer_375039,subscriber_375039@telecom-domain.com,Comcast Issues,"Subscriber report regarding Comcast Issues. Filing Channel: Customer Care Call. Location: Fairfield, California. Current Resolution Status: Pending.",Service Request,Medium,Negative,Pending,Fairfield,California,Customer Care Call,2026-02-26 01:47:14
TC-281647,Customer_281647,subscriber_281647@telecom-domain.com,Comcast will not service our home,"Subscriber report regarding Comcast will not service our home. Filing Channel: Customer Care Call. Location: Fall City, Washington. Current Resolution Status: Solved.",Service Request,Medium,Frustrated,Solved,Fall City,Washington,Customer Care Call,2026-04-05 20:25:14
TC-229552,Customer_229552,subscriber_229552@telecom-domain.com,Comcast/xfinity,"Subscriber report regarding Comcast/xfinity. Filing Channel: Customer Care Call. Location: Fall River, Massachusetts. Current Resolution Status: Solved.",Service Request,Medium,Frustrated,Solved,Fall River,Massachusetts,Customer Care Call,2026-05-14 02:31:14
TC-280454,Customer_280454,subscriber_280454@telecom-domain.com,Comcast Billing and Service Issues,"Subscriber report regarding Comcast Billing and Service Issues. Filing Channel: Customer Care Call. Location: Falling Waters, West Virginia. Current Resolution Status: Solved.",Billing Dispute,High,Negative,Solved,Falling Waters,West Virginia,Customer Care Call,2026-06-21 12:30:14
TC-244215,Customer_244215,subscriber_244215@telecom-domain.com,Poor service,"Subscriber report regarding Poor service. Filing Channel: Customer Care Call. Location: Falmouth, Massachusetts. Current Resolution Status: Open.",Service Request,Medium,Frustrated,Open,Falmouth,Massachusetts,Customer Care Call,2026-08-11 22:56:14
TC-342774,Customer_342774,subscriber_342774@telecom-domain.com,Data cap,"Subscriber report regarding Data cap. Filing Channel: Customer Care Call. Location: Fayettevile, Georgia. Current Resolution Status: Open.",Data / Usage Issue,Medium,Frustrated,Open,Fayettevile,Georgia,Customer Care Call,2026-04-18 02:53:14
TC-317954,Customer_317954,subscriber_317954@telecom-domain.com,Comcast,"Subscriber report regarding Comcast. Filing Channel: Customer Care Call. Location: Fayetteville, Georgia. Current Resolution Status: Solved.",Service Request,Medium,Frustrated,Solved,Fayetteville,Georgia,Customer Care Call,2026-05-09 10:05:14
TC-334864,Customer_334864,subscriber_334864@telecom-domain.com,internet billing,"Subscriber report regarding internet billing. Filing Channel: Internet. Location: Feasterville, Pennsylvania. Current Resolution Status: Solved.",Billing Dispute,Medium,Frustrated,Solved,Feasterville,Pennsylvania,Internet,2026-02-22 12:41:14
TC-214213,Customer_214213,subscriber_214213@telecom-domain.com,Comcast fluctuating prices,"Subscriber report regarding Comcast fluctuating prices. Filing Channel: Customer Care Call. Location: Federal Way, Washington. Current Resolution Status: Solved.",Billing Dispute,Medium,Frustrated,Solved,Federal Way,Washington,Customer Care Call,2026-06-20 12:39:14
TC-356818,Customer_356818,subscriber_356818@telecom-domain.com,Recurring Comcast service issues and long waits for non-service,"Subscriber report regarding Recurring Comcast service issues and long waits for non-service. Filing Channel: Internet. Location: Federal Way, Washington. Current Resolution Status: Solved.",Service Request,Medium,Negative,Solved,Federal Way,Washington,Internet,2026-04-18 17:08:14
TC-359812,Customer_359812,subscriber_359812@telecom-domain.com,Multiple billing an dcompetative issues.,"Subscriber report regarding Multiple billing an dcompetative issues.. Filing Channel: Internet. Location: Federal Way, Washington. Current Resolution Status: Pending.",Billing Dispute,High,Negative,Pending,Federal Way,Washington,Internet,2026-03-04 23:43:14
TC-239964,Customer_239964,subscriber_239964@telecom-domain.com,Comcast fraudualent billing,"Subscriber report regarding Comcast fraudualent billing. Filing Channel: Customer Care Call. Location: Ferndale, Michigan. Current Resolution Status: Solved.",Billing Dispute,High,Angry,Solved,Ferndale,Michigan,Customer Care Call,2026-08-06 11:38:14
TC-313367,Customer_313367,subscriber_313367@telecom-domain.com,Comcast Service,"Subscriber report regarding Comcast Service. Filing Channel: Internet. Location: Flemington, New Jersey. Current Resolution Status: Solved.",Service Request,Medium,Frustrated,Solved,Flemington,New Jersey,Internet,2026-07-10 19:44:14
TC-225770,Customer_225770,subscriber_225770@telecom-domain.com,Re: Internet Too Expensive,"Subscriber report regarding Re: Internet Too Expensive. Filing Channel: Customer Care Call. Location: Flint, Michigan. Current Resolution Status: Solved.",Service Request,Medium,Frustrated,Solved,Flint,Michigan,Customer Care Call,2026-06-14 10:43:14
TC-333020,Customer_333020,subscriber_333020@telecom-domain.com,Charged for Services not provided,"Subscriber report regarding Charged for Services not provided. Filing Channel: Internet. Location: Flint, Michigan. Current Resolution Status: Solved.",Billing Dispute,High,Negative,Solved,Flint,Michigan,Internet,2026-03-06 07:00:14
TC-350675,Customer_350675,subscriber_350675@telecom-domain.com,paying for WiFi and its not working,"Subscriber report regarding paying for WiFi and its not working. Filing Channel: Customer Care Call. Location: Flint, Michigan. Current Resolution Status: Solved.",Service Outage,Medium,Frustrated,Solved,Flint,Michigan,Customer Care Call,2026-06-30 20:31:14
TC-360281,Customer_360281,subscriber_360281@telecom-domain.com,ISP Data Cap,"Subscriber report regarding ISP Data Cap. Filing Channel: Internet. Location: Florence, Alabama. Current Resolution Status: Pending.",Data / Usage Issue,Medium,Frustrated,Pending,Florence,Alabama,Internet,2026-03-19 05:06:14
TC-333174,Customer_333174,subscriber_333174@telecom-domain.com,Internet Connection and Speed Issues,"Subscriber report regarding Internet Connection and Speed Issues. Filing Channel: Internet. Location: Forest Grove, Oregon. Current Resolution Status: Solved.",Broadband Performance,Medium,Negative,Solved,Forest Grove,Oregon,Internet,2026-06-11 06:58:14
TC-245155,Customer_245155,subscriber_245155@telecom-domain.com,Comcast internet,"Subscriber report regarding Comcast internet. Filing Channel: Customer Care Call. Location: Forked River, New Jersey. Current Resolution Status: Solved.",Service Request,Medium,Frustrated,Solved,Forked River,New Jersey,Customer Care Call,2026-03-08 12:21:14
TC-314727,Customer_314727,subscriber_314727@telecom-domain.com,Comcast Will Not Provide Online Content Without Cable Box,"Subscriber report regarding Comcast Will Not Provide Online Content Without Cable Box. Filing Channel: Internet. Location: Fort Belvoir, Virginia. Current Resolution Status: Pending.",Equipment / Router,Medium,Frustrated,Pending,Fort Belvoir,Virginia,Internet,2026-08-17 04:38:14
TC-356202,Customer_356202,subscriber_356202@telecom-domain.com,Internet cap,"Subscriber report regarding Internet cap. Filing Channel: Customer Care Call. Location: Fort Campbell, Kentucky. Current Resolution Status: Solved.",Data / Usage Issue,Medium,Frustrated,Solved,Fort Campbell,Kentucky,Customer Care Call,2026-03-18 07:13:14
TC-358138,Customer_358138,subscriber_358138@telecom-domain.com,Lack of reasonable infrastructure close to town,"Subscriber report regarding Lack of reasonable infrastructure close to town. Filing Channel: Internet. Location: Fort Collins, Colorado. Current Resolution Status: Solved.",Service Request,Medium,Frustrated,Solved,Fort Collins,Colorado,Internet,2026-04-26 09:58:14
TC-360818,Customer_360818,subscriber_360818@telecom-domain.com,Comcast Throttling Speeds,"Subscriber report regarding Comcast Throttling Speeds. Filing Channel: Internet. Location: Fort Collins, Colorado. Current Resolution Status: Pending.",Broadband Performance,Medium,Frustrated,Pending,Fort Collins,Colorado,Internet,2026-03-05 14:22:14
TC-363811,Customer_363811,subscriber_363811@telecom-domain.com,comcast,"Subscriber report regarding comcast. Filing Channel: Internet. Location: Fort Collins, Colorado. Current Resolution Status: Solved.",Service Request,Medium,Frustrated,Solved,Fort Collins,Colorado,Internet,2026-02-25 08:00:14
TC-369588,Customer_369588,subscriber_369588@telecom-domain.com,Comcast Throttling My Internet,"Subscriber report regarding Comcast Throttling My Internet. Filing Channel: Customer Care Call. Location: Fort Collins, Colorado. Current Resolution Status: Pending.",Broadband Performance,Medium,Frustrated,Pending,Fort Collins,Colorado,Customer Care Call,2026-06-03 15:27:14
TC-231927,Customer_231927,subscriber_231927@telecom-domain.com,Un able to access my email address after relocae to a new address,"Subscriber report regarding Un able to access my email address after relocae to a new address. Filing Channel: Customer Care Call. Location: Fort Lauderdale, Florida. Current Resolution Status: Solved.",Service Request,Medium,Frustrated,Solved,Fort Lauderdale,Florida,Customer Care Call,2026-07-11 15:37:14
TC-242888,Customer_242888,subscriber_242888@telecom-domain.com,Internet speed issues with Comcast and picture freezing issues when watching TV,"Subscriber report regarding Internet speed issues with Comcast and picture freezing issues when watching TV. Filing Channel: Customer Care Call. Location: Fort Lauderdale, Florida. Current Resolution Status: Solved.",Broadband Performance,Medium,Negative,Solved,Fort Lauderdale,Florida,Customer Care Call,2026-07-10 16:45:14
TC-366894,Customer_366894,subscriber_366894@telecom-domain.com,Systemic failures with Comcast,"Subscriber report regarding Systemic failures with Comcast. Filing Channel: Internet. Location: Fort Lauderdale, Florida. Current Resolution Status: Solved.",Service Request,Medium,Negative,Solved,Fort Lauderdale,Florida,Internet,2026-03-30 09:54:14
TC-265094,Customer_265094,subscriber_265094@telecom-domain.com,Comcast/Xfinity,"Subscriber report regarding Comcast/Xfinity. Filing Channel: Customer Care Call. Location: Fort Lee, Virginia. Current Resolution Status: Solved.",Service Request,Medium,Frustrated,Solved,Fort Lee,Virginia,Customer Care Call,2026-04-25 12:45:14
TC-232276,Customer_232276,subscriber_232276@telecom-domain.com,Comcast internet and lack of communication and response,"Subscriber report regarding Comcast internet and lack of communication and response. Filing Channel: Internet. Location: Fort Myers, Florida. Current Resolution Status: Solved.",Service Request,Medium,Frustrated,Solved,Fort Myers,Florida,Internet,2026-07-20 21:34:14
TC-238647,Customer_238647,subscriber_238647@telecom-domain.com,billing issues,"Subscriber report regarding billing issues. Filing Channel: Internet. Location: Fort Myers, Florida. Current Resolution Status: Solved.",Billing Dispute,High,Negative,Solved,Fort Myers,Florida,Internet,2026-03-16 11:02:14
TC-320644,Customer_320644,subscriber_320644@telecom-domain.com,Comcast knowingly over billed,"Subscriber report regarding Comcast knowingly over billed. Filing Channel: Internet. Location: Fort Myers, Florida. Current Resolution Status: Solved.",Billing Dispute,Medium,Frustrated,Solved,Fort Myers,Florida,Internet,2026-04-23 17:03:14
TC-336872,Customer_336872,subscriber_336872@telecom-domain.com,Horrible/Unacceptable Service of Comcast,"Subscriber report regarding Horrible/Unacceptable Service of Comcast. Filing Channel: Internet. Location: Fort Myers, Florida. Current Resolution Status: Solved.",Service Request,High,Angry,Solved,Fort Myers,Florida,Internet,2026-03-15 10:48:14
TC-340024,Customer_340024,subscriber_340024@telecom-domain.com,Comcast overcharge,"Subscriber report regarding Comcast overcharge. Filing Channel: Customer Care Call. Location: Fort Myers Beach, Florida. Current Resolution Status: Open.",Billing Dispute,High,Negative,Open,Fort Myers Beach,Florida,Customer Care Call,2026-05-17 11:25:14
TC-252542,Customer_252542,subscriber_252542@telecom-domain.com,Deceptive Trade,"Subscriber report regarding Deceptive Trade. Filing Channel: Internet. Location: Fort Pierce, Florida. Current Resolution Status: Solved.",Service Request,Medium,Frustrated,Solved,Fort Pierce,Florida,Internet,2026-03-26 06:59:14
TC-263410,Customer_263410,subscriber_263410@telecom-domain.com,Comcast Demanding payment after cancellation,"Subscriber report regarding Comcast Demanding payment after cancellation. Filing Channel: Customer Care Call. Location: Fort Washington, Maryland. Current Resolution Status: Solved.",Billing Dispute,Medium,Frustrated,Solved,Fort Washington,Maryland,Customer Care Call,2026-03-22 08:10:14
TC-282159,Customer_282159,subscriber_282159@telecom-domain.com,No internet,"Subscriber report regarding No internet. Filing Channel: Internet. Location: Fort Washington, Maryland. Current Resolution Status: Solved.",Service Request,Medium,Frustrated,Solved,Fort Washington,Maryland,Internet,2026-06-17 06:37:14
TC-376020,Customer_376020,subscriber_376020@telecom-domain.com,Xfinity promise to pay me $300 to join,"Subscriber report regarding Xfinity promise to pay me $300 to join. Filing Channel: Internet. Location: Fountain, Colorado. Current Resolution Status: Pending.",Service Request,Medium,Frustrated,Pending,Fountain,Colorado,Internet,2026-06-29 23:25:14
TC-270026,Customer_270026,subscriber_270026@telecom-domain.com,Comcast issues,"Subscriber report regarding Comcast issues. Filing Channel: Customer Care Call. Location: Franklin, Indiana. Current Resolution Status: Solved.",Service Request,Medium,Negative,Solved,Franklin,Indiana,Customer Care Call,2026-08-11 19:55:14
TC-213506,Customer_213506,subscriber_213506@telecom-domain.com,Internet Provider Data Thresholds,"Subscriber report regarding Internet Provider Data Thresholds. Filing Channel: Internet. Location: Franklin, Tennessee. Current Resolution Status: Solved.",Service Request,Medium,Frustrated,Solved,Franklin,Tennessee,Internet,2026-08-06 20:20:14
TC-212507,Customer_212507,subscriber_212507@telecom-domain.com,Comcast Cable,"Subscriber report regarding Comcast Cable. Filing Channel: Internet. Location: Franklin, Tennessee. Current Resolution Status: Solved.",Service Request,Medium,Frustrated,Solved,Franklin,Tennessee,Internet,2026-05-03 18:49:14
TC-283115,Customer_283115,subscriber_283115@telecom-domain.com,Comcast Data Cap,"Subscriber report regarding Comcast Data Cap. Filing Channel: Customer Care Call. Location: Franklin, Tennessee. Current Resolution Status: Solved.",Data / Usage Issue,Medium,Frustrated,Solved,Franklin,Tennessee,Customer Care Call,2026-03-26 22:47:14
TC-288851,Customer_288851,subscriber_288851@telecom-domain.com,Comcast Data Caps,"Subscriber report regarding Comcast Data Caps. Filing Channel: Internet. Location: Franklin, Tennessee. Current Resolution Status: Open.",Data / Usage Issue,Medium,Negative,Open,Franklin,Tennessee,Internet,2026-05-03 17:13:14
TC-305720,Customer_305720,subscriber_305720@telecom-domain.com,Comcast,"Subscriber report regarding Comcast. Filing Channel: Customer Care Call. Location: Franklin, Tennessee. Current Resolution Status: Pending.",Service Request,Medium,Frustrated,Pending,Franklin,Tennessee,Customer Care Call,2026-04-04 04:41:14
TC-331090,Customer_331090,subscriber_331090@telecom-domain.com,Comcast data cap,"Subscriber report regarding Comcast data cap. Filing Channel: Internet. Location: Franklin, Tennessee. Current Resolution Status: Solved.",Data / Usage Issue,Medium,Frustrated,Solved,Franklin,Tennessee,Internet,2026-07-31 10:00:14
TC-350160,Customer_350160,subscriber_350160@telecom-domain.com,Routine Outages / Speeds never as promised,"Subscriber report regarding Routine Outages / Speeds never as promised. Filing Channel: Internet. Location: Franklin, Tennessee. Current Resolution Status: Open.",Broadband Performance,High,Angry,Open,Franklin,Tennessee,Internet,2026-06-24 02:41:14
TC-371119,Customer_371119,subscriber_371119@telecom-domain.com,Comcast business keeps moving my same-day trouble appointment to the next day,"Subscriber report regarding Comcast business keeps moving my same-day trouble appointment to the next day. Filing Channel: Internet. Location: Franklin, Tennessee. Current Resolution Status: Open.",Installation,Medium,Frustrated,Open,Franklin,Tennessee,Internet,2026-07-04 15:32:14
TC-350504,Customer_350504,subscriber_350504@telecom-domain.com,Comcast cable company,"Subscriber report regarding Comcast cable company. Filing Channel: Customer Care Call. Location: Fraser, Michigan. Current Resolution Status: Solved.",Service Request,Medium,Frustrated,Solved,Fraser,Michigan,Customer Care Call,2026-03-19 00:16:14
TC-345034,Customer_345034,subscriber_345034@telecom-domain.com,Comcast billing,"Subscriber report regarding Comcast billing. Filing Channel: Customer Care Call. Location: Frederick, Colorado. Current Resolution Status: Solved.",Billing Dispute,Medium,Frustrated,Solved,Frederick,Colorado,Customer Care Call,2026-07-23 11:53:14
TC-290238,Customer_290238,subscriber_290238@telecom-domain.com,Lack of HBO Go Availability on Sony Devices with Xfinity Subscription,"Subscriber report regarding Lack of HBO Go Availability on Sony Devices with Xfinity Subscription. Filing Channel: Internet. Location: Frederick, Maryland. Current Resolution Status: Pending.",Service Request,Medium,Frustrated,Pending,Frederick,Maryland,Internet,2026-08-11 00:53:14
TC-362788,Customer_362788,subscriber_362788@telecom-domain.com,Overcharged $30 per month for 10 months straight,"Subscriber report regarding Overcharged $30 per month for 10 months straight. Filing Channel: Internet. Location: Frederick, Maryland. Current Resolution Status: Solved.",Billing Dispute,High,Negative,Solved,Frederick,Maryland,Internet,2026-02-26 00:20:14
TC-362507,Customer_362507,subscriber_362507@telecom-domain.com,Raising my Rate,"Subscriber report regarding Raising my Rate. Filing Channel: Customer Care Call. Location: Fredericksburg, Virginia. Current Resolution Status: Solved.",Service Request,Medium,Frustrated,Solved,Fredericksburg,Virginia,Customer Care Call,2026-05-23 01:56:14
TC-361633,Customer_361633,subscriber_361633@telecom-domain.com,Unfair Comcast Billing,"Subscriber report regarding Unfair Comcast Billing. Filing Channel: Internet. Location: Freeport, Illinois. Current Resolution Status: Open.",Billing Dispute,Medium,Frustrated,Open,Freeport,Illinois,Internet,2026-03-21 01:32:14
TC-305399,Customer_305399,subscriber_305399@telecom-domain.com,Comcast fradulently gets contract signed by my wife,"Subscriber report regarding Comcast fradulently gets contract signed by my wife. Filing Channel: Customer Care Call. Location: Fremont, California. Current Resolution Status: Open.",Service Request,Medium,Frustrated,Open,Fremont,California,Customer Care Call,2026-03-03 22:48:14
TC-358861,Customer_358861,subscriber_358861@telecom-domain.com,Comcast charging me unrelated charges,"Subscriber report regarding Comcast charging me unrelated charges. Filing Channel: Internet. Location: Fremont, California. Current Resolution Status: Open.",Billing Dispute,High,Negative,Open,Fremont,California,Internet,2026-08-03 22:38:14
TC-358898,Customer_358898,subscriber_358898@telecom-domain.com,Ridiculous Charges,"Subscriber report regarding Ridiculous Charges. Filing Channel: Customer Care Call. Location: Fremont, California. Current Resolution Status: Solved.",Billing Dispute,High,Negative,Solved,Fremont,California,Customer Care Call,2026-05-09 10:57:14
TC-240650,Customer_240650,subscriber_240650@telecom-domain.com,complaint against Comcast,"Subscriber report regarding complaint against Comcast. Filing Channel: Internet. Location: Fresh Meadows, New York. Current Resolution Status: Solved.",Service Request,Medium,Frustrated,Solved,Fresh Meadows,New York,Internet,2026-06-19 16:17:14
TC-307364,Customer_307364,subscriber_307364@telecom-domain.com,Arbitrary Price Increase,"Subscriber report regarding Arbitrary Price Increase. Filing Channel: Internet. Location: Fresno, California. Current Resolution Status: Solved.",Billing Dispute,Medium,Frustrated,Solved,Fresno,California,Internet,2026-03-05 04:38:14
TC-349751,Customer_349751,subscriber_349751@telecom-domain.com,Comcast Billing Complaint,"Subscriber report regarding Comcast Billing Complaint. Filing Channel: Internet. Location: Fresno, California. Current Resolution Status: Solved.",Billing Dispute,Medium,Frustrated,Solved,Fresno,California,Internet,2026-03-12 07:23:14
TC-358360,Customer_358360,subscriber_358360@telecom-domain.com,Internet speed deteriation,"Subscriber report regarding Internet speed deteriation. Filing Channel: Internet. Location: Fresno, California. Current Resolution Status: Solved.",Broadband Performance,Medium,Frustrated,Solved,Fresno,California,Internet,2026-04-23 09:02:14
TC-371463,Customer_371463,subscriber_371463@telecom-domain.com,Internet Speed on Wireless Connection,"Subscriber report regarding Internet Speed on Wireless Connection. Filing Channel: Internet. Location: Fresno, California. Current Resolution Status: Solved.",Broadband Performance,Medium,Frustrated,Solved,Fresno,California,Internet,2026-06-01 13:19:14
TC-342375,Customer_342375,subscriber_342375@telecom-domain.com,internet,"Subscriber report regarding internet. Filing Channel: Customer Care Call. Location: Front Royal, Virginia. Current Resolution Status: Solved.",Service Request,Medium,Frustrated,Solved,Front Royal,Virginia,Customer Care Call,2026-05-31 05:21:14
TC-255922,Customer_255922,subscriber_255922@telecom-domain.com,intermittent internet,"Subscriber report regarding intermittent internet. Filing Channel: Internet. Location: Fruitland Park, Florida. Current Resolution Status: Solved.",Service Request,Medium,Frustrated,Solved,Fruitland Park,Florida,Internet,2026-08-11 16:22:14
TC-366192,Customer_366192,subscriber_366192@telecom-domain.com,Deceptive trade,"Subscriber report regarding Deceptive trade. Filing Channel: Internet. Location: Ft Pierce, Florida. Current Resolution Status: Solved.",Service Request,Medium,Frustrated,Solved,Ft Pierce,Florida,Internet,2026-06-04 15:49:14
TC-298980,Customer_298980,subscriber_298980@telecom-domain.com,Improper Billing and non resolution of issues,"Subscriber report regarding Improper Billing and non resolution of issues. Filing Channel: Customer Care Call. Location: Ft. Lauderdale, Florida. Current Resolution Status: Open.",Billing Dispute,High,Negative,Open,Ft. Lauderdale,Florida,Customer Care Call,2026-07-20 18:29:14
TC-229103,Customer_229103,subscriber_229103@telecom-domain.com,Lost emails/billing,"Subscriber report regarding Lost emails/billing. Filing Channel: Customer Care Call. Location: Ftlauderdale, Florida. Current Resolution Status: Solved.",Billing Dispute,Medium,Frustrated,Solved,Ftlauderdale,Florida,Customer Care Call,2026-04-24 23:55:14
TC-329036,Customer_329036,subscriber_329036@telecom-domain.com,"Comcast/Xfinity Poor Service, Fraudulent Billing and Collection","Subscriber report regarding Comcast/Xfinity Poor Service, Fraudulent Billing and Collection. Filing Channel: Internet. Location: Fulton, Maryland. Current Resolution Status: Open.",Billing Dispute,High,Angry,Open,Fulton,Maryland,Internet,2026-05-22 10:57:14
TC-338283,Customer_338283,subscriber_338283@telecom-domain.com,monthly data caps,"Subscriber report regarding monthly data caps. Filing Channel: Customer Care Call. Location: Gadsden, Alabama. Current Resolution Status: Solved.",Data / Usage Issue,Medium,Negative,Solved,Gadsden,Alabama,Customer Care Call,2026-06-25 03:42:14
TC-373954,Customer_373954,subscriber_373954@telecom-domain.com,Comcast Data Charges,"Subscriber report regarding Comcast Data Charges. Filing Channel: Internet. Location: Gadsden, Alabama. Current Resolution Status: Pending.",Billing Dispute,High,Negative,Pending,Gadsden,Alabama,Internet,2026-08-07 03:28:14
TC-231821,Customer_231821,subscriber_231821@telecom-domain.com,Inability to get access to internet through Comcast or AT&T,"Subscriber report regarding Inability to get access to internet through Comcast or AT&T. Filing Channel: Customer Care Call. Location: Gainesville, Georgia. Current Resolution Status: Solved.",Service Request,Medium,Frustrated,Solved,Gainesville,Georgia,Customer Care Call,2026-07-02 04:46:14
TC-345472,Customer_345472,subscriber_345472@telecom-domain.com,paying for an upgrade that never took place,"Subscriber report regarding paying for an upgrade that never took place. Filing Channel: Internet. Location: Gaithersburg, Maryland. Current Resolution Status: Solved.",Service Request,Medium,Frustrated,Solved,Gaithersburg,Maryland,Internet,2026-04-21 07:29:14
TC-359714,Customer_359714,subscriber_359714@telecom-domain.com,"Bill issues, Internet and disability comcast prices","Subscriber report regarding Bill issues, Internet and disability comcast prices. Filing Channel: Customer Care Call. Location: Gaithersburg, Maryland. Current Resolution Status: Open.",Billing Dispute,High,Negative,Open,Gaithersburg,Maryland,Customer Care Call,2026-08-05 20:50:14
TC-338412,Customer_338412,subscriber_338412@telecom-domain.com,Not receiving advertised speed,"Subscriber report regarding Not receiving advertised speed. Filing Channel: Internet. Location: Galesburg, Michigan. Current Resolution Status: Solved.",Broadband Performance,Medium,Frustrated,Solved,Galesburg,Michigan,Internet,2026-07-20 15:07:14
TC-360388,Customer_360388,subscriber_360388@telecom-domain.com,Xfinity Internet Speed,"Subscriber report regarding Xfinity Internet Speed. Filing Channel: Customer Care Call. Location: Galesburg, Michigan. Current Resolution Status: Open.",Broadband Performance,Medium,Frustrated,Open,Galesburg,Michigan,Customer Care Call,2026-07-12 19:27:14
TC-234204,Customer_234204,subscriber_234204@telecom-domain.com,Comcast Billing,"Subscriber report regarding Comcast Billing. Filing Channel: Internet. Location: Gallatin, Tennessee. Current Resolution Status: Solved.",Billing Dispute,Medium,Frustrated,Solved,Gallatin,Tennessee,Internet,2026-04-09 01:20:14
TC-257446,Customer_257446,subscriber_257446@telecom-domain.com,Nightly service interruption,"Subscriber report regarding Nightly service interruption. Filing Channel: Customer Care Call. Location: Gallatin, Tennessee. Current Resolution Status: Solved.",Service Request,Medium,Frustrated,Solved,Gallatin,Tennessee,Customer Care Call,2026-07-07 12:15:14
TC-339095,Customer_339095,subscriber_339095@telecom-domain.com,Netflix is slow,"Subscriber report regarding Netflix is slow. Filing Channel: Internet. Location: Galveston, Texas. Current Resolution Status: Solved.",Broadband Performance,Medium,Negative,Solved,Galveston,Texas,Internet,2026-06-25 14:17:14
TC-282011,Customer_282011,subscriber_282011@telecom-domain.com,comcast wont service my address,"Subscriber report regarding comcast wont service my address. Filing Channel: Customer Care Call. Location: Gary, Indiana. Current Resolution Status: Solved.",Service Request,Medium,Frustrated,Solved,Gary,Indiana,Customer Care Call,2026-08-14 21:43:14
TC-342665,Customer_342665,subscriber_342665@telecom-domain.com,cannot access my email or service at all,"Subscriber report regarding cannot access my email or service at all. Filing Channel: Customer Care Call. Location: Gathersburg, Maryland. Current Resolution Status: Open.",Service Request,Medium,Frustrated,Open,Gathersburg,Maryland,Customer Care Call,2026-06-30 22:02:14
TC-266403,Customer_266403,subscriber_266403@telecom-domain.com,Xfinity/comcast Service,"Subscriber report regarding Xfinity/comcast Service. Filing Channel: Customer Care Call. Location: Germantown, Maryland. Current Resolution Status: Solved.",Service Request,Medium,Frustrated,Solved,Germantown,Maryland,Customer Care Call,2026-06-17 19:29:14
TC-215802,Customer_215802,subscriber_215802@telecom-domain.com,Unclear policies,"Subscriber report regarding Unclear policies. Filing Channel: Internet. Location: Germantown, Tennessee. Current Resolution Status: Open.",Service Request,Medium,Frustrated,Open,Germantown,Tennessee,Internet,2026-07-30 04:32:14
TC-331611,Customer_331611,subscriber_331611@telecom-domain.com,300GB/month Data Cap,"Subscriber report regarding 300GB/month Data Cap. Filing Channel: Customer Care Call. Location: Germantown, Tennessee. Current Resolution Status: Open.",Data / Usage Issue,Medium,Frustrated,Open,Germantown,Tennessee,Customer Care Call,2026-03-30 21:39:14
TC-231199,Customer_231199,subscriber_231199@telecom-domain.com,Comcast/Xfinity- Paying for High speed service,"Subscriber report regarding Comcast/Xfinity- Paying for High speed service. Filing Channel: Customer Care Call. Location: Gettysburg, Pennsylvania. Current Resolution Status: Solved.",Broadband Performance,Medium,Frustrated,Solved,Gettysburg,Pennsylvania,Customer Care Call,2026-04-18 03:44:14
TC-231200,Customer_231200,subscriber_231200@telecom-domain.com,Comcast/Xfinity- Paying for High speed service,"Subscriber report regarding Comcast/Xfinity- Paying for High speed service. Filing Channel: Customer Care Call. Location: Gettysburg, Pennsylvania. Current Resolution Status: Solved.",Broadband Performance,Medium,Frustrated,Solved,Gettysburg,Pennsylvania,Customer Care Call,2026-07-29 11:03:14
TC-363615,Customer_363615,subscriber_363615@telecom-domain.com,Overage Charges,"Subscriber report regarding Overage Charges. Filing Channel: Customer Care Call. Location: Glencoe, Alabama. Current Resolution Status: Pending.",Data / Usage Issue,Medium,Negative,Pending,Glencoe,Alabama,Customer Care Call,2026-05-01 08:01:14
TC-297322,Customer_297322,subscriber_297322@telecom-domain.com,Comcast Internet and cable deals,"Subscriber report regarding Comcast Internet and cable deals. Filing Channel: Internet. Location: Glendale Heights, Illinois. Current Resolution Status: Solved.",Service Request,Medium,Frustrated,Solved,Glendale Heights,Illinois,Internet,2026-03-31 19:57:14
TC-306807,Customer_306807,subscriber_306807@telecom-domain.com,Comcast bundle billing,"Subscriber report regarding Comcast bundle billing. Filing Channel: Internet. Location: Glendale Heights, Illinois. Current Resolution Status: Open.",Billing Dispute,Medium,Frustrated,Open,Glendale Heights,Illinois,Internet,2026-08-07 09:46:14
TC-360143,Customer_360143,subscriber_360143@telecom-domain.com,Comcast Internet Speed/Quality of Service and price,"Subscriber report regarding Comcast Internet Speed/Quality of Service and price. Filing Channel: Customer Care Call. Location: Glenview, Illinois. Current Resolution Status: Solved.",Billing Dispute,Medium,Frustrated,Solved,Glenview,Illinois,Customer Care Call,2026-02-28 02:26:14
TC-360714,Customer_360714,subscriber_360714@telecom-domain.com,Internet bundled with TV,"Subscriber report regarding Internet bundled with TV. Filing Channel: Internet. Location: Gold Bar, Washington. Current Resolution Status: Solved.",Service Request,Medium,Frustrated,Solved,Gold Bar,Washington,Internet,2026-06-14 16:41:14
TC-215337,Customer_215337,subscriber_215337@telecom-domain.com,Consistent speed/connectivity with internet,"Subscriber report regarding Consistent speed/connectivity with internet. Filing Channel: Customer Care Call. Location: Gold River, California. Current Resolution Status: Solved.",Broadband Performance,Medium,Frustrated,Solved,Gold River,California,Customer Care Call,2026-02-21 10:55:14
TC-213355,Customer_213355,subscriber_213355@telecom-domain.com,Comcast is ignoring me now. They are making NO attempt to correct problems,"Subscriber report regarding Comcast is ignoring me now. They are making NO attempt to correct problems. Filing Channel: Internet. Location: Golden, Colorado. Current Resolution Status: Solved.",Service Request,Medium,Negative,Solved,Golden,Colorado,Internet,2026-05-26 10:31:14
TC-367340,Customer_367340,subscriber_367340@telecom-domain.com,Data Caps,"Subscriber report regarding Data Caps. Filing Channel: Internet. Location: Goodlettsville, Tennessee. Current Resolution Status: Pending.",Data / Usage Issue,Medium,Negative,Pending,Goodlettsville,Tennessee,Internet,2026-07-22 01:35:14
TC-340148,Customer_340148,subscriber_340148@telecom-domain.com,n/a (b) (6),"Subscriber report regarding n/a (b) (6). Filing Channel: Internet. Location: Goose Creek, South Carolina. Current Resolution Status: Solved.",Service Request,Medium,Frustrated,Solved,Goose Creek,South Carolina,Internet,2026-08-14 15:54:14
TC-363920,Customer_363920,subscriber_363920@telecom-domain.com,Unfair billing practices,"Subscriber report regarding Unfair billing practices. Filing Channel: Customer Care Call. Location: Goose Creek, South Carolina. Current Resolution Status: Solved.",Billing Dispute,Medium,Frustrated,Solved,Goose Creek,South Carolina,Customer Care Call,2026-05-05 06:58:14
TC-362557,Customer_362557,subscriber_362557@telecom-domain.com,Comcast Bundle price,"Subscriber report regarding Comcast Bundle price. Filing Channel: Internet. Location: Grand Blanc, Michigan. Current Resolution Status: Solved.",Billing Dispute,Medium,Frustrated,Solved,Grand Blanc,Michigan,Internet,2026-06-06 17:03:14
TC-228419,Customer_228419,subscriber_228419@telecom-domain.com,Wrongful billing - repeated since December 2013,"Subscriber report regarding Wrongful billing - repeated since December 2013. Filing Channel: Customer Care Call. Location: Grand Rapids, Michigan. Current Resolution Status: Solved.",Billing Dispute,Medium,Frustrated,Solved,Grand Rapids,Michigan,Customer Care Call,2026-04-14 05:30:14
TC-239170,Customer_239170,subscriber_239170@telecom-domain.com,Comcast has charged me invalid fee's and wont re-imburse me for them.,"Subscriber report regarding Comcast has charged me invalid fee's and wont re-imburse me for them.. Filing Channel: Internet. Location: Grand Rapids, Michigan. Current Resolution Status: Solved.",Billing Dispute,High,Negative,Solved,Grand Rapids,Michigan,Internet,2026-08-11 02:30:14
TC-223708,Customer_223708,subscriber_223708@telecom-domain.com,Comcast/Xfinity service,"Subscriber report regarding Comcast/Xfinity service. Filing Channel: Customer Care Call. Location: Grand Rapids, Michigan. Current Resolution Status: Solved.",Service Request,Medium,Frustrated,Solved,Grand Rapids,Michigan,Customer Care Call,2026-07-04 17:37:14
TC-253012,Customer_253012,subscriber_253012@telecom-domain.com,Comcast Bundled,"Subscriber report regarding Comcast Bundled. Filing Channel: Customer Care Call. Location: Grand Rapids, Michigan. Current Resolution Status: Solved.",Service Request,Medium,Frustrated,Solved,Grand Rapids,Michigan,Customer Care Call,2026-04-03 06:12:14
TC-341988,Customer_341988,subscriber_341988@telecom-domain.com,somewhat threatening phone calls,"Subscriber report regarding somewhat threatening phone calls. Filing Channel: Customer Care Call. Location: Grand Rapids, Michigan. Current Resolution Status: Solved.",Call Drops,Medium,Frustrated,Solved,Grand Rapids,Michigan,Customer Care Call,2026-05-31 13:55:14
TC-339908,Customer_339908,subscriber_339908@telecom-domain.com,Data Cap overages,"Subscriber report regarding Data Cap overages. Filing Channel: Internet. Location: Grayson, Georgia. Current Resolution Status: Open.",Data / Usage Issue,Medium,Frustrated,Open,Grayson,Georgia,Internet,2026-07-08 09:01:14
TC-266456,Customer_266456,subscriber_266456@telecom-domain.com,INTERNET VIRUS POP UP SCAM CLAIMING TO BE WITH COMCAST,"Subscriber report regarding INTERNET VIRUS POP UP SCAM CLAIMING TO BE WITH COMCAST. Filing Channel: Customer Care Call. Location: Green Cove Springs, Florida. Current Resolution Status: Solved.",Service Request,High,Angry,Solved,Green Cove Springs,Florida,Customer Care Call,2026-08-06 06:02:14
TC-252504,Customer_252504,subscriber_252504@telecom-domain.com,Intermittent internet connection,"Subscriber report regarding Intermittent internet connection. Filing Channel: Internet. Location: Greenacres, Florida. Current Resolution Status: Solved.",Service Request,Medium,Frustrated,Solved,Greenacres,Florida,Internet,2026-06-10 18:46:14
TC-333437,Customer_333437,subscriber_333437@telecom-domain.com,Raised my bill and told me to lower it back to what it was i would have to make a 24 month agreement,"Subscriber report regarding Raised my bill and told me to lower it back to what it was i would have to make a 24 month agreement. Filing Channel: Customer Care Call. Location: Greenfield, Indiana. Current Resolution Status: Solved.",Billing Dispute,Medium,Frustrated,Solved,Greenfield,Indiana,Customer Care Call,2026-08-09 16:13:14
TC-295997,Customer_295997,subscriber_295997@telecom-domain.com,Comcast,"Subscriber report regarding Comcast. Filing Channel: Internet. Location: Greensburg, Pennsylvania. Current Resolution Status: Solved.",Service Request,Medium,Frustrated,Solved,Greensburg,Pennsylvania,Internet,2026-08-09 13:48:14
TC-225315,Customer_225315,subscriber_225315@telecom-domain.com,Comcast Internet,"Subscriber report regarding Comcast Internet. Filing Channel: Customer Care Call. Location: Greentown, Indiana. Current Resolution Status: Solved.",Service Request,Medium,Frustrated,Solved,Greentown,Indiana,Customer Care Call,2026-05-26 14:20:14
TC-343555,Customer_343555,subscriber_343555@telecom-domain.com,Comcast,"Subscriber report regarding Comcast. Filing Channel: Customer Care Call. Location: Greentown, Indiana. Current Resolution Status: Solved.",Service Request,Medium,Frustrated,Solved,Greentown,Indiana,Customer Care Call,2026-02-24 05:05:14
TC-224687,Customer_224687,subscriber_224687@telecom-domain.com,Issues with Comcast Customer Service due to loss of Internet,"Subscriber report regarding Issues with Comcast Customer Service due to loss of Internet. Filing Channel: Customer Care Call. Location: Greenwood Village, Colorado. Current Resolution Status: Solved.",Customer Service,Medium,Negative,Solved,Greenwood Village,Colorado,Customer Care Call,2026-06-19 11:31:14
TC-360665,Customer_360665,subscriber_360665@telecom-domain.com,Speeds being throttled.,"Subscriber report regarding Speeds being throttled.. Filing Channel: Internet. Location: Gresham, Oregon. Current Resolution Status: Open.",Broadband Performance,Medium,Frustrated,Open,Gresham,Oregon,Internet,2026-04-17 15:12:14
TC-266833,Customer_266833,subscriber_266833@telecom-domain.com,internet essentials for low income families,"Subscriber report regarding internet essentials for low income families. Filing Channel: Customer Care Call. Location: Griffin, Georgia. Current Resolution Status: Solved.",Service Request,Medium,Frustrated,Solved,Griffin,Georgia,Customer Care Call,2026-08-04 19:07:14
TC-348580,Customer_348580,subscriber_348580@telecom-domain.com,Hearsts Magazine contest scam,"Subscriber report regarding Hearsts Magazine contest scam. Filing Channel: Internet. Location: Griffith, Indiana. Current Resolution Status: Solved.",Service Request,High,Angry,Solved,Griffith,Indiana,Internet,2026-06-30 11:17:14
TC-226766,Customer_226766,subscriber_226766@telecom-domain.com,Comcast,"Subscriber report regarding Comcast. Filing Channel: Customer Care Call. Location: Grosse Ile, Michigan. Current Resolution Status: Solved.",Service Request,Medium,Frustrated,Solved,Grosse Ile,Michigan,Customer Care Call,2026-05-26 18:36:14
TC-364523,Customer_364523,subscriber_364523@telecom-domain.com,Comcast,"Subscriber report regarding Comcast. Filing Channel: Internet. Location: Grosse Pointe, Michigan. Current Resolution Status: Solved.",Service Request,Medium,Frustrated,Solved,Grosse Pointe,Michigan,Internet,2026-02-25 01:44:14
TC-372910,Customer_372910,subscriber_372910@telecom-domain.com,Comcast Internet Service,"Subscriber report regarding Comcast Internet Service. Filing Channel: Customer Care Call. Location: Grosse Pointe, Michigan. Current Resolution Status: Open.",Service Request,Medium,Frustrated,Open,Grosse Pointe,Michigan,Customer Care Call,2026-06-08 01:59:14
TC-360578,Customer_360578,subscriber_360578@telecom-domain.com,Comcast Bundles,"Subscriber report regarding Comcast Bundles. Filing Channel: Internet. Location: Grosse Pointe Farms, Michigan. Current Resolution Status: Solved.",Service Request,Medium,Frustrated,Solved,Grosse Pointe Farms,Michigan,Internet,2026-06-21 21:33:14
TC-274464,Customer_274464,subscriber_274464@telecom-domain.com,Comcast Fraud?,"Subscriber report regarding Comcast Fraud?. Filing Channel: Internet. Location: Grosse Pointe Park, Michigan. Current Resolution Status: Solved.",Service Request,High,Angry,Solved,Grosse Pointe Park,Michigan,Internet,2026-04-01 02:32:14
TC-230174,Customer_230174,subscriber_230174@telecom-domain.com,Comcast surprise increase in charges,"Subscriber report regarding Comcast surprise increase in charges. Filing Channel: Customer Care Call. Location: Grovetown, Georgia. Current Resolution Status: Solved.",Billing Dispute,High,Negative,Solved,Grovetown,Georgia,Customer Care Call,2026-07-13 18:55:14
TC-231207,Customer_231207,subscriber_231207@telecom-domain.com,Internet Problems,"Subscriber report regarding Internet Problems. Filing Channel: Customer Care Call. Location: Gurnee, Illinois. Current Resolution Status: Solved.",Service Request,Medium,Negative,Solved,Gurnee,Illinois,Customer Care Call,2026-04-22 17:53:14
TC-241373,Customer_241373,subscriber_241373@telecom-domain.com,Comcast Rrefund Owing to Us since 3/12/2015,"Subscriber report regarding Comcast Rrefund Owing to Us since 3/12/2015. Filing Channel: Internet. Location: Half Moon Bay, California. Current Resolution Status: Solved.",Billing Dispute,Medium,Frustrated,Solved,Half Moon Bay,California,Internet,2026-03-22 14:49:14
TC-246111,Customer_246111,subscriber_246111@telecom-domain.com,Still Overcharged,"Subscriber report regarding Still Overcharged. Filing Channel: Internet. Location: Half Moon Bay, California. Current Resolution Status: Solved.",Billing Dispute,High,Negative,Solved,Half Moon Bay,California,Internet,2026-03-01 06:41:14
TC-330473,Customer_330473,subscriber_330473@telecom-domain.com,Charged for speeds they can not provide,"Subscriber report regarding Charged for speeds they can not provide. Filing Channel: Internet. Location: Hallandale Beach, Florida. Current Resolution Status: Open.",Billing Dispute,High,Negative,Open,Hallandale Beach,Florida,Internet,2026-04-07 22:45:14
TC-281318,Customer_281318,subscriber_281318@telecom-domain.com,Comcast deception,"Subscriber report regarding Comcast deception. Filing Channel: Internet. Location: Hammonton, New Jersey. Current Resolution Status: Open.",Service Request,Medium,Frustrated,Open,Hammonton,New Jersey,Internet,2026-04-14 13:57:14
TC-356497,Customer_356497,subscriber_356497@telecom-domain.com,COMCAST - Slow Down Imternet Speed,"Subscriber report regarding COMCAST - Slow Down Imternet Speed. Filing Channel: Customer Care Call. Location: Hampton, Georgia. Current Resolution Status: Solved.",Broadband Performance,High,Angry,Solved,Hampton,Georgia,Customer Care Call,2026-06-09 14:32:14
TC-360621,Customer_360621,subscriber_360621@telecom-domain.com,Data Caps,"Subscriber report regarding Data Caps. Filing Channel: Internet. Location: Hampton Cove, Alabama. Current Resolution Status: Pending.",Data / Usage Issue,Medium,Negative,Pending,Hampton Cove,Alabama,Internet,2026-04-18 07:18:14
TC-253565,Customer_253565,subscriber_253565@telecom-domain.com,Comcast billing complaint,"Subscriber report regarding Comcast billing complaint. Filing Channel: Internet. Location: Hampton Falls, New Hampshire. Current Resolution Status: Solved.",Billing Dispute,Medium,Frustrated,Solved,Hampton Falls,New Hampshire,Internet,2026-05-08 07:39:14
TC-360582,Customer_360582,subscriber_360582@telecom-domain.com,Frequent interruptions,"Subscriber report regarding Frequent interruptions. Filing Channel: Internet. Location: Hamtramck, Michigan. Current Resolution Status: Solved.",Service Request,Medium,Frustrated,Solved,Hamtramck,Michigan,Internet,2026-03-15 23:09:14
TC-224890,Customer_224890,subscriber_224890@telecom-domain.com,Comcast Overbilling,"Subscriber report regarding Comcast Overbilling. Filing Channel: Customer Care Call. Location: Hanover, Pennsylvania. Current Resolution Status: Solved.",Billing Dispute,Medium,Frustrated,Solved,Hanover,Pennsylvania,Customer Care Call,2026-06-01 02:28:14
TC-339928,Customer_339928,subscriber_339928@telecom-domain.com,Throttling by Comcast/Xfinity,"Subscriber report regarding Throttling by Comcast/Xfinity. Filing Channel: Customer Care Call. Location: Hanover, Pennsylvania. Current Resolution Status: Open.",Broadband Performance,Medium,Frustrated,Open,Hanover,Pennsylvania,Customer Care Call,2026-08-12 17:38:14
TC-342068,Customer_342068,subscriber_342068@telecom-domain.com,no internet last 4 days even after more than 10 calls and spending 10 hours with comcast on phone,"Subscriber report regarding no internet last 4 days even after more than 10 calls and spending 10 hours with comcast on phone. Filing Channel: Customer Care Call. Location: Hanover Park, Illinois. Current Resolution Status: Solved.",Call Drops,Medium,Frustrated,Solved,Hanover Park,Illinois,Customer Care Call,2026-04-06 18:25:14
TC-259223,Customer_259223,subscriber_259223@telecom-domain.com,Comcast slamming/overcharge/,"Subscriber report regarding Comcast slamming/overcharge/. Filing Channel: Internet. Location: Happy Valley, Oregon. Current Resolution Status: Solved.",Billing Dispute,High,Negative,Solved,Happy Valley,Oregon,Internet,2026-05-11 12:52:14
TC-360344,Customer_360344,subscriber_360344@telecom-domain.com,Speeds received are not as advertised,"Subscriber report regarding Speeds received are not as advertised. Filing Channel: Customer Care Call. Location: Happy Valley, Oregon. Current Resolution Status: Open.",Broadband Performance,Medium,Frustrated,Open,Happy Valley,Oregon,Customer Care Call,2026-05-12 00:32:14
TC-363273,Customer_363273,subscriber_363273@telecom-domain.com,Comcast throttling speeds,"Subscriber report regarding Comcast throttling speeds. Filing Channel: Customer Care Call. Location: Happy Valley, Oregon. Current Resolution Status: Solved.",Broadband Performance,Medium,Frustrated,Solved,Happy Valley,Oregon,Customer Care Call,2026-04-29 20:46:14
TC-359049,Customer_359049,subscriber_359049@telecom-domain.com,Comcast Billing,"Subscriber report regarding Comcast Billing. Filing Channel: Internet. Location: Harleysville, Pennsylvania. Current Resolution Status: Solved.",Billing Dispute,Medium,Frustrated,Solved,Harleysville,Pennsylvania,Internet,2026-08-18 19:50:14
TC-347018,Customer_347018,subscriber_347018@telecom-domain.com,Fraudulent Billing by ComCast,"Subscriber report regarding Fraudulent Billing by ComCast. Filing Channel: Customer Care Call. Location: Harrisburg, Pennsylvania. Current Resolution Status: Open.",Billing Dispute,High,Angry,Open,Harrisburg,Pennsylvania,Customer Care Call,2026-04-20 13:42:14
TC-361639,Customer_361639,subscriber_361639@telecom-domain.com,Comcast Throttling,"Subscriber report regarding Comcast Throttling. Filing Channel: Customer Care Call. Location: Hartford, Michigan. Current Resolution Status: Open.",Broadband Performance,Medium,Frustrated,Open,Hartford,Michigan,Customer Care Call,2026-07-04 10:05:14
TC-293326,Customer_293326,subscriber_293326@telecom-domain.com,Throttle of my Internet access speeds by Comcast,"Subscriber report regarding Throttle of my Internet access speeds by Comcast. Filing Channel: Internet. Location: Hatboro, Pennsylvania. Current Resolution Status: Solved.",Broadband Performance,Medium,Frustrated,Solved,Hatboro,Pennsylvania,Internet,2026-07-05 20:44:14
TC-356538,Customer_356538,subscriber_356538@telecom-domain.com,Comcast Overcharge for Internet Service for over One Year,"Subscriber report regarding Comcast Overcharge for Internet Service for over One Year. Filing Channel: Customer Care Call. Location: Hatfield, Pennsylvania. Current Resolution Status: Solved.",Billing Dispute,High,Negative,Solved,Hatfield,Pennsylvania,Customer Care Call,2026-04-06 22:36:14
TC-375750,Customer_375750,subscriber_375750@telecom-domain.com,"Not receiving refund of service from Comcast, for over 90 days","Subscriber report regarding Not receiving refund of service from Comcast, for over 90 days. Filing Channel: Internet. Location: Hatfield, Pennsylvania. Current Resolution Status: Open.",Billing Dispute,Medium,Frustrated,Open,Hatfield,Pennsylvania,Internet,2026-05-21 08:39:14
TC-238291,Customer_238291,subscriber_238291@telecom-domain.com,Unfair and Deceptive Trade Practices,"Subscriber report regarding Unfair and Deceptive Trade Practices. Filing Channel: Internet. Location: Hattiesburg, Mississippi. Current Resolution Status: Solved.",Service Request,Medium,Frustrated,Solved,Hattiesburg,Mississippi,Internet,2026-04-26 01:34:14
TC-248207,Customer_248207,subscriber_248207@telecom-domain.com,Comcast Bill Internet Usage,"Subscriber report regarding Comcast Bill Internet Usage. Filing Channel: Internet. Location: Hattiesburg, Mississippi. Current Resolution Status: Solved.",Billing Dispute,Medium,Frustrated,Solved,Hattiesburg,Mississippi,Internet,2026-04-18 08:20:14
TC-286995,Customer_286995,subscriber_286995@telecom-domain.com,Comcast Data Cap,"Subscriber report regarding Comcast Data Cap. Filing Channel: Customer Care Call. Location: Hattiesburg, Mississippi. Current Resolution Status: Open.",Data / Usage Issue,Medium,Frustrated,Open,Hattiesburg,Mississippi,Customer Care Call,2026-05-22 12:15:14
TC-308968,Customer_308968,subscriber_308968@telecom-domain.com,Over Billing Issues,"Subscriber report regarding Over Billing Issues. Filing Channel: Customer Care Call. Location: Hattiesburg, Mississippi. Current Resolution Status: Solved.",Billing Dispute,High,Negative,Solved,Hattiesburg,Mississippi,Customer Care Call,2026-05-12 20:17:14
TC-360298,Customer_360298,subscriber_360298@telecom-domain.com,Comcast Billing Practices,"Subscriber report regarding Comcast Billing Practices. Filing Channel: Customer Care Call. Location: Haverhill, Florida. Current Resolution Status: Pending.",Billing Dispute,Medium,Frustrated,Pending,Haverhill,Florida,Customer Care Call,2026-05-08 19:18:14
TC-361840,Customer_361840,subscriber_361840@telecom-domain.com,high payment,"Subscriber report regarding high payment. Filing Channel: Internet. Location: Havre De Grace, Maryland. Current Resolution Status: Solved.",Billing Dispute,Medium,Frustrated,Solved,Havre De Grace,Maryland,Internet,2026-03-01 10:49:14
TC-361112,Customer_361112,subscriber_361112@telecom-domain.com,Comcast Support,"Subscriber report regarding Comcast Support. Filing Channel: Customer Care Call. Location: Hayward, California. Current Resolution Status: Solved.",Customer Service,Medium,Frustrated,Solved,Hayward,California,Customer Care Call,2026-06-04 03:02:14
TC-370392,Customer_370392,subscriber_370392@telecom-domain.com,Comcast Internet/Cable contacted them over the phone and chat,"Subscriber report regarding Comcast Internet/Cable contacted them over the phone and chat. Filing Channel: Internet. Location: Hayward, California. Current Resolution Status: Solved.",Call Drops,Medium,Frustrated,Solved,Hayward,California,Internet,2026-03-22 10:53:14
TC-294686,Customer_294686,subscriber_294686@telecom-domain.com,Comcast Usage Data Plan,"Subscriber report regarding Comcast Usage Data Plan. Filing Channel: Internet. Location: Hendersonville, Tennessee. Current Resolution Status: Solved.",Service Request,Medium,Frustrated,Solved,Hendersonville,Tennessee,Internet,2026-04-04 12:35:14
TC-373658,Customer_373658,subscriber_373658@telecom-domain.com,Comcast Data Usage Cap/Limit,"Subscriber report regarding Comcast Data Usage Cap/Limit. Filing Channel: Customer Care Call. Location: Hendersonville, Tennessee. Current Resolution Status: Pending.",Data / Usage Issue,Medium,Frustrated,Pending,Hendersonville,Tennessee,Customer Care Call,2026-06-26 03:37:14
TC-235196,Customer_235196,subscriber_235196@telecom-domain.com,Cable,"Subscriber report regarding Cable. Filing Channel: Customer Care Call. Location: Henrico, Virginia. Current Resolution Status: Solved.",Service Request,Medium,Frustrated,Solved,Henrico,Virginia,Customer Care Call,2026-06-17 17:44:14
TC-342417,Customer_342417,subscriber_342417@telecom-domain.com,Charges,"Subscriber report regarding Charges. Filing Channel: Customer Care Call. Location: Hermitage, Tennessee. Current Resolution Status: Open.",Billing Dispute,High,Negative,Open,Hermitage,Tennessee,Customer Care Call,2026-07-08 04:40:14
TC-340359,Customer_340359,subscriber_340359@telecom-domain.com,Comcast data caps,"Subscriber report regarding Comcast data caps. Filing Channel: Customer Care Call. Location: Hermitage, Tennessee. Current Resolution Status: Solved.",Data / Usage Issue,Medium,Negative,Solved,Hermitage,Tennessee,Customer Care Call,2026-07-20 10:06:14
TC-342685,Customer_342685,subscriber_342685@telecom-domain.com,Comcast Data Usage Cap,"Subscriber report regarding Comcast Data Usage Cap. Filing Channel: Internet. Location: Hermitage, Tennessee. Current Resolution Status: Solved.",Data / Usage Issue,Medium,Frustrated,Solved,Hermitage,Tennessee,Internet,2026-04-22 02:21:14
TC-306165,Customer_306165,subscriber_306165@telecom-domain.com,comcast keeps charging for me for over the limit internet - when says we have unlimited,"Subscriber report regarding comcast keeps charging for me for over the limit internet - when says we have unlimited. Filing Channel: Internet. Location: Hernando, Mississippi. Current Resolution Status: Solved.",Service Request,Medium,Frustrated,Solved,Hernando,Mississippi,Internet,2026-02-27 08:05:14
TC-371221,Customer_371221,subscriber_371221@telecom-domain.com,Data overage charges,"Subscriber report regarding Data overage charges. Filing Channel: Customer Care Call. Location: Hernando, Mississippi. Current Resolution Status: Open.",Data / Usage Issue,Medium,Negative,Open,Hernando,Mississippi,Customer Care Call,2026-07-26 00:17:14
TC-225777,Customer_225777,subscriber_225777@telecom-domain.com,No Internet,"Subscriber report regarding No Internet. Filing Channel: Customer Care Call. Location: Hialeah, Florida. Current Resolution Status: Solved.",Service Request,Medium,Frustrated,Solved,Hialeah,Florida,Customer Care Call,2026-06-24 17:59:14
TC-225684,Customer_225684,subscriber_225684@telecom-domain.com,Continues services interruptions causing losses to my business,"Subscriber report regarding Continues services interruptions causing losses to my business. Filing Channel: Customer Care Call. Location: Hialeah, Florida. Current Resolution Status: Solved.",Service Request,Medium,Frustrated,Solved,Hialeah,Florida,Customer Care Call,2026-05-24 03:40:14
TC-298804,Customer_298804,subscriber_298804@telecom-domain.com,Comcast blocking services,"Subscriber report regarding Comcast blocking services. Filing Channel: Internet. Location: Hialeah, Florida. Current Resolution Status: Solved.",Service Request,Medium,Frustrated,Solved,Hialeah,Florida,Internet,2026-05-02 04:14:14
TC-228155,Customer_228155,subscriber_228155@telecom-domain.com,Fake charges,"Subscriber report regarding Fake charges. Filing Channel: Internet. Location: Hialeah Gardens, Florida. Current Resolution Status: Solved.",Billing Dispute,High,Negative,Solved,Hialeah Gardens,Florida,Internet,2026-03-17 06:52:14
TC-249245,Customer_249245,subscriber_249245@telecom-domain.com,Billing Issues/Service Issues,"Subscriber report regarding Billing Issues/Service Issues. Filing Channel: Internet. Location: Highlands Ranch, Colorado. Current Resolution Status: Solved.",Billing Dispute,High,Negative,Solved,Highlands Ranch,Colorado,Internet,2026-06-24 06:54:14
TC-359219,Customer_359219,subscriber_359219@telecom-domain.com,Comcast Charging Fee without warning,"Subscriber report regarding Comcast Charging Fee without warning. Filing Channel: Internet. Location: Hillsboro, Oregon. Current Resolution Status: Solved.",Billing Dispute,Medium,Frustrated,Solved,Hillsboro,Oregon,Internet,2026-07-27 23:13:14
TC-321631,Customer_321631,subscriber_321631@telecom-domain.com,Comcast service levels,"Subscriber report regarding Comcast service levels. Filing Channel: Internet. Location: Hillsborough, California. Current Resolution Status: Open.",Service Request,Medium,Frustrated,Open,Hillsborough,California,Internet,2026-06-20 15:52:14
TC-357880,Customer_357880,subscriber_357880@telecom-domain.com,One Sided Contracts,"Subscriber report regarding One Sided Contracts. Filing Channel: Internet. Location: Hillsborough, New Jersey. Current Resolution Status: Solved.",Service Request,Medium,Frustrated,Solved,Hillsborough,New Jersey,Internet,2026-03-02 16:13:14
TC-340344,Customer_340344,subscriber_340344@telecom-domain.com,Comcast Fraudulent Charges,"Subscriber report regarding Comcast Fraudulent Charges. Filing Channel: Customer Care Call. Location: Hiram, Georgia. Current Resolution Status: Solved.",Billing Dispute,High,Angry,Solved,Hiram,Georgia,Customer Care Call,2026-05-24 12:35:14
TC-348204,Customer_348204,subscriber_348204@telecom-domain.com,comcast data useage caps and charges,"Subscriber report regarding comcast data useage caps and charges. Filing Channel: Customer Care Call. Location: Hiram, Georgia. Current Resolution Status: Solved.",Data / Usage Issue,Medium,Negative,Solved,Hiram,Georgia,Customer Care Call,2026-03-22 17:59:14
TC-228511,Customer_228511,subscriber_228511@telecom-domain.com,Comcast cable unauthorized charges,"Subscriber report regarding Comcast cable unauthorized charges. Filing Channel: Customer Care Call. Location: Hixson, Tennessee. Current Resolution Status: Solved.",Billing Dispute,High,Negative,Solved,Hixson,Tennessee,Customer Care Call,2026-06-15 00:46:14
TC-228514,Customer_228514,subscriber_228514@telecom-domain.com,Comcast cable unauthorized charges,"Subscriber report regarding Comcast cable unauthorized charges. Filing Channel: Internet. Location: Hixson, Tennessee. Current Resolution Status: Solved.",Billing Dispute,High,Negative,Solved,Hixson,Tennessee,Internet,2026-03-22 04:25:14
TC-343049,Customer_343049,subscriber_343049@telecom-domain.com,comcast fraudulent pricing and practices,"Subscriber report regarding comcast fraudulent pricing and practices. Filing Channel: Customer Care Call. Location: Hobart, Indiana. Current Resolution Status: Solved.",Billing Dispute,High,Angry,Solved,Hobart,Indiana,Customer Care Call,2026-02-24 12:37:14
TC-359438,Customer_359438,subscriber_359438@telecom-domain.com,Comcast and competition,"Subscriber report regarding Comcast and competition. Filing Channel: Internet. Location: Hoffman Estates, Illinois. Current Resolution Status: Solved.",Service Request,Medium,Frustrated,Solved,Hoffman Estates,Illinois,Internet,2026-03-10 02:30:14
TC-274483,Customer_274483,subscriber_274483@telecom-domain.com,Comcast/earthlink,"Subscriber report regarding Comcast/earthlink. Filing Channel: Internet. Location: Hoirn Lake, Mississippi. Current Resolution Status: Solved.",Service Request,Medium,Frustrated,Solved,Hoirn Lake,Mississippi,Internet,2026-02-27 08:46:14
TC-350621,Customer_350621,subscriber_350621@telecom-domain.com,Speed Throttling,"Subscriber report regarding Speed Throttling. Filing Channel: Customer Care Call. Location: Holladay, Utah. Current Resolution Status: Open.",Broadband Performance,Medium,Frustrated,Open,Holladay,Utah,Customer Care Call,2026-04-22 19:11:14
TC-361366,Customer_361366,subscriber_361366@telecom-domain.com,Charged double/Speeds throttled,"Subscriber report regarding Charged double/Speeds throttled. Filing Channel: Internet. Location: Holland, Michigan. Current Resolution Status: Solved.",Billing Dispute,High,Negative,Solved,Holland,Michigan,Internet,2026-05-08 20:53:14
TC-366714,Customer_366714,subscriber_366714@telecom-domain.com,Comcast Rate Hike,"Subscriber report regarding Comcast Rate Hike. Filing Channel: Customer Care Call. Location: Holland, Michigan. Current Resolution Status: Solved.",Service Request,Medium,Frustrated,Solved,Holland,Michigan,Customer Care Call,2026-04-03 09:59:14
TC-359054,Customer_359054,subscriber_359054@telecom-domain.com,Internet speed,"Subscriber report regarding Internet speed. Filing Channel: Customer Care Call. Location: Holly, Michigan. Current Resolution Status: Solved.",Broadband Performance,Medium,Frustrated,Solved,Holly,Michigan,Customer Care Call,2026-07-20 08:22:14
TC-233627,Customer_233627,subscriber_233627@telecom-domain.com,COMCAST XFINITY,"Subscriber report regarding COMCAST XFINITY. Filing Channel: Internet. Location: Hollywood, Florida. Current Resolution Status: Solved.",Service Request,Medium,Frustrated,Solved,Hollywood,Florida,Internet,2026-06-23 22:04:14
TC-278221,Customer_278221,subscriber_278221@telecom-domain.com,Internet Cable Alarm,"Subscriber report regarding Internet Cable Alarm. Filing Channel: Customer Care Call. Location: Hollywood, Florida. Current Resolution Status: Solved.",Service Request,Medium,Frustrated,Solved,Hollywood,Florida,Customer Care Call,2026-04-11 13:58:14
TC-278286,Customer_278286,subscriber_278286@telecom-domain.com,Phone Internet Cable Alarm,"Subscriber report regarding Phone Internet Cable Alarm. Filing Channel: Internet. Location: Hollywood, Florida. Current Resolution Status: Solved.",Call Drops,Medium,Frustrated,Solved,Hollywood,Florida,Internet,2026-04-30 08:51:14
TC-305865,Customer_305865,subscriber_305865@telecom-domain.com,comcast service overcharge for internet and phone,"Subscriber report regarding comcast service overcharge for internet and phone. Filing Channel: Internet. Location: Hollywood, Florida. Current Resolution Status: Solved.",Billing Dispute,High,Negative,Solved,Hollywood,Florida,Internet,2026-04-27 11:36:14
TC-331835,Customer_331835,subscriber_331835@telecom-domain.com,billing and internet connection,"Subscriber report regarding billing and internet connection. Filing Channel: Internet. Location: Hollywood, Florida. Current Resolution Status: Solved.",Billing Dispute,Medium,Frustrated,Solved,Hollywood,Florida,Internet,2026-07-21 13:17:14
TC-360555,Customer_360555,subscriber_360555@telecom-domain.com,Comcast internet price high,"Subscriber report regarding Comcast internet price high. Filing Channel: Customer Care Call. Location: Hollywood, Florida. Current Resolution Status: Solved.",Billing Dispute,Medium,Frustrated,Solved,Hollywood,Florida,Customer Care Call,2026-04-24 00:35:14
TC-232905,Customer_232905,subscriber_232905@telecom-domain.com,Comcast,"Subscriber report regarding Comcast. Filing Channel: Customer Care Call. Location: Hollywood Beach, Florida. Current Resolution Status: Solved.",Service Request,Medium,Frustrated,Solved,Hollywood Beach,Florida,Customer Care Call,2026-06-05 19:21:14
TC-305108,Customer_305108,subscriber_305108@telecom-domain.com,Comcast refuses to service address,"Subscriber report regarding Comcast refuses to service address. Filing Channel: Internet. Location: Homeland, Florida. Current Resolution Status: Solved.",Service Request,High,Angry,Solved,Homeland,Florida,Internet,2026-02-24 16:07:14
TC-262834,Customer_262834,subscriber_262834@telecom-domain.com,Overcharge/ promo end,"Subscriber report regarding Overcharge/ promo end. Filing Channel: Customer Care Call. Location: Homestead, Florida. Current Resolution Status: Solved.",Billing Dispute,High,Negative,Solved,Homestead,Florida,Customer Care Call,2026-06-01 18:19:14
TC-272785,Customer_272785,subscriber_272785@telecom-domain.com,"Hang-ups, Lies, Bill more than 2x higher & more","Subscriber report regarding Hang-ups, Lies, Bill more than 2x higher & more. Filing Channel: Customer Care Call. Location: Homestead, Florida. Current Resolution Status: Solved.",Billing Dispute,Medium,Frustrated,Solved,Homestead,Florida,Customer Care Call,2026-03-10 11:32:14
TC-369319,Customer_369319,subscriber_369319@telecom-domain.com,Lies and deception,"Subscriber report regarding Lies and deception. Filing Channel: Internet. Location: Homestead, Florida. Current Resolution Status: Solved.",Service Request,Medium,Frustrated,Solved,Homestead,Florida,Internet,2026-06-27 22:07:14
TC-362852,Customer_362852,subscriber_362852@telecom-domain.com,Comcast Refuses to Refund Deposit According to Initial Terms,"Subscriber report regarding Comcast Refuses to Refund Deposit According to Initial Terms. Filing Channel: Internet. Location: Hopkins, Minnesota. Current Resolution Status: Solved.",Billing Dispute,High,Angry,Solved,Hopkins,Minnesota,Internet,2026-07-13 03:00:14
TC-289924,Customer_289924,subscriber_289924@telecom-domain.com,Comcast Data Caps,"Subscriber report regarding Comcast Data Caps. Filing Channel: Internet. Location: Horn Lake, Mississippi. Current Resolution Status: Solved.",Data / Usage Issue,Medium,Negative,Solved,Horn Lake,Mississippi,Internet,2026-06-04 01:33:14
TC-359979,Customer_359979,subscriber_359979@telecom-domain.com,Data Cap,"Subscriber report regarding Data Cap. Filing Channel: Internet. Location: Horn Lake, Mississippi. Current Resolution Status: Pending.",Data / Usage Issue,Medium,Frustrated,Pending,Horn Lake,Mississippi,Internet,2026-06-04 09:15:14
TC-231729,Customer_231729,subscriber_231729@telecom-domain.com,comcast contract problem,"Subscriber report regarding comcast contract problem. Filing Channel: Internet. Location: Houston, Texas. Current Resolution Status: Solved.",Service Request,Medium,Negative,Solved,Houston,Texas,Internet,2026-05-28 07:52:14
TC-257575,Customer_257575,subscriber_257575@telecom-domain.com,intermittent service,"Subscriber report regarding intermittent service. Filing Channel: Internet. Location: Houston, Texas. Current Resolution Status: Solved.",Service Request,Medium,Frustrated,Solved,Houston,Texas,Internet,2026-06-10 23:01:14
TC-228467,Customer_228467,subscriber_228467@telecom-domain.com,Comcast-Overcharges,"Subscriber report regarding Comcast-Overcharges. Filing Channel: Internet. Location: Houston, Texas. Current Resolution Status: Solved.",Billing Dispute,High,Negative,Solved,Houston,Texas,Internet,2026-06-22 14:43:14
TC-235672,Customer_235672,subscriber_235672@telecom-domain.com,COMCAST,"Subscriber report regarding COMCAST. Filing Channel: Internet. Location: Houston, Texas. Current Resolution Status: Solved.",Service Request,Medium,Frustrated,Solved,Houston,Texas,Internet,2026-06-17 11:25:14
TC-254754,Customer_254754,subscriber_254754@telecom-domain.com,MONTHLY BILL,"Subscriber report regarding MONTHLY BILL. Filing Channel: Internet. Location: Houston, Texas. Current Resolution Status: Solved.",Billing Dispute,Medium,Frustrated,Solved,Houston,Texas,Internet,2026-02-23 06:40:14
TC-259151,Customer_259151,subscriber_259151@telecom-domain.com,"Deceptive business practice with ""Service Protection Plan""","Subscriber report regarding Deceptive business practice with ""Service Protection Plan"". Filing Channel: Customer Care Call. Location: Houston, Texas. Current Resolution Status: Solved.",Service Request,Medium,Frustrated,Solved,Houston,Texas,Customer Care Call,2026-02-24 04:06:14
TC-266346,Customer_266346,subscriber_266346@telecom-domain.com,Billing Error,"Subscriber report regarding Billing Error. Filing Channel: Internet. Location: Houston, Texas. Current Resolution Status: Solved.",Billing Dispute,Medium,Frustrated,Solved,Houston,Texas,Internet,2026-07-05 05:10:14
TC-290828,Customer_290828,subscriber_290828@telecom-domain.com,Unreliable Service,"Subscriber report regarding Unreliable Service. Filing Channel: Customer Care Call. Location: Houston, Texas. Current Resolution Status: Solved.",Service Request,Medium,Frustrated,Solved,Houston,Texas,Customer Care Call,2026-06-11 07:28:14
TC-303252,Customer_303252,subscriber_303252@telecom-domain.com,Billing and threats,"Subscriber report regarding Billing and threats. Filing Channel: Customer Care Call. Location: Houston, Texas. Current Resolution Status: Solved.",Billing Dispute,Medium,Frustrated,Solved,Houston,Texas,Customer Care Call,2026-04-21 21:57:14
TC-312890,Customer_312890,subscriber_312890@telecom-domain.com,Horrible Internet Speed not what I pay for,"Subscriber report regarding Horrible Internet Speed not what I pay for. Filing Channel: Customer Care Call. Location: Houston, Texas. Current Resolution Status: Open.",Broadband Performance,High,Angry,Open,Houston,Texas,Customer Care Call,2026-05-24 10:41:14
TC-315608,Customer_315608,subscriber_315608@telecom-domain.com,Comcast Service Failure,"Subscriber report regarding Comcast Service Failure. Filing Channel: Internet. Location: Houston, Texas. Current Resolution Status: Pending.",Service Request,Medium,Negative,Pending,Houston,Texas,Internet,2026-07-21 11:50:14
TC-322517,Customer_322517,subscriber_322517@telecom-domain.com,Incomplete billing cycle,"Subscriber report regarding Incomplete billing cycle. Filing Channel: Internet. Location: Houston, Texas. Current Resolution Status: Solved.",Billing Dispute,Medium,Frustrated,Solved,Houston,Texas,Internet,2026-04-05 22:23:14
TC-326349,Customer_326349,subscriber_326349@telecom-domain.com,Internet System Reliability,"Subscriber report regarding Internet System Reliability. Filing Channel: Customer Care Call. Location: Houston, Texas. Current Resolution Status: Solved.",Service Request,Medium,Frustrated,Solved,Houston,Texas,Customer Care Call,2026-07-18 01:39:14
TC-331890,Customer_331890,subscriber_331890@telecom-domain.com,Faulty Bill for More Profit,"Subscriber report regarding Faulty Bill for More Profit. Filing Channel: Internet. Location: Houston, Texas. Current Resolution Status: Solved.",Billing Dispute,Medium,Frustrated,Solved,Houston,Texas,Internet,2026-08-05 02:11:14
TC-338384,Customer_338384,subscriber_338384@telecom-domain.com,Comcast - Overcharging/Unnecessary Charges,"Subscriber report regarding Comcast - Overcharging/Unnecessary Charges. Filing Channel: Customer Care Call. Location: Houston, Texas. Current Resolution Status: Solved.",Billing Dispute,High,Negative,Solved,Houston,Texas,Customer Care Call,2026-05-26 13:15:14
TC-348900,Customer_348900,subscriber_348900@telecom-domain.com,Throttling by Comcast,"Subscriber report regarding Throttling by Comcast. Filing Channel: Internet. Location: Houston, Texas. Current Resolution Status: Pending.",Broadband Performance,Medium,Frustrated,Pending,Houston,Texas,Internet,2026-05-24 22:43:14
TC-357816,Customer_357816,subscriber_357816@telecom-domain.com,Billed for internet service that was never installed,"Subscriber report regarding Billed for internet service that was never installed. Filing Channel: Internet. Location: Houston, Texas. Current Resolution Status: Open.",Billing Dispute,Medium,Frustrated,Open,Houston,Texas,Internet,2026-06-01 10:23:14
TC-358688,Customer_358688,subscriber_358688@telecom-domain.com,Billing and New Account Issues,"Subscriber report regarding Billing and New Account Issues. Filing Channel: Customer Care Call. Location: Houston, Texas. Current Resolution Status: Open.",Billing Dispute,High,Negative,Open,Houston,Texas,Customer Care Call,2026-03-02 15:32:14
TC-360673,Customer_360673,subscriber_360673@telecom-domain.com,Comcast high prices and throttling speeds,"Subscriber report regarding Comcast high prices and throttling speeds. Filing Channel: Customer Care Call. Location: Houston, Texas. Current Resolution Status: Solved.",Billing Dispute,Medium,Frustrated,Solved,Houston,Texas,Customer Care Call,2026-03-29 07:43:14
TC-360698,Customer_360698,subscriber_360698@telecom-domain.com,Comcast Predatory Pricing forcing purchase of cable.,"Subscriber report regarding Comcast Predatory Pricing forcing purchase of cable.. Filing Channel: Internet. Location: Houston, Texas. Current Resolution Status: Solved.",Billing Dispute,Medium,Frustrated,Solved,Houston,Texas,Internet,2026-03-14 12:55:14
TC-360788,Customer_360788,subscriber_360788@telecom-domain.com,Comcast Billing,"Subscriber report regarding Comcast Billing. Filing Channel: Internet. Location: Houston, Texas. Current Resolution Status: Open.",Billing Dispute,Medium,Frustrated,Open,Houston,Texas,Internet,2026-03-28 03:29:14
TC-360768,Customer_360768,subscriber_360768@telecom-domain.com,speed/pricing,"Subscriber report regarding speed/pricing. Filing Channel: Internet. Location: Houston, Texas. Current Resolution Status: Open.",Billing Dispute,Medium,Frustrated,Open,Houston,Texas,Internet,2026-07-26 18:39:14
TC-363717,Customer_363717,subscriber_363717@telecom-domain.com,Comcast Internet Slow,"Subscriber report regarding Comcast Internet Slow. Filing Channel: Customer Care Call. Location: Houston, Texas. Current Resolution Status: Solved.",Broadband Performance,Medium,Negative,Solved,Houston,Texas,Customer Care Call,2026-07-04 01:40:14
TC-367279,Customer_367279,subscriber_367279@telecom-domain.com,The monthly bill for my internet service has become too expensive.,"Subscriber report regarding The monthly bill for my internet service has become too expensive.. Filing Channel: Customer Care Call. Location: Houston, Texas. Current Resolution Status: Solved.",Billing Dispute,Medium,Frustrated,Solved,Houston,Texas,Customer Care Call,2026-03-10 05:25:14
TC-363809,Customer_363809,subscriber_363809@telecom-domain.com,Throttling,"Subscriber report regarding Throttling. Filing Channel: Customer Care Call. Location: Houston, Texas. Current Resolution Status: Pending.",Broadband Performance,Medium,Frustrated,Pending,Houston,Texas,Customer Care Call,2026-03-14 16:37:14
TC-366222,Customer_366222,subscriber_366222@telecom-domain.com,Comcast Internet Service Complaint,"Subscriber report regarding Comcast Internet Service Complaint. Filing Channel: Customer Care Call. Location: Houston, Texas. Current Resolution Status: Open.",Service Request,Medium,Frustrated,Open,Houston,Texas,Customer Care Call,2026-06-16 03:27:14
TC-366722,Customer_366722,subscriber_366722@telecom-domain.com,"poor quality service, multiple disconnections prior to disconnect date and after I have made payments still got disconnected multiple times","Subscriber report regarding poor quality service, multiple disconnections prior to disconnect date and after I have made payments still got disconnected multiple times. Filing Channel: Customer Care Call. Location: Houston, Texas. Current Resolution Status: Solved.",Billing Dispute,Medium,Frustrated,Solved,Houston,Texas,Customer Care Call,2026-03-15 15:07:14
TC-367079,Customer_367079,subscriber_367079@telecom-domain.com,Comcast,"Subscriber report regarding Comcast. Filing Channel: Internet. Location: Houston, Texas. Current Resolution Status: Open.",Service Request,Medium,Frustrated,Open,Houston,Texas,Internet,2026-07-14 21:09:14
TC-367936,Customer_367936,subscriber_367936@telecom-domain.com,"Being lied to, and mislead by Comcast / Xfinity","Subscriber report regarding Being lied to, and mislead by Comcast / Xfinity. Filing Channel: Internet. Location: Houston, Texas. Current Resolution Status: Solved.",Service Request,Medium,Frustrated,Solved,Houston,Texas,Internet,2026-03-22 02:15:14
TC-370513,Customer_370513,subscriber_370513@telecom-domain.com,Internet connection not available,"Subscriber report regarding Internet connection not available. Filing Channel: Customer Care Call. Location: Houston, Texas. Current Resolution Status: Solved.",Service Request,Medium,Frustrated,Solved,Houston,Texas,Customer Care Call,2026-03-23 17:09:14
TC-372497,Customer_372497,subscriber_372497@telecom-domain.com,Comcast Service Issues,"Subscriber report regarding Comcast Service Issues. Filing Channel: Customer Care Call. Location: Houston, Texas. Current Resolution Status: Pending.",Service Request,Medium,Negative,Pending,Houston,Texas,Customer Care Call,2026-03-23 19:40:14
TC-375847,Customer_375847,subscriber_375847@telecom-domain.com,Comcast bundles useless services to charge more.,"Subscriber report regarding Comcast bundles useless services to charge more.. Filing Channel: Internet. Location: Houston, Texas. Current Resolution Status: Open.",Billing Dispute,High,Negative,Open,Houston,Texas,Internet,2026-03-31 20:42:14
TC-376328,Customer_376328,subscriber_376328@telecom-domain.com,Comcast Failed to deliver service that was advertised,"Subscriber report regarding Comcast Failed to deliver service that was advertised. Filing Channel: Internet. Location: Houston, Texas. Current Resolution Status: Open.",Service Request,Medium,Negative,Open,Houston,Texas,Internet,2026-04-21 11:16:14
TC-367137,Customer_367137,subscriber_367137@telecom-domain.com,"Comcast wont honor discount, bill higher than what was agreed","Subscriber report regarding Comcast wont honor discount, bill higher than what was agreed. Filing Channel: Internet. Location: Howell, Michigan. Current Resolution Status: Solved.",Billing Dispute,Medium,Frustrated,Solved,Howell,Michigan,Internet,2026-04-20 05:24:14
TC-362687,Customer_362687,subscriber_362687@telecom-domain.com,"Poor customer service, terrible Internet speeds, prices are way too high.","Subscriber report regarding Poor customer service, terrible Internet speeds, prices are way too high.. Filing Channel: Customer Care Call. Location: Hudsonville, Michigan. Current Resolution Status: Open.",Billing Dispute,High,Angry,Open,Hudsonville,Michigan,Customer Care Call,2026-07-04 11:40:14
TC-339509,Customer_339509,subscriber_339509@telecom-domain.com,Comcast Bundle Promotion Bait and Switch,"Subscriber report regarding Comcast Bundle Promotion Bait and Switch. Filing Channel: Internet. Location: Hughesville, Maryland. Current Resolution Status: Open.",Service Request,Medium,Frustrated,Open,Hughesville,Maryland,Internet,2026-06-13 09:34:14
TC-220424,Customer_220424,subscriber_220424@telecom-domain.com,COMCAST INTERNET SERVICE LARGE INCREASES & IMPROPER BILLINGS ON PROMTIONS FOR ONE YR,"Subscriber report regarding COMCAST INTERNET SERVICE LARGE INCREASES & IMPROPER BILLINGS ON PROMTIONS FOR ONE YR. Filing Channel: Internet. Location: Humble, Texas. Current Resolution Status: Solved.",Billing Dispute,Medium,Frustrated,Solved,Humble,Texas,Internet,2026-07-13 11:33:14
TC-305929,Customer_305929,subscriber_305929@telecom-domain.com,Comcast refused to install internet,"Subscriber report regarding Comcast refused to install internet. Filing Channel: Internet. Location: Humble, Texas. Current Resolution Status: Open.",Installation,High,Angry,Open,Humble,Texas,Internet,2026-08-14 04:49:14
TC-324340,Customer_324340,subscriber_324340@telecom-domain.com,Text on Facebook,"Subscriber report regarding Text on Facebook. Filing Channel: Customer Care Call. Location: Humble, Texas. Current Resolution Status: Solved.",Service Request,Medium,Frustrated,Solved,Humble,Texas,Customer Care Call,2026-06-03 22:00:14
TC-327756,Customer_327756,subscriber_327756@telecom-domain.com,Comcast (customer.xfinity.com),"Subscriber report regarding Comcast (customer.xfinity.com). Filing Channel: Internet. Location: Humble, Texas. Current Resolution Status: Solved.",Service Request,Medium,Frustrated,Solved,Humble,Texas,Internet,2026-03-06 07:48:14
TC-347206,Customer_347206,subscriber_347206@telecom-domain.com,"Low internet speed complaint against Comcast Xfinity Houston, Texas","Subscriber report regarding Low internet speed complaint against Comcast Xfinity Houston, Texas. Filing Channel: Internet. Location: Humble, Texas. Current Resolution Status: Solved.",Broadband Performance,Medium,Frustrated,Solved,Humble,Texas,Internet,2026-04-17 10:17:14
TC-367390,Customer_367390,subscriber_367390@telecom-domain.com,Billing and false advertising,"Subscriber report regarding Billing and false advertising. Filing Channel: Customer Care Call. Location: Humble, Texas. Current Resolution Status: Solved.",Billing Dispute,Medium,Frustrated,Solved,Humble,Texas,Customer Care Call,2026-03-18 01:31:14
TC-274968,Customer_274968,subscriber_274968@telecom-domain.com,Comcast Charging Service Fee To Customer--Customer Didn't Cause Issue,"Subscriber report regarding Comcast Charging Service Fee To Customer--Customer Didn't Cause Issue. Filing Channel: Internet. Location: Huntington, West Virginia. Current Resolution Status: Solved.",Billing Dispute,High,Negative,Solved,Huntington,West Virginia,Internet,2026-04-27 17:48:14
TC-363353,Customer_363353,subscriber_363353@telecom-domain.com,Comcast,"Subscriber report regarding Comcast. Filing Channel: Customer Care Call. Location: Huntington, West Virginia. Current Resolution Status: Open.",Service Request,Medium,Frustrated,Open,Huntington,West Virginia,Customer Care Call,2026-04-12 02:12:14
TC-211904,Customer_211904,subscriber_211904@telecom-domain.com,Unable to get in touch with anyone that has the power to cancel my services,"Subscriber report regarding Unable to get in touch with anyone that has the power to cancel my services. Filing Channel: Customer Care Call. Location: Huntsville, Alabama. Current Resolution Status: Solved.",Cancellation,Medium,Frustrated,Solved,Huntsville,Alabama,Customer Care Call,2026-08-03 03:58:14
TC-278031,Customer_278031,subscriber_278031@telecom-domain.com,Comcast's data caps are anti-consumer.,"Subscriber report regarding Comcast's data caps are anti-consumer.. Filing Channel: Internet. Location: Huntsville, Alabama. Current Resolution Status: Solved.",Data / Usage Issue,Medium,Negative,Solved,Huntsville,Alabama,Internet,2026-05-28 21:42:14
TC-293104,Customer_293104,subscriber_293104@telecom-domain.com,HBOGO on PS4,"Subscriber report regarding HBOGO on PS4. Filing Channel: Internet. Location: Huntsville, Alabama. Current Resolution Status: Solved.",Service Request,Medium,Frustrated,Solved,Huntsville,Alabama,Internet,2026-05-29 10:45:14
TC-361714,Customer_361714,subscriber_361714@telecom-domain.com,Throttled Speed During Peak Hours,"Subscriber report regarding Throttled Speed During Peak Hours. Filing Channel: Customer Care Call. Location: Huntsville, Alabama. Current Resolution Status: Solved.",Broadband Performance,Medium,Frustrated,Solved,Huntsville,Alabama,Customer Care Call,2026-02-21 11:37:14
TC-363900,Customer_363900,subscriber_363900@telecom-domain.com,Customer Service lied about extra fees,"Subscriber report regarding Customer Service lied about extra fees. Filing Channel: Internet. Location: Huntsville, Alabama. Current Resolution Status: Solved.",Billing Dispute,Medium,Frustrated,Solved,Huntsville,Alabama,Internet,2026-04-08 10:06:14
TC-370142,Customer_370142,subscriber_370142@telecom-domain.com,Xfinity Data Cap,"Subscriber report regarding Xfinity Data Cap. Filing Channel: Internet. Location: Huntsville, Alabama. Current Resolution Status: Open.",Data / Usage Issue,Medium,Frustrated,Open,Huntsville,Alabama,Internet,2026-02-28 22:14:14
TC-347695,Customer_347695,subscriber_347695@telecom-domain.com,Comcast Services,"Subscriber report regarding Comcast Services. Filing Channel: Customer Care Call. Location: Huston, Texas. Current Resolution Status: Solved.",Service Request,Medium,Frustrated,Solved,Huston,Texas,Customer Care Call,2026-04-01 07:53:14
TC-336545,Customer_336545,subscriber_336545@telecom-domain.com,"Charged for activation kit that was never sent, needed or used","Subscriber report regarding Charged for activation kit that was never sent, needed or used. Filing Channel: Customer Care Call. Location: Hydes, Maryland. Current Resolution Status: Solved.",Billing Dispute,High,Negative,Solved,Hydes,Maryland,Customer Care Call,2026-04-02 20:34:14
TC-223149,Customer_223149,subscriber_223149@telecom-domain.com,Adding services Not Requested and Increasing fees without notification.,"Subscriber report regarding Adding services Not Requested and Increasing fees without notification.. Filing Channel: Customer Care Call. Location: Independence, Missouri. Current Resolution Status: Solved.",Billing Dispute,Medium,Frustrated,Solved,Independence,Missouri,Customer Care Call,2026-08-07 22:35:14
TC-214960,Customer_214960,subscriber_214960@telecom-domain.com,Renewed contract without my permission or consent,"Subscriber report regarding Renewed contract without my permission or consent. Filing Channel: Customer Care Call. Location: Indianapolis, Indiana. Current Resolution Status: Solved.",Service Request,Medium,Frustrated,Solved,Indianapolis,Indiana,Customer Care Call,2026-05-18 00:50:14
TC-219813,Customer_219813,subscriber_219813@telecom-domain.com,"Ongoing issue with bill, Supervisors, Issue Not Fixed","Subscriber report regarding Ongoing issue with bill, Supervisors, Issue Not Fixed. Filing Channel: Internet. Location: Indianapolis, Indiana. Current Resolution Status: Solved.",Billing Dispute,High,Negative,Solved,Indianapolis,Indiana,Internet,2026-03-14 00:00:14
TC-227123,Customer_227123,subscriber_227123@telecom-domain.com,Comcast,"Subscriber report regarding Comcast. Filing Channel: Customer Care Call. Location: Indianapolis, Indiana. Current Resolution Status: Solved.",Service Request,Medium,Frustrated,Solved,Indianapolis,Indiana,Customer Care Call,2026-06-03 22:06:14
TC-234921,Customer_234921,subscriber_234921@telecom-domain.com,Comcast failure to provide adequate service,"Subscriber report regarding Comcast failure to provide adequate service. Filing Channel: Internet. Location: Indianapolis, Indiana. Current Resolution Status: Solved.",Service Request,Medium,Negative,Solved,Indianapolis,Indiana,Internet,2026-03-28 00:18:14
TC-267371,Customer_267371,subscriber_267371@telecom-domain.com,assessing unjustified late fees,"Subscriber report regarding assessing unjustified late fees. Filing Channel: Customer Care Call. Location: Indianapolis, Indiana. Current Resolution Status: Solved.",Billing Dispute,Medium,Frustrated,Solved,Indianapolis,Indiana,Customer Care Call,2026-03-19 03:32:14
TC-268877,Customer_268877,subscriber_268877@telecom-domain.com,Unable to fully use services and high bills,"Subscriber report regarding Unable to fully use services and high bills. Filing Channel: Customer Care Call. Location: Indianapolis, Indiana. Current Resolution Status: Solved.",Billing Dispute,Medium,Frustrated,Solved,Indianapolis,Indiana,Customer Care Call,2026-08-18 00:05:14
TC-272382,Customer_272382,subscriber_272382@telecom-domain.com,Comcast,"Subscriber report regarding Comcast. Filing Channel: Internet. Location: Indianapolis, Indiana. Current Resolution Status: Open.",Service Request,Medium,Frustrated,Open,Indianapolis,Indiana,Internet,2026-08-18 15:23:14
TC-280018,Customer_280018,subscriber_280018@telecom-domain.com,Comcast in Indianapolis scam,"Subscriber report regarding Comcast in Indianapolis scam. Filing Channel: Internet. Location: Indianapolis, Indiana. Current Resolution Status: Solved.",Service Request,High,Angry,Solved,Indianapolis,Indiana,Internet,2026-05-11 23:32:14
TC-296536,Customer_296536,subscriber_296536@telecom-domain.com,Comcast billing,"Subscriber report regarding Comcast billing. Filing Channel: Internet. Location: Indianapolis, Indiana. Current Resolution Status: Solved.",Billing Dispute,Medium,Frustrated,Solved,Indianapolis,Indiana,Internet,2026-07-20 22:49:14
TC-307772,Customer_307772,subscriber_307772@telecom-domain.com,COMCAST CUSTOMER CARE ( RACISM),"Subscriber report regarding COMCAST CUSTOMER CARE ( RACISM). Filing Channel: Customer Care Call. Location: Indianapolis, Indiana. Current Resolution Status: Solved.",Service Request,Medium,Frustrated,Solved,Indianapolis,Indiana,Customer Care Call,2026-06-04 20:03:14
TC-307782,Customer_307782,subscriber_307782@telecom-domain.com,COMCAST CUSTOMER CARE ( RACISM),"Subscriber report regarding COMCAST CUSTOMER CARE ( RACISM). Filing Channel: Customer Care Call. Location: Indianapolis, Indiana. Current Resolution Status: Solved.",Service Request,Medium,Frustrated,Solved,Indianapolis,Indiana,Customer Care Call,2026-08-08 18:40:14
TC-311036,Customer_311036,subscriber_311036@telecom-domain.com,internet and service,"Subscriber report regarding internet and service. Filing Channel: Customer Care Call. Location: Indianapolis, Indiana. Current Resolution Status: Open.",Service Request,Medium,Frustrated,Open,Indianapolis,Indiana,Customer Care Call,2026-06-22 20:10:14
TC-337985,Customer_337985,subscriber_337985@telecom-domain.com,HBO shouldn't have a load time,"Subscriber report regarding HBO shouldn't have a load time. Filing Channel: Customer Care Call. Location: Indianapolis, Indiana. Current Resolution Status: Solved.",Service Request,Medium,Frustrated,Solved,Indianapolis,Indiana,Customer Care Call,2026-07-10 05:38:14
TC-338719,Customer_338719,subscriber_338719@telecom-domain.com,Comcast customer service agents lie about offers to switch,"Subscriber report regarding Comcast customer service agents lie about offers to switch. Filing Channel: Internet. Location: Indianapolis, Indiana. Current Resolution Status: Solved.",Customer Service,Medium,Frustrated,Solved,Indianapolis,Indiana,Internet,2026-07-02 10:40:14
TC-342775,Customer_342775,subscriber_342775@telecom-domain.com,Comcast technical/customer service and billing problems,"Subscriber report regarding Comcast technical/customer service and billing problems. Filing Channel: Customer Care Call. Location: Indianapolis, Indiana. Current Resolution Status: Solved.",Billing Dispute,High,Negative,Solved,Indianapolis,Indiana,Customer Care Call,2026-06-12 05:56:14
TC-353431,Customer_353431,subscriber_353431@telecom-domain.com,Comcast/Xfinity Internet Gouging,"Subscriber report regarding Comcast/Xfinity Internet Gouging. Filing Channel: Customer Care Call. Location: Indianapolis, Indiana. Current Resolution Status: Solved.",Service Request,Medium,Frustrated,Solved,Indianapolis,Indiana,Customer Care Call,2026-07-30 19:10:14
TC-359596,Customer_359596,subscriber_359596@telecom-domain.com,Pricing Problems Even After Promises,"Subscriber report regarding Pricing Problems Even After Promises. Filing Channel: Customer Care Call. Location: Indianapolis, Indiana. Current Resolution Status: Open.",Billing Dispute,High,Negative,Open,Indianapolis,Indiana,Customer Care Call,2026-02-21 07:31:14
TC-361367,Customer_361367,subscriber_361367@telecom-domain.com,Comcast Business Services-Email Accounts,"Subscriber report regarding Comcast Business Services-Email Accounts. Filing Channel: Customer Care Call. Location: Indianapolis, Indiana. Current Resolution Status: Solved.",Service Request,Medium,Frustrated,Solved,Indianapolis,Indiana,Customer Care Call,2026-02-23 15:15:14
TC-361001,Customer_361001,subscriber_361001@telecom-domain.com,keep getting charged for modem rental and I bought my own 7 months ago!,"Subscriber report regarding keep getting charged for modem rental and I bought my own 7 months ago!. Filing Channel: Internet. Location: Indianapolis, Indiana. Current Resolution Status: Solved.",Billing Dispute,High,Negative,Solved,Indianapolis,Indiana,Internet,2026-07-22 08:09:14
TC-362921,Customer_362921,subscriber_362921@telecom-domain.com,Comcast billing,"Subscriber report regarding Comcast billing. Filing Channel: Customer Care Call. Location: Indianapolis, Indiana. Current Resolution Status: Solved.",Billing Dispute,Medium,Frustrated,Solved,Indianapolis,Indiana,Customer Care Call,2026-07-07 09:55:14
TC-372121,Customer_372121,subscriber_372121@telecom-domain.com,Internet Service Provider Comcast harassing me to return equipment I already returned,"Subscriber report regarding Internet Service Provider Comcast harassing me to return equipment I already returned. Filing Channel: Customer Care Call. Location: Indianapolis, Indiana. Current Resolution Status: Solved.",Equipment / Router,Medium,Frustrated,Solved,Indianapolis,Indiana,Customer Care Call,2026-06-10 23:03:14
TC-339451,Customer_339451,subscriber_339451@telecom-domain.com,Comcast Service,"Subscriber report regarding Comcast Service. Filing Channel: Customer Care Call. Location: Ingleside, Illinois. Current Resolution Status: Solved.",Service Request,Medium,Frustrated,Solved,Ingleside,Illinois,Customer Care Call,2026-03-27 07:01:14
TC-218509,Customer_218509,subscriber_218509@telecom-domain.com,Throttling,"Subscriber report regarding Throttling. Filing Channel: Customer Care Call. Location: Inver Grove Heights, Minnesota. Current Resolution Status: Solved.",Broadband Performance,Medium,Frustrated,Solved,Inver Grove Heights,Minnesota,Customer Care Call,2026-08-06 13:40:14
TC-273473,Customer_273473,subscriber_273473@telecom-domain.com,Continued Calls from Comcast,"Subscriber report regarding Continued Calls from Comcast. Filing Channel: Internet. Location: Inver Grove Heights, Minnesota. Current Resolution Status: Solved.",Call Drops,Medium,Frustrated,Solved,Inver Grove Heights,Minnesota,Internet,2026-03-08 23:44:14
TC-328701,Customer_328701,subscriber_328701@telecom-domain.com,Installation,"Subscriber report regarding Installation. Filing Channel: Customer Care Call. Location: Irvington, New Jersey. Current Resolution Status: Solved.",Installation,Medium,Frustrated,Solved,Irvington,New Jersey,Customer Care Call,2026-08-15 07:25:14
TC-342492,Customer_342492,subscriber_342492@telecom-domain.com,Comcast/Xfinity,"Subscriber report regarding Comcast/Xfinity. Filing Channel: Customer Care Call. Location: Irvington, New Jersey. Current Resolution Status: Solved.",Service Request,Medium,Frustrated,Solved,Irvington,New Jersey,Customer Care Call,2026-02-27 10:59:14
TC-367222,Customer_367222,subscriber_367222@telecom-domain.com,internet being throttled by comcast,"Subscriber report regarding internet being throttled by comcast. Filing Channel: Internet. Location: Irwin, Pennsylvania. Current Resolution Status: Pending.",Broadband Performance,Medium,Frustrated,Pending,Irwin,Pennsylvania,Internet,2026-07-24 23:56:14
TC-332137,Customer_332137,subscriber_332137@telecom-domain.com,"Service connection issues, increased billing, bad service, unfair trade practices","Subscriber report regarding Service connection issues, increased billing, bad service, unfair trade practices. Filing Channel: Internet. Location: Islamorada, Florida. Current Resolution Status: Solved.",Billing Dispute,High,Negative,Solved,Islamorada,Florida,Internet,2026-03-14 03:46:14
TC-344623,Customer_344623,subscriber_344623@telecom-domain.com,Comcast - Virtually no service since October 2014,"Subscriber report regarding Comcast - Virtually no service since October 2014. Filing Channel: Internet. Location: Jackson, Mississippi. Current Resolution Status: Solved.",Service Outage,Medium,Frustrated,Solved,Jackson,Mississippi,Internet,2026-07-09 21:39:14
TC-348982,Customer_348982,subscriber_348982@telecom-domain.com,recurring billing discrepancy regarding modem,"Subscriber report regarding recurring billing discrepancy regarding modem. Filing Channel: Customer Care Call. Location: Jackson, Mississippi. Current Resolution Status: Solved.",Billing Dispute,Medium,Frustrated,Solved,Jackson,Mississippi,Customer Care Call,2026-05-10 09:48:14
TC-357307,Customer_357307,subscriber_357307@telecom-domain.com,Comcast Data Usage robbing us,"Subscriber report regarding Comcast Data Usage robbing us. Filing Channel: Customer Care Call. Location: Jackson, Mississippi. Current Resolution Status: Pending.",Data / Usage Issue,Medium,Frustrated,Pending,Jackson,Mississippi,Customer Care Call,2026-03-23 06:09:14
TC-370322,Customer_370322,subscriber_370322@telecom-domain.com,False advertising and overcharging,"Subscriber report regarding False advertising and overcharging. Filing Channel: Customer Care Call. Location: Jackson, Mississippi. Current Resolution Status: Open.",Service Request,Medium,Frustrated,Open,Jackson,Mississippi,Customer Care Call,2026-07-21 13:42:14
TC-326255,Customer_326255,subscriber_326255@telecom-domain.com,xfinity Internet,"Subscriber report regarding xfinity Internet. Filing Channel: Internet. Location: Jacksonville, Arkansas. Current Resolution Status: Solved.",Service Request,Medium,Frustrated,Solved,Jacksonville,Arkansas,Internet,2026-03-08 07:04:14
TC-217474,Customer_217474,subscriber_217474@telecom-domain.com,Overcharged/excessive bill,"Subscriber report regarding Overcharged/excessive bill. Filing Channel: Customer Care Call. Location: Jacksonville, Florida. Current Resolution Status: Solved.",Billing Dispute,High,Negative,Solved,Jacksonville,Florida,Customer Care Call,2026-07-29 15:14:14
TC-223428,Customer_223428,subscriber_223428@telecom-domain.com,Internet Fraud,"Subscriber report regarding Internet Fraud. Filing Channel: Customer Care Call. Location: Jacksonville, Florida. Current Resolution Status: Solved.",Service Request,High,Angry,Solved,Jacksonville,Florida,Customer Care Call,2026-04-14 14:34:14
TC-225592,Customer_225592,subscriber_225592@telecom-domain.com,"COMCAST INTERNET PROVIDER-JACKSONVILLE, FLORIDA","Subscriber report regarding COMCAST INTERNET PROVIDER-JACKSONVILLE, FLORIDA. Filing Channel: Internet. Location: Jacksonville, Florida. Current Resolution Status: Solved.",Service Request,Medium,Frustrated,Solved,Jacksonville,Florida,Internet,2026-04-13 07:49:14
TC-231989,Customer_231989,subscriber_231989@telecom-domain.com,Internet Service Changes between Comcast Business & Comcast Residential,"Subscriber report regarding Internet Service Changes between Comcast Business & Comcast Residential. Filing Channel: Customer Care Call. Location: Jacksonville, Florida. Current Resolution Status: Solved.",Service Request,Medium,Frustrated,Solved,Jacksonville,Florida,Customer Care Call,2026-08-10 01:29:14
TC-232097,Customer_232097,subscriber_232097@telecom-domain.com,Cannot Access OnlineBilling Account to pay bill. Account info changed without Authorization,"Subscriber report regarding Cannot Access OnlineBilling Account to pay bill. Account info changed without Authorization. Filing Channel: Customer Care Call. Location: Jacksonville, Florida. Current Resolution Status: Solved.",Billing Dispute,Medium,Frustrated,Solved,Jacksonville,Florida,Customer Care Call,2026-07-11 00:43:14
TC-236100,Customer_236100,subscriber_236100@telecom-domain.com,Continued issue,"Subscriber report regarding Continued issue. Filing Channel: Internet. Location: Jacksonville, Florida. Current Resolution Status: Solved.",Service Request,Medium,Negative,Solved,Jacksonville,Florida,Internet,2026-07-05 11:40:14
TC-244172,Customer_244172,subscriber_244172@telecom-domain.com,Internet Only Deal,"Subscriber report regarding Internet Only Deal. Filing Channel: Internet. Location: Jacksonville, Florida. Current Resolution Status: Open.",Service Request,Medium,Frustrated,Open,Jacksonville,Florida,Internet,2026-02-27 04:00:14
TC-218221,Customer_218221,subscriber_218221@telecom-domain.com,Customer Service from Comcast,"Subscriber report regarding Customer Service from Comcast. Filing Channel: Customer Care Call. Location: Jacksonville, Florida. Current Resolution Status: Solved.",Customer Service,Medium,Frustrated,Solved,Jacksonville,Florida,Customer Care Call,2026-06-24 02:36:14
TC-222146,Customer_222146,subscriber_222146@telecom-domain.com,Comcast service billing,"Subscriber report regarding Comcast service billing. Filing Channel: Customer Care Call. Location: Jacksonville, Florida. Current Resolution Status: Solved.",Billing Dispute,Medium,Frustrated,Solved,Jacksonville,Florida,Customer Care Call,2026-07-12 20:00:14
TC-240608,Customer_240608,subscriber_240608@telecom-domain.com,Comcast Speed Issue after Evening,"Subscriber report regarding Comcast Speed Issue after Evening. Filing Channel: Customer Care Call. Location: Jacksonville, Florida. Current Resolution Status: Solved.",Broadband Performance,Medium,Negative,Solved,Jacksonville,Florida,Customer Care Call,2026-08-10 00:04:14
TC-243843,Customer_243843,subscriber_243843@telecom-domain.com,Comcast has not applied credit of close to $400,"Subscriber report regarding Comcast has not applied credit of close to $400. Filing Channel: Customer Care Call. Location: Jacksonville, Florida. Current Resolution Status: Solved.",Billing Dispute,Medium,Frustrated,Solved,Jacksonville,Florida,Customer Care Call,2026-03-04 19:20:14
TC-246982,Customer_246982,subscriber_246982@telecom-domain.com,Comcast Complaint,"Subscriber report regarding Comcast Complaint. Filing Channel: Internet. Location: Jacksonville, Florida. Current Resolution Status: Solved.",Service Request,Medium,Frustrated,Solved,Jacksonville,Florida,Internet,2026-02-26 22:15:14
TC-269604,Customer_269604,subscriber_269604@telecom-domain.com,Monopoly & Fraudulent Broadband Speedtest results,"Subscriber report regarding Monopoly & Fraudulent Broadband Speedtest results. Filing Channel: Customer Care Call. Location: Jacksonville, Florida. Current Resolution Status: Solved.",Broadband Performance,High,Angry,Solved,Jacksonville,Florida,Customer Care Call,2026-04-27 04:24:14
TC-276082,Customer_276082,subscriber_276082@telecom-domain.com,COMCAST REFUSES TO SERVE MY ADDRESS,"Subscriber report regarding COMCAST REFUSES TO SERVE MY ADDRESS. Filing Channel: Internet. Location: Jacksonville, Florida. Current Resolution Status: Solved.",Service Request,High,Angry,Solved,Jacksonville,Florida,Internet,2026-05-11 08:49:14
TC-279901,Customer_279901,subscriber_279901@telecom-domain.com,Customer Service Nightmare,"Subscriber report regarding Customer Service Nightmare. Filing Channel: Customer Care Call. Location: Jacksonville, Florida. Current Resolution Status: Solved.",Customer Service,Medium,Frustrated,Solved,Jacksonville,Florida,Customer Care Call,2026-03-28 13:24:14
TC-282596,Customer_282596,subscriber_282596@telecom-domain.com,Commercial property damage,"Subscriber report regarding Commercial property damage. Filing Channel: Internet. Location: Jacksonville, Florida. Current Resolution Status: Solved.",Service Request,Medium,Frustrated,Solved,Jacksonville,Florida,Internet,2026-04-05 06:11:14
TC-282634,Customer_282634,subscriber_282634@telecom-domain.com,Non working service with Comcast,"Subscriber report regarding Non working service with Comcast. Filing Channel: Internet. Location: Jacksonville, Florida. Current Resolution Status: Solved.",Service Request,Medium,Frustrated,Solved,Jacksonville,Florida,Internet,2026-03-07 05:30:14
TC-294231,Customer_294231,subscriber_294231@telecom-domain.com,Issue with internet service,"Subscriber report regarding Issue with internet service. Filing Channel: Customer Care Call. Location: Jacksonville, Florida. Current Resolution Status: Solved.",Service Request,Medium,Negative,Solved,Jacksonville,Florida,Customer Care Call,2026-05-04 14:48:14
TC-323897,Customer_323897,subscriber_323897@telecom-domain.com,Comcast cable tv,"Subscriber report regarding Comcast cable tv. Filing Channel: Internet. Location: Jacksonville, Florida. Current Resolution Status: Solved.",Service Request,Medium,Frustrated,Solved,Jacksonville,Florida,Internet,2026-02-23 12:31:14
TC-338785,Customer_338785,subscriber_338785@telecom-domain.com,Complaints about comcast,"Subscriber report regarding Complaints about comcast. Filing Channel: Customer Care Call. Location: Jacksonville, Florida. Current Resolution Status: Solved.",Service Request,Medium,Frustrated,Solved,Jacksonville,Florida,Customer Care Call,2026-06-04 23:08:14
TC-340436,Customer_340436,subscriber_340436@telecom-domain.com,Comcast,"Subscriber report regarding Comcast. Filing Channel: Customer Care Call. Location: Jacksonville, Florida. Current Resolution Status: Solved.",Service Request,Medium,Frustrated,Solved,Jacksonville,Florida,Customer Care Call,2026-04-29 22:58:14
TC-344131,Customer_344131,subscriber_344131@telecom-domain.com,Comcast becoming a hassle,"Subscriber report regarding Comcast becoming a hassle. Filing Channel: Internet. Location: Jacksonville, Florida. Current Resolution Status: Solved.",Service Request,Medium,Frustrated,Solved,Jacksonville,Florida,Internet,2026-03-02 17:09:14
TC-350578,Customer_350578,subscriber_350578@telecom-domain.com,Comcast,"Subscriber report regarding Comcast. Filing Channel: Customer Care Call. Location: Jacksonville, Florida. Current Resolution Status: Solved.",Service Request,Medium,Frustrated,Solved,Jacksonville,Florida,Customer Care Call,2026-07-20 08:17:14
TC-348935,Customer_348935,subscriber_348935@telecom-domain.com,Fraud,"Subscriber report regarding Fraud. Filing Channel: Customer Care Call. Location: Jacksonville, Florida. Current Resolution Status: Solved.",Service Request,High,Angry,Solved,Jacksonville,Florida,Customer Care Call,2026-07-20 06:42:14
TC-353640,Customer_353640,subscriber_353640@telecom-domain.com,Comcast Customer Service,"Subscriber report regarding Comcast Customer Service. Filing Channel: Customer Care Call. Location: Jacksonville, Florida. Current Resolution Status: Solved.",Customer Service,Medium,Frustrated,Solved,Jacksonville,Florida,Customer Care Call,2026-05-31 04:07:14
TC-362164,Customer_362164,subscriber_362164@telecom-domain.com,Comcast Internet Services and Customer Service is Horrible,"Subscriber report regarding Comcast Internet Services and Customer Service is Horrible. Filing Channel: Internet. Location: Jacksonville, Florida. Current Resolution Status: Solved.",Customer Service,High,Angry,Solved,Jacksonville,Florida,Internet,2026-06-02 09:07:14
TC-365879,Customer_365879,subscriber_365879@telecom-domain.com,Loss of Internet connection,"Subscriber report regarding Loss of Internet connection. Filing Channel: Customer Care Call. Location: Jacksonville, Florida. Current Resolution Status: Solved.",Service Request,Medium,Frustrated,Solved,Jacksonville,Florida,Customer Care Call,2026-07-07 10:40:14
TC-367492,Customer_367492,subscriber_367492@telecom-domain.com,internat essential,"Subscriber report regarding internat essential. Filing Channel: Customer Care Call. Location: Jacksonville, Florida. Current Resolution Status: Solved.",Service Request,Medium,Frustrated,Solved,Jacksonville,Florida,Customer Care Call,2026-03-20 05:18:14
TC-367614,Customer_367614,subscriber_367614@telecom-domain.com,Lack of Service and Misleading Promises,"Subscriber report regarding Lack of Service and Misleading Promises. Filing Channel: Customer Care Call. Location: Jacksonville, Florida. Current Resolution Status: Solved.",Service Request,Medium,Frustrated,Solved,Jacksonville,Florida,Customer Care Call,2026-05-31 12:36:14
TC-364634,Customer_364634,subscriber_364634@telecom-domain.com,COMCAST SERVICE,"Subscriber report regarding COMCAST SERVICE. Filing Channel: Internet. Location: Jacksonville, Florida. Current Resolution Status: Solved.",Service Request,Medium,Frustrated,Solved,Jacksonville,Florida,Internet,2026-04-17 05:44:14
TC-324712,Customer_324712,subscriber_324712@telecom-domain.com,Comcast Internet Complaint,"Subscriber report regarding Comcast Internet Complaint. Filing Channel: Customer Care Call. Location: Jamaica Plain, Massachusetts. Current Resolution Status: Open.",Service Request,Medium,Frustrated,Open,Jamaica Plain,Massachusetts,Customer Care Call,2026-03-29 18:53:14
TC-291385,Customer_291385,subscriber_291385@telecom-domain.com,Comcast services not working,"Subscriber report regarding Comcast services not working. Filing Channel: Internet. Location: Jeanette, Pennsylvania. Current Resolution Status: Solved.",Service Outage,Medium,Frustrated,Solved,Jeanette,Pennsylvania,Internet,2026-07-23 02:08:14
TC-359166,Customer_359166,subscriber_359166@telecom-domain.com,Comcast charging ridiculous prices,"Subscriber report regarding Comcast charging ridiculous prices. Filing Channel: Customer Care Call. Location: Jensen Beach, Florida. Current Resolution Status: Solved.",Billing Dispute,Medium,Frustrated,Solved,Jensen Beach,Florida,Customer Care Call,2026-07-24 17:01:14
TC-222919,Customer_222919,subscriber_222919@telecom-domain.com,Comcast internet service,"Subscriber report regarding Comcast internet service. Filing Channel: Customer Care Call. Location: Jersey City, New Jersey. Current Resolution Status: Solved.",Service Request,Medium,Frustrated,Solved,Jersey City,New Jersey,Customer Care Call,2026-06-26 16:59:14
TC-299168,Customer_299168,subscriber_299168@telecom-domain.com,Comcast internet performance,"Subscriber report regarding Comcast internet performance. Filing Channel: Internet. Location: Jersey City, New Jersey. Current Resolution Status: Open.",Service Request,Medium,Frustrated,Open,Jersey City,New Jersey,Internet,2026-05-04 11:16:14
TC-317710,Customer_317710,subscriber_317710@telecom-domain.com,Comcast internet claiming 25 mbps internet but i get only 3 mbps and customer service representative hung up call repeateadly,"Subscriber report regarding Comcast internet claiming 25 mbps internet but i get only 3 mbps and customer service representative hung up call repeateadly. Filing Channel: Customer Care Call. Location: Jersey City, New Jersey. Current Resolution Status: Solved.",Broadband Performance,Medium,Frustrated,Solved,Jersey City,New Jersey,Customer Care Call,2026-07-03 22:24:14
TC-316966,Customer_316966,subscriber_316966@telecom-domain.com,Long term billing issue with rude customer service caused depression and trauma,"Subscriber report regarding Long term billing issue with rude customer service caused depression and trauma. Filing Channel: Customer Care Call. Location: Jersey City, New Jersey. Current Resolution Status: Solved.",Billing Dispute,High,Negative,Solved,Jersey City,New Jersey,Customer Care Call,2026-07-15 01:33:14
TC-360381,Customer_360381,subscriber_360381@telecom-domain.com,Comcast incorrect and confusing billing,"Subscriber report regarding Comcast incorrect and confusing billing. Filing Channel: Customer Care Call. Location: Jersey City, New Jersey. Current Resolution Status: Open.",Billing Dispute,Medium,Frustrated,Open,Jersey City,New Jersey,Customer Care Call,2026-06-04 20:48:14
TC-360707,Customer_360707,subscriber_360707@telecom-domain.com,Data caps & Monthly prices,"Subscriber report regarding Data caps & Monthly prices. Filing Channel: Internet. Location: Jesup, Georgia. Current Resolution Status: Solved.",Data / Usage Issue,Medium,Negative,Solved,Jesup,Georgia,Internet,2026-06-19 05:14:14
TC-376274,Customer_376274,subscriber_376274@telecom-domain.com,"Installation Request - New Subdivision - Jesup, GA","Subscriber report regarding Installation Request - New Subdivision - Jesup, GA. Filing Channel: Customer Care Call. Location: Jesup, Georgia. Current Resolution Status: Open.",Installation,Medium,Frustrated,Open,Jesup,Georgia,Customer Care Call,2026-04-01 14:42:14
TC-364296,Customer_364296,subscriber_364296@telecom-domain.com,Comcast Grievance,"Subscriber report regarding Comcast Grievance. Filing Channel: Customer Care Call. Location: Joelton, Tennessee. Current Resolution Status: Solved.",Service Request,Medium,Frustrated,Solved,Joelton,Tennessee,Customer Care Call,2026-06-13 15:37:14
TC-241346,Customer_241346,subscriber_241346@telecom-domain.com,"Comcast -Exfinity customer service errors, lies and wasted time","Subscriber report regarding Comcast -Exfinity customer service errors, lies and wasted time. Filing Channel: Customer Care Call. Location: Johns Creek, Georgia. Current Resolution Status: Solved.",Customer Service,Medium,Frustrated,Solved,Johns Creek,Georgia,Customer Care Call,2026-07-14 12:46:14
TC-241356,Customer_241356,subscriber_241356@telecom-domain.com,"Comcast -Exfinity customer service errors, lies and wasted time","Subscriber report regarding Comcast -Exfinity customer service errors, lies and wasted time. Filing Channel: Customer Care Call. Location: Johns Creek, Georgia. Current Resolution Status: Solved.",Customer Service,Medium,Frustrated,Solved,Johns Creek,Georgia,Customer Care Call,2026-03-28 15:49:14
TC-250420,Customer_250420,subscriber_250420@telecom-domain.com,Comcast Very Bad /Rude customer service,"Subscriber report regarding Comcast Very Bad /Rude customer service. Filing Channel: Internet. Location: Johns Creek, Georgia. Current Resolution Status: Solved.",Customer Service,Medium,Frustrated,Solved,Johns Creek,Georgia,Internet,2026-08-17 01:58:14
TC-278815,Customer_278815,subscriber_278815@telecom-domain.com,Billing Dispute,"Subscriber report regarding Billing Dispute. Filing Channel: Customer Care Call. Location: Johns Island, South Carolina. Current Resolution Status: Solved.",Billing Dispute,High,Negative,Solved,Johns Island,South Carolina,Customer Care Call,2026-04-06 03:01:14
TC-354786,Customer_354786,subscriber_354786@telecom-domain.com,Comcast Cable,"Subscriber report regarding Comcast Cable. Filing Channel: Internet. Location: Johnson City, Tennessee. Current Resolution Status: Solved.",Service Request,Medium,Frustrated,Solved,Johnson City,Tennessee,Internet,2026-08-14 23:10:14
TC-252644,Customer_252644,subscriber_252644@telecom-domain.com,LIED TO!!! Now I'm suffering?!?! And at a loss!!!,"Subscriber report regarding LIED TO!!! Now I'm suffering?!?! And at a loss!!!. Filing Channel: Internet. Location: Joliet, Illinois. Current Resolution Status: Solved.",Service Request,Medium,Frustrated,Solved,Joliet,Illinois,Internet,2026-06-28 20:55:14
TC-233792,Customer_233792,subscriber_233792@telecom-domain.com,cyber bulling,"Subscriber report regarding cyber bulling. Filing Channel: Internet. Location: Jonesboro, Georgia. Current Resolution Status: Solved.",Service Request,Medium,Frustrated,Solved,Jonesboro,Georgia,Internet,2026-08-06 19:02:14
TC-303352,Customer_303352,subscriber_303352@telecom-domain.com,Comcast Service,"Subscriber report regarding Comcast Service. Filing Channel: Customer Care Call. Location: Jonesboro, Georgia. Current Resolution Status: Solved.",Service Request,Medium,Frustrated,Solved,Jonesboro,Georgia,Customer Care Call,2026-03-14 08:35:14
TC-322898,Customer_322898,subscriber_322898@telecom-domain.com,Comcast Business,"Subscriber report regarding Comcast Business. Filing Channel: Internet. Location: Jonesboro, Georgia. Current Resolution Status: Solved.",Service Request,Medium,Frustrated,Solved,Jonesboro,Georgia,Internet,2026-03-05 08:17:14
TC-345955,Customer_345955,subscriber_345955@telecom-domain.com,Service Complaint,"Subscriber report regarding Service Complaint. Filing Channel: Customer Care Call. Location: Jonesborough, Tennessee. Current Resolution Status: Open.",Service Request,Medium,Frustrated,Open,Jonesborough,Tennessee,Customer Care Call,2026-05-08 09:21:14
TC-294117,Customer_294117,subscriber_294117@telecom-domain.com,Comcast e-mail issues,"Subscriber report regarding Comcast e-mail issues. Filing Channel: Customer Care Call. Location: Juno Beach, Florida. Current Resolution Status: Solved.",Service Request,Medium,Negative,Solved,Juno Beach,Florida,Customer Care Call,2026-08-12 20:44:14
TC-223296,Customer_223296,subscriber_223296@telecom-domain.com,Comcast slamming with fees,"Subscriber report regarding Comcast slamming with fees. Filing Channel: Customer Care Call. Location: Jupiter, Florida. Current Resolution Status: Solved.",Billing Dispute,Medium,Frustrated,Solved,Jupiter,Florida,Customer Care Call,2026-05-05 13:20:14
TC-266715,Customer_266715,subscriber_266715@telecom-domain.com,fraudulent charges,"Subscriber report regarding fraudulent charges. Filing Channel: Customer Care Call. Location: Jupiter, Florida. Current Resolution Status: Solved.",Billing Dispute,High,Angry,Solved,Jupiter,Florida,Customer Care Call,2026-03-22 16:39:14
TC-337532,Customer_337532,subscriber_337532@telecom-domain.com,Comcast Billing,"Subscriber report regarding Comcast Billing. Filing Channel: Customer Care Call. Location: Jupiter, Florida. Current Resolution Status: Open.",Billing Dispute,Medium,Frustrated,Open,Jupiter,Florida,Customer Care Call,2026-04-01 23:39:14
TC-231757,Customer_231757,subscriber_231757@telecom-domain.com,monopoly,"Subscriber report regarding monopoly. Filing Channel: Customer Care Call. Location: Katy, Texas. Current Resolution Status: Solved.",Service Request,Medium,Frustrated,Solved,Katy,Texas,Customer Care Call,2026-07-08 16:00:14
TC-243779,Customer_243779,subscriber_243779@telecom-domain.com,Comcast billing has caused issues,"Subscriber report regarding Comcast billing has caused issues. Filing Channel: Customer Care Call. Location: Katy, Texas. Current Resolution Status: Solved.",Billing Dispute,High,Negative,Solved,Katy,Texas,Customer Care Call,2026-07-13 16:40:14
TC-310893,Customer_310893,subscriber_310893@telecom-domain.com,Business practices and customer treatment,"Subscriber report regarding Business practices and customer treatment. Filing Channel: Internet. Location: Katy, Texas. Current Resolution Status: Solved.",Service Request,Medium,Frustrated,Solved,Katy,Texas,Internet,2026-03-27 05:11:14
TC-340479,Customer_340479,subscriber_340479@telecom-domain.com,Xfinity not providing service in my portion of the neighborhood,"Subscriber report regarding Xfinity not providing service in my portion of the neighborhood. Filing Channel: Internet. Location: Katy, Texas. Current Resolution Status: Solved.",Service Request,Medium,Frustrated,Solved,Katy,Texas,Internet,2026-03-21 21:37:14
TC-347357,Customer_347357,subscriber_347357@telecom-domain.com,Comcast customer service and billing service,"Subscriber report regarding Comcast customer service and billing service. Filing Channel: Customer Care Call. Location: Katy, Texas. Current Resolution Status: Solved.",Billing Dispute,Medium,Frustrated,Solved,Katy,Texas,Customer Care Call,2026-04-12 14:21:14
TC-359284,Customer_359284,subscriber_359284@telecom-domain.com,Not receiving the speeds promised and the charges are too high.,"Subscriber report regarding Not receiving the speeds promised and the charges are too high.. Filing Channel: Customer Care Call. Location: Katy, Texas. Current Resolution Status: Open.",Billing Dispute,High,Negative,Open,Katy,Texas,Customer Care Call,2026-04-16 18:28:14
TC-363608,Customer_363608,subscriber_363608@telecom-domain.com,"Internet bill goes up with no cable ""bundle""","Subscriber report regarding Internet bill goes up with no cable ""bundle"". Filing Channel: Customer Care Call. Location: Katy, Texas. Current Resolution Status: Open.",Billing Dispute,Medium,Frustrated,Open,Katy,Texas,Customer Care Call,2026-04-11 16:14:14
TC-361000,Customer_361000,subscriber_361000@telecom-domain.com,Significant Quality Loss,"Subscriber report regarding Significant Quality Loss. Filing Channel: Internet. Location: Katy, Texas. Current Resolution Status: Open.",Service Request,Medium,Frustrated,Open,Katy,Texas,Internet,2026-07-02 00:10:14
TC-370744,Customer_370744,subscriber_370744@telecom-domain.com,customer services,"Subscriber report regarding customer services. Filing Channel: Customer Care Call. Location: Katy, Texas. Current Resolution Status: Solved.",Customer Service,Medium,Frustrated,Solved,Katy,Texas,Customer Care Call,2026-08-10 14:12:14
TC-360649,Customer_360649,subscriber_360649@telecom-domain.com,Unfair Billing Practices,"Subscriber report regarding Unfair Billing Practices. Filing Channel: Customer Care Call. Location: Keizer, Oregon. Current Resolution Status: Open.",Billing Dispute,Medium,Frustrated,Open,Keizer,Oregon,Customer Care Call,2026-03-06 03:50:14
TC-320438,Customer_320438,subscriber_320438@telecom-domain.com,service issues,"Subscriber report regarding service issues. Filing Channel: Customer Care Call. Location: Kemah, Texas. Current Resolution Status: Solved.",Service Request,Medium,Negative,Solved,Kemah,Texas,Customer Care Call,2026-07-02 02:51:14
TC-360643,Customer_360643,subscriber_360643@telecom-domain.com,Xfinity throttling my connection,"Subscriber report regarding Xfinity throttling my connection. Filing Channel: Customer Care Call. Location: Kenmore, Washington. Current Resolution Status: Open.",Broadband Performance,Medium,Frustrated,Open,Kenmore,Washington,Customer Care Call,2026-07-05 08:21:14
TC-281374,Customer_281374,subscriber_281374@telecom-domain.com,Service down for 25 days but was never credit it for it,"Subscriber report regarding Service down for 25 days but was never credit it for it. Filing Channel: Customer Care Call. Location: Kennesaw, Georgia. Current Resolution Status: Solved.",Billing Dispute,High,Angry,Solved,Kennesaw,Georgia,Customer Care Call,2026-04-16 15:01:14
TC-291332,Customer_291332,subscriber_291332@telecom-domain.com,"Comcast Home Business Service - FC Consulting, LLC","Subscriber report regarding Comcast Home Business Service - FC Consulting, LLC. Filing Channel: Internet. Location: Kennesaw, Georgia. Current Resolution Status: Solved.",Service Request,Medium,Frustrated,Solved,Kennesaw,Georgia,Internet,2026-06-19 23:21:14
TC-321287,Customer_321287,subscriber_321287@telecom-domain.com,Being charged for modem that was returned over 1 year ago,"Subscriber report regarding Being charged for modem that was returned over 1 year ago. Filing Channel: Internet. Location: Kennesaw, Georgia. Current Resolution Status: Solved.",Billing Dispute,High,Negative,Solved,Kennesaw,Georgia,Internet,2026-03-10 15:34:14
TC-329445,Customer_329445,subscriber_329445@telecom-domain.com,Comcast Data Cap,"Subscriber report regarding Comcast Data Cap. Filing Channel: Customer Care Call. Location: Kennesaw, Georgia. Current Resolution Status: Solved.",Data / Usage Issue,Medium,Frustrated,Solved,Kennesaw,Georgia,Customer Care Call,2026-06-22 11:30:14
TC-359058,Customer_359058,subscriber_359058@telecom-domain.com,Comcast's pricing and bundling model is a monopolized extortion in my area,"Subscriber report regarding Comcast's pricing and bundling model is a monopolized extortion in my area. Filing Channel: Customer Care Call. Location: Kennesaw, Georgia. Current Resolution Status: Solved.",Billing Dispute,Medium,Frustrated,Solved,Kennesaw,Georgia,Customer Care Call,2026-07-09 20:59:14
TC-361198,Customer_361198,subscriber_361198@telecom-domain.com,Comcast forcing me to pay same rate for lower speed,"Subscriber report regarding Comcast forcing me to pay same rate for lower speed. Filing Channel: Internet. Location: Kennesaw, Georgia. Current Resolution Status: Solved.",Broadband Performance,Medium,Frustrated,Solved,Kennesaw,Georgia,Internet,2026-06-01 01:17:14
TC-362798,Customer_362798,subscriber_362798@telecom-domain.com,Speeds lower than advertised,"Subscriber report regarding Speeds lower than advertised. Filing Channel: Customer Care Call. Location: Kennesaw, Georgia. Current Resolution Status: Open.",Broadband Performance,Medium,Frustrated,Open,Kennesaw,Georgia,Customer Care Call,2026-05-07 14:55:14
TC-361585,Customer_361585,subscriber_361585@telecom-domain.com,Comcast Data Cap of 300GB,"Subscriber report regarding Comcast Data Cap of 300GB. Filing Channel: Internet. Location: Kennesaw, Georgia. Current Resolution Status: Pending.",Data / Usage Issue,Medium,Frustrated,Pending,Kennesaw,Georgia,Internet,2026-05-31 02:45:14
TC-370771,Customer_370771,subscriber_370771@telecom-domain.com,Data Cap,"Subscriber report regarding Data Cap. Filing Channel: Customer Care Call. Location: Kennesaw, Georgia. Current Resolution Status: Pending.",Data / Usage Issue,Medium,Frustrated,Pending,Kennesaw,Georgia,Customer Care Call,2026-04-29 12:29:14
TC-318260,Customer_318260,subscriber_318260@telecom-domain.com,Comcast Online Access,"Subscriber report regarding Comcast Online Access. Filing Channel: Internet. Location: Kensington, Maryland. Current Resolution Status: Solved.",Service Request,Medium,Frustrated,Solved,Kensington,Maryland,Internet,2026-07-02 23:30:14
TC-255808,Customer_255808,subscriber_255808@telecom-domain.com,availabilty,"Subscriber report regarding availabilty. Filing Channel: Internet. Location: Kent, Washington. Current Resolution Status: Solved.",Service Request,Medium,Frustrated,Solved,Kent,Washington,Internet,2026-07-06 13:13:14
TC-218889,Customer_218889,subscriber_218889@telecom-domain.com,Wireless Internet,"Subscriber report regarding Wireless Internet. Filing Channel: Customer Care Call. Location: Kent, Washington. Current Resolution Status: Solved.",Service Request,Medium,Frustrated,Solved,Kent,Washington,Customer Care Call,2026-03-27 21:33:14
TC-371985,Customer_371985,subscriber_371985@telecom-domain.com,No access to HBO Go on Playstation 4 through Comcast,"Subscriber report regarding No access to HBO Go on Playstation 4 through Comcast. Filing Channel: Customer Care Call. Location: Kent, Washington. Current Resolution Status: Pending.",Service Request,Medium,Frustrated,Pending,Kent,Washington,Customer Care Call,2026-07-03 18:20:14
TC-263777,Customer_263777,subscriber_263777@telecom-domain.com,Very Frequent service outages with Comcast internet,"Subscriber report regarding Very Frequent service outages with Comcast internet. Filing Channel: Internet. Location: Key West, Florida. Current Resolution Status: Solved.",Service Outage,High,Angry,Solved,Key West,Florida,Internet,2026-03-30 00:01:14
TC-279647,Customer_279647,subscriber_279647@telecom-domain.com,Ongoing serious and cotinued internet service outages,"Subscriber report regarding Ongoing serious and cotinued internet service outages. Filing Channel: Internet. Location: Key West, Florida. Current Resolution Status: Solved.",Service Outage,High,Angry,Solved,Key West,Florida,Internet,2026-04-10 11:54:14
TC-239198,Customer_239198,subscriber_239198@telecom-domain.com,"Internet problems, billing and service","Subscriber report regarding Internet problems, billing and service. Filing Channel: Customer Care Call. Location: Kimball, Michigan. Current Resolution Status: Solved.",Billing Dispute,High,Negative,Solved,Kimball,Michigan,Customer Care Call,2026-04-04 16:11:14
TC-294305,Customer_294305,subscriber_294305@telecom-domain.com,Comcast Blocking HBO Go on Sony PlayStation devices,"Subscriber report regarding Comcast Blocking HBO Go on Sony PlayStation devices. Filing Channel: Internet. Location: King Of Prussia, Pennsylvania. Current Resolution Status: Pending.",Service Request,Medium,Frustrated,Pending,King Of Prussia,Pennsylvania,Internet,2026-06-10 03:50:14
TC-comcas,Customer_comcas,subscriber_comcas@telecom-domain.com,nd intrenal miscommunication,"Subscriber report regarding nd intrenal miscommunication. Filing Channel: Customer Care Call. Location: Kingston Springs, Tennessee. Current Resolution Status: Solved.",Service Request,Medium,Frustrated,Solved,Kingston Springs,Tennessee,Customer Care Call,2026-03-20 14:45:14
TC-263023,Customer_263023,subscriber_263023@telecom-domain.com,Continued slowness for more than 2 weeks,"Subscriber report regarding Continued slowness for more than 2 weeks. Filing Channel: Internet. Location: Kirkland, Washington. Current Resolution Status: Solved.",Broadband Performance,Medium,Negative,Solved,Kirkland,Washington,Internet,2026-07-24 10:43:14
TC-265465,Customer_265465,subscriber_265465@telecom-domain.com,Continued slowness for almost 3 weeks,"Subscriber report regarding Continued slowness for almost 3 weeks. Filing Channel: Customer Care Call. Location: Kirkland, Washington. Current Resolution Status: Solved.",Broadband Performance,Medium,Negative,Solved,Kirkland,Washington,Customer Care Call,2026-08-13 22:23:14
TC-267591,Customer_267591,subscriber_267591@telecom-domain.com,Continued slowness for almost 3 weeks,"Subscriber report regarding Continued slowness for almost 3 weeks. Filing Channel: Customer Care Call. Location: Kirkland, Washington. Current Resolution Status: Solved.",Broadband Performance,Medium,Negative,Solved,Kirkland,Washington,Customer Care Call,2026-06-07 07:58:14
TC-359715,Customer_359715,subscriber_359715@telecom-domain.com,Comcast's Constant Manipulation of Bills,"Subscriber report regarding Comcast's Constant Manipulation of Bills. Filing Channel: Customer Care Call. Location: Kirkland, Washington. Current Resolution Status: Solved.",Billing Dispute,Medium,Frustrated,Solved,Kirkland,Washington,Customer Care Call,2026-08-02 14:01:14
TC-368974,Customer_368974,subscriber_368974@telecom-domain.com,False advertising / Bait & Switch,"Subscriber report regarding False advertising / Bait & Switch. Filing Channel: Customer Care Call. Location: Kirkland, Washington. Current Resolution Status: Pending.",Service Request,Medium,Frustrated,Pending,Kirkland,Washington,Customer Care Call,2026-06-10 07:26:14
TC-371784,Customer_371784,subscriber_371784@telecom-domain.com,false advertisement for paid service,"Subscriber report regarding false advertisement for paid service. Filing Channel: Customer Care Call. Location: Kissimmee, Florida. Current Resolution Status: Solved.",Service Request,Medium,Frustrated,Solved,Kissimmee,Florida,Customer Care Call,2026-07-09 20:14:14
TC-344980,Customer_344980,subscriber_344980@telecom-domain.com,Comcast internet,"Subscriber report regarding Comcast internet. Filing Channel: Customer Care Call. Location: Kittery, Maine. Current Resolution Status: Solved.",Service Request,Medium,Frustrated,Solved,Kittery,Maine,Customer Care Call,2026-06-02 18:09:14
TC-229529,Customer_229529,subscriber_229529@telecom-domain.com,Comcast Internet and TV false information and false price,"Subscriber report regarding Comcast Internet and TV false information and false price. Filing Channel: Customer Care Call. Location: Knoxville, Tennessee. Current Resolution Status: Solved.",Billing Dispute,Medium,Frustrated,Solved,Knoxville,Tennessee,Customer Care Call,2026-05-24 17:49:14
TC-230159,Customer_230159,subscriber_230159@telecom-domain.com,Comcast data cap / interference with free market,"Subscriber report regarding Comcast data cap / interference with free market. Filing Channel: Internet. Location: Knoxville, Tennessee. Current Resolution Status: Solved.",Data / Usage Issue,Medium,Frustrated,Solved,Knoxville,Tennessee,Internet,2026-02-25 00:34:14
TC-238581,Customer_238581,subscriber_238581@telecom-domain.com,InHome Service Visit charged when the problem was outside of my apartment,"Subscriber report regarding InHome Service Visit charged when the problem was outside of my apartment. Filing Channel: Customer Care Call. Location: Knoxville, Tennessee. Current Resolution Status: Solved.",Billing Dispute,High,Negative,Solved,Knoxville,Tennessee,Customer Care Call,2026-05-22 04:10:14
TC-250437,Customer_250437,subscriber_250437@telecom-domain.com,Comcast Internet/Cable TV package,"Subscriber report regarding Comcast Internet/Cable TV package. Filing Channel: Customer Care Call. Location: Knoxville, Tennessee. Current Resolution Status: Open.",Service Request,Medium,Frustrated,Open,Knoxville,Tennessee,Customer Care Call,2026-04-27 15:33:14
TC-250811,Customer_250811,subscriber_250811@telecom-domain.com,Comcast internet overage charges,"Subscriber report regarding Comcast internet overage charges. Filing Channel: Internet. Location: Knoxville, Tennessee. Current Resolution Status: Solved.",Data / Usage Issue,Medium,Negative,Solved,Knoxville,Tennessee,Internet,2026-08-03 12:08:14
TC-251498,Customer_251498,subscriber_251498@telecom-domain.com,Unauthorized charge on comcast bill,"Subscriber report regarding Unauthorized charge on comcast bill. Filing Channel: Customer Care Call. Location: Knoxville, Tennessee. Current Resolution Status: Solved.",Billing Dispute,High,Negative,Solved,Knoxville,Tennessee,Customer Care Call,2026-04-28 11:33:14
TC-261845,Customer_261845,subscriber_261845@telecom-domain.com,Data Caps by Comcast,"Subscriber report regarding Data Caps by Comcast. Filing Channel: Customer Care Call. Location: Knoxville, Tennessee. Current Resolution Status: Solved.",Data / Usage Issue,Medium,Negative,Solved,Knoxville,Tennessee,Customer Care Call,2026-02-27 13:43:14
TC-273199,Customer_273199,subscriber_273199@telecom-domain.com,COMCAST High speed internet,"Subscriber report regarding COMCAST High speed internet. Filing Channel: Customer Care Call. Location: Knoxville, Tennessee. Current Resolution Status: Open.",Broadband Performance,Medium,Frustrated,Open,Knoxville,Tennessee,Customer Care Call,2026-02-28 05:45:14
TC-283247,Customer_283247,subscriber_283247@telecom-domain.com,Fradulant Charges against Credit Report,"Subscriber report regarding Fradulant Charges against Credit Report. Filing Channel: Customer Care Call. Location: Knoxville, Tennessee. Current Resolution Status: Solved.",Billing Dispute,High,Negative,Solved,Knoxville,Tennessee,Customer Care Call,2026-06-27 06:10:14
TC-290536,Customer_290536,subscriber_290536@telecom-domain.com,Comcast Data Caps,"Subscriber report regarding Comcast Data Caps. Filing Channel: Customer Care Call. Location: Knoxville, Tennessee. Current Resolution Status: Solved.",Data / Usage Issue,Medium,Negative,Solved,Knoxville,Tennessee,Customer Care Call,2026-04-10 00:49:14
TC-290748,Customer_290748,subscriber_290748@telecom-domain.com,Comcast data caps,"Subscriber report regarding Comcast data caps. Filing Channel: Customer Care Call. Location: Knoxville, Tennessee. Current Resolution Status: Solved.",Data / Usage Issue,Medium,Negative,Solved,Knoxville,Tennessee,Customer Care Call,2026-03-15 04:30:14
TC-290868,Customer_290868,subscriber_290868@telecom-domain.com,Comcast data caps,"Subscriber report regarding Comcast data caps. Filing Channel: Customer Care Call. Location: Knoxville, Tennessee. Current Resolution Status: Solved.",Data / Usage Issue,Medium,Negative,Solved,Knoxville,Tennessee,Customer Care Call,2026-05-19 16:26:14
TC-294443,Customer_294443,subscriber_294443@telecom-domain.com,Comcast home data usage cap,"Subscriber report regarding Comcast home data usage cap. Filing Channel: Internet. Location: Knoxville, Tennessee. Current Resolution Status: Solved.",Data / Usage Issue,Medium,Frustrated,Solved,Knoxville,Tennessee,Internet,2026-03-16 10:33:14
TC-296767,Customer_296767,subscriber_296767@telecom-domain.com,Unable to obtain Residential Service,"Subscriber report regarding Unable to obtain Residential Service. Filing Channel: Customer Care Call. Location: Knoxville, Tennessee. Current Resolution Status: Solved.",Service Request,Medium,Frustrated,Solved,Knoxville,Tennessee,Customer Care Call,2026-04-10 15:01:14
TC-303933,Customer_303933,subscriber_303933@telecom-domain.com,Bandwidth Caps.,"Subscriber report regarding Bandwidth Caps.. Filing Channel: Internet. Location: Knoxville, Tennessee. Current Resolution Status: Solved.",Data / Usage Issue,Medium,Negative,Solved,Knoxville,Tennessee,Internet,2026-06-26 13:38:14
TC-311234,Customer_311234,subscriber_311234@telecom-domain.com,local monopoly,"Subscriber report regarding local monopoly. Filing Channel: Customer Care Call. Location: Knoxville, Tennessee. Current Resolution Status: Pending.",Service Request,Medium,Frustrated,Pending,Knoxville,Tennessee,Customer Care Call,2026-07-07 17:39:14
TC-312049,Customer_312049,subscriber_312049@telecom-domain.com,comcast data plan,"Subscriber report regarding comcast data plan. Filing Channel: Internet. Location: Knoxville, Tennessee. Current Resolution Status: Pending.",Service Request,Medium,Frustrated,Pending,Knoxville,Tennessee,Internet,2026-06-01 01:32:14
TC-317905,Customer_317905,subscriber_317905@telecom-domain.com,Comcast ISP OIO Violation,"Subscriber report regarding Comcast ISP OIO Violation. Filing Channel: Internet. Location: Knoxville, Tennessee. Current Resolution Status: Solved.",Service Request,Medium,Frustrated,Solved,Knoxville,Tennessee,Internet,2026-05-12 21:28:14
TC-336573,Customer_336573,subscriber_336573@telecom-domain.com,Comcast Data Cap,"Subscriber report regarding Comcast Data Cap. Filing Channel: Internet. Location: Knoxville, Tennessee. Current Resolution Status: Solved.",Data / Usage Issue,Medium,Frustrated,Solved,Knoxville,Tennessee,Internet,2026-07-22 15:05:14
TC-337290,Customer_337290,subscriber_337290@telecom-domain.com,comcast intrnet,"Subscriber report regarding comcast intrnet. Filing Channel: Internet. Location: Knoxville, Tennessee. Current Resolution Status: Solved.",Service Request,Medium,Frustrated,Solved,Knoxville,Tennessee,Internet,2026-06-15 23:13:14
TC-337481,Customer_337481,subscriber_337481@telecom-domain.com,Refusal to Prorate for Services Not Recieved,"Subscriber report regarding Refusal to Prorate for Services Not Recieved. Filing Channel: Internet. Location: Knoxville, Tennessee. Current Resolution Status: Solved.",Service Request,Medium,Frustrated,Solved,Knoxville,Tennessee,Internet,2026-07-22 03:46:14
TC-336690,Customer_336690,subscriber_336690@telecom-domain.com,Comcast Data Caps,"Subscriber report regarding Comcast Data Caps. Filing Channel: Customer Care Call. Location: Knoxville, Tennessee. Current Resolution Status: Solved.",Data / Usage Issue,Medium,Negative,Solved,Knoxville,Tennessee,Customer Care Call,2026-03-19 15:48:14
TC-338930,Customer_338930,subscriber_338930@telecom-domain.com,Data soft cap and charges from Comcast,"Subscriber report regarding Data soft cap and charges from Comcast. Filing Channel: Customer Care Call. Location: Knoxville, Tennessee. Current Resolution Status: Open.",Data / Usage Issue,Medium,Negative,Open,Knoxville,Tennessee,Customer Care Call,2026-08-07 01:23:14
TC-338970,Customer_338970,subscriber_338970@telecom-domain.com,Comcast Speed and Cap misinformation,"Subscriber report regarding Comcast Speed and Cap misinformation. Filing Channel: Customer Care Call. Location: Knoxville, Tennessee. Current Resolution Status: Open.",Data / Usage Issue,Medium,Frustrated,Open,Knoxville,Tennessee,Customer Care Call,2026-04-14 15:04:14
TC-339321,Customer_339321,subscriber_339321@telecom-domain.com,Comcast Excessive Overages,"Subscriber report regarding Comcast Excessive Overages. Filing Channel: Internet. Location: Knoxville, Tennessee. Current Resolution Status: Solved.",Data / Usage Issue,Medium,Frustrated,Solved,Knoxville,Tennessee,Internet,2026-07-26 01:10:14
TC-339351,Customer_339351,subscriber_339351@telecom-domain.com,Comcast Data Caps for Home Internet Service,"Subscriber report regarding Comcast Data Caps for Home Internet Service. Filing Channel: Internet. Location: Knoxville, Tennessee. Current Resolution Status: Open.",Data / Usage Issue,Medium,Negative,Open,Knoxville,Tennessee,Internet,2026-04-05 16:16:14
TC-339600,Customer_339600,subscriber_339600@telecom-domain.com,Comcast,"Subscriber report regarding Comcast. Filing Channel: Customer Care Call. Location: Knoxville, Tennessee. Current Resolution Status: Open.",Service Request,Medium,Frustrated,Open,Knoxville,Tennessee,Customer Care Call,2026-08-15 17:08:14
TC-339770,Customer_339770,subscriber_339770@telecom-domain.com,Comcast monthly data usage cap,"Subscriber report regarding Comcast monthly data usage cap. Filing Channel: Customer Care Call. Location: Knoxville, Tennessee. Current Resolution Status: Open.",Data / Usage Issue,Medium,Frustrated,Open,Knoxville,Tennessee,Customer Care Call,2026-05-24 05:03:14
TC-340029,Customer_340029,subscriber_340029@telecom-domain.com,Comcast data limits and overage charges,"Subscriber report regarding Comcast data limits and overage charges. Filing Channel: Internet. Location: Knoxville, Tennessee. Current Resolution Status: Solved.",Data / Usage Issue,Medium,Negative,Solved,Knoxville,Tennessee,Internet,2026-04-12 18:15:14
TC-342298,Customer_342298,subscriber_342298@telecom-domain.com,Comcast Data Use Caps,"Subscriber report regarding Comcast Data Use Caps. Filing Channel: Internet. Location: Knoxville, Tennessee. Current Resolution Status: Open.",Data / Usage Issue,Medium,Negative,Open,Knoxville,Tennessee,Internet,2026-02-24 00:35:14
TC-343023,Customer_343023,subscriber_343023@telecom-domain.com,Data Caps,"Subscriber report regarding Data Caps. Filing Channel: Internet. Location: Knoxville, Tennessee. Current Resolution Status: Open.",Data / Usage Issue,Medium,Negative,Open,Knoxville,Tennessee,Internet,2026-05-12 16:10:14
TC-348451,Customer_348451,subscriber_348451@telecom-domain.com,Service out/no customer service provided,"Subscriber report regarding Service out/no customer service provided. Filing Channel: Customer Care Call. Location: Knoxville, Tennessee. Current Resolution Status: Solved.",Customer Service,Medium,Frustrated,Solved,Knoxville,Tennessee,Customer Care Call,2026-02-22 01:31:14
TC-353784,Customer_353784,subscriber_353784@telecom-domain.com,Comcast Data Usage,"Subscriber report regarding Comcast Data Usage. Filing Channel: Customer Care Call. Location: Knoxville, Tennessee. Current Resolution Status: Pending.",Data / Usage Issue,Medium,Frustrated,Pending,Knoxville,Tennessee,Customer Care Call,2026-05-16 20:40:14
TC-360167,Customer_360167,subscriber_360167@telecom-domain.com,Forced data capping,"Subscriber report regarding Forced data capping. Filing Channel: Internet. Location: Knoxville, Tennessee. Current Resolution Status: Pending.",Data / Usage Issue,Medium,Frustrated,Pending,Knoxville,Tennessee,Internet,2026-03-28 00:29:14
TC-360358,Customer_360358,subscriber_360358@telecom-domain.com,Comcast Costs,"Subscriber report regarding Comcast Costs. Filing Channel: Internet. Location: Knoxville, Tennessee. Current Resolution Status: Open.",Billing Dispute,Medium,Frustrated,Open,Knoxville,Tennessee,Internet,2026-04-27 22:19:14
TC-360742,Customer_360742,subscriber_360742@telecom-domain.com,Unfair Billing Practices,"Subscriber report regarding Unfair Billing Practices. Filing Channel: Internet. Location: Knoxville, Tennessee. Current Resolution Status: Open.",Billing Dispute,Medium,Frustrated,Open,Knoxville,Tennessee,Internet,2026-05-26 22:09:14
TC-368771,Customer_368771,subscriber_368771@telecom-domain.com,Request to transfer e-mail account from Comcast.,"Subscriber report regarding Request to transfer e-mail account from Comcast.. Filing Channel: Customer Care Call. Location: Kunkletown, Pennsylvania. Current Resolution Status: Solved.",Service Request,Medium,Frustrated,Solved,Kunkletown,Pennsylvania,Customer Care Call,2026-04-28 16:08:14
TC-356498,Customer_356498,subscriber_356498@telecom-domain.com,Comcast Data Cap,"Subscriber report regarding Comcast Data Cap. Filing Channel: Customer Care Call. Location: La Follette, Tennessee. Current Resolution Status: Solved.",Data / Usage Issue,Medium,Frustrated,Solved,La Follette,Tennessee,Customer Care Call,2026-07-14 06:14:14
TC-215483,Customer_215483,subscriber_215483@telecom-domain.com,complaint against comcast/infinity,"Subscriber report regarding complaint against comcast/infinity. Filing Channel: Internet. Location: Lafayette, California. Current Resolution Status: Solved.",Service Request,Medium,Frustrated,Solved,Lafayette,California,Internet,2026-08-08 16:57:14
TC-326978,Customer_326978,subscriber_326978@telecom-domain.com,Complaint about service provided by Comcast/Xfinity,"Subscriber report regarding Complaint about service provided by Comcast/Xfinity. Filing Channel: Internet. Location: Lafayette, Indiana. Current Resolution Status: Solved.",Service Request,Medium,Frustrated,Solved,Lafayette,Indiana,Internet,2026-04-08 03:39:14
TC-366507,Customer_366507,subscriber_366507@telecom-domain.com,Problems with Comcast,"Subscriber report regarding Problems with Comcast. Filing Channel: Customer Care Call. Location: Lafayette, Indiana. Current Resolution Status: Solved.",Service Request,Medium,Negative,Solved,Lafayette,Indiana,Customer Care Call,2026-05-03 01:21:14
TC-251408,Customer_251408,subscriber_251408@telecom-domain.com,Service Provided is Not What was Promised,"Subscriber report regarding Service Provided is Not What was Promised. Filing Channel: Internet. Location: Lake City, Florida. Current Resolution Status: Solved.",Service Request,Medium,Frustrated,Solved,Lake City,Florida,Internet,2026-08-15 02:22:14
TC-305358,Customer_305358,subscriber_305358@telecom-domain.com,Email account removed,"Subscriber report regarding Email account removed. Filing Channel: Customer Care Call. Location: Lake City, Florida. Current Resolution Status: Solved.",Service Request,Medium,Frustrated,Solved,Lake City,Florida,Customer Care Call,2026-08-13 17:36:14
TC-372351,Customer_372351,subscriber_372351@telecom-domain.com,internet,"Subscriber report regarding internet. Filing Channel: Internet. Location: Lake Lotwawana, Missouri. Current Resolution Status: Solved.",Service Request,Medium,Frustrated,Solved,Lake Lotwawana,Missouri,Internet,2026-03-19 12:02:14
TC-342487,Customer_342487,subscriber_342487@telecom-domain.com,Billing fraud by Comcast,"Subscriber report regarding Billing fraud by Comcast. Filing Channel: Internet. Location: Lake Oswego, Oregon. Current Resolution Status: Solved.",Billing Dispute,High,Angry,Solved,Lake Oswego,Oregon,Internet,2026-05-03 23:18:14
TC-350930,Customer_350930,subscriber_350930@telecom-domain.com,Comcast,"Subscriber report regarding Comcast. Filing Channel: Customer Care Call. Location: Lake Station, Indiana. Current Resolution Status: Solved.",Service Request,Medium,Frustrated,Solved,Lake Station,Indiana,Customer Care Call,2026-06-29 11:59:14
TC-317426,Customer_317426,subscriber_317426@telecom-domain.com,internet availability for students,"Subscriber report regarding internet availability for students. Filing Channel: Internet. Location: Lake Tapps, Washington. Current Resolution Status: Open.",Service Request,Medium,Frustrated,Open,Lake Tapps,Washington,Internet,2026-03-04 05:11:14
TC-258370,Customer_258370,subscriber_258370@telecom-domain.com,billing,"Subscriber report regarding billing. Filing Channel: Internet. Location: Lake Worth, Florida. Current Resolution Status: Solved.",Billing Dispute,Medium,Frustrated,Solved,Lake Worth,Florida,Internet,2026-03-09 16:23:14
TC-301352,Customer_301352,subscriber_301352@telecom-domain.com,Comcast internet,"Subscriber report regarding Comcast internet. Filing Channel: Internet. Location: Lake Worth, Florida. Current Resolution Status: Solved.",Service Request,Medium,Frustrated,Solved,Lake Worth,Florida,Internet,2026-06-05 01:05:14
TC-349083,Customer_349083,subscriber_349083@telecom-domain.com,Comcast Internet Billing,"Subscriber report regarding Comcast Internet Billing. Filing Channel: Customer Care Call. Location: Lake Worth, Florida. Current Resolution Status: Open.",Billing Dispute,Medium,Frustrated,Open,Lake Worth,Florida,Customer Care Call,2026-02-24 07:29:14
TC-272570,Customer_272570,subscriber_272570@telecom-domain.com,Inability to call 911 service during a power outage,"Subscriber report regarding Inability to call 911 service during a power outage. Filing Channel: Customer Care Call. Location: Lakewood, Colorado. Current Resolution Status: Solved.",Service Outage,High,Angry,Solved,Lakewood,Colorado,Customer Care Call,2026-06-04 14:39:14
TC-322200,Customer_322200,subscriber_322200@telecom-domain.com,Comcast monopoly hurting my business,"Subscriber report regarding Comcast monopoly hurting my business. Filing Channel: Customer Care Call. Location: Lakewood, Colorado. Current Resolution Status: Open.",Service Request,Medium,Frustrated,Open,Lakewood,Colorado,Customer Care Call,2026-06-24 05:09:14
TC-359672,Customer_359672,subscriber_359672@telecom-domain.com,Comcast-Billing,"Subscriber report regarding Comcast-Billing. Filing Channel: Internet. Location: Lakewood, Colorado. Current Resolution Status: Solved.",Billing Dispute,Medium,Frustrated,Solved,Lakewood,Colorado,Internet,2026-06-07 04:27:14
TC-370657,Customer_370657,subscriber_370657@telecom-domain.com,Internet speed not as advertised,"Subscriber report regarding Internet speed not as advertised. Filing Channel: Customer Care Call. Location: Lakewood, Colorado. Current Resolution Status: Open.",Broadband Performance,Medium,Frustrated,Open,Lakewood,Colorado,Customer Care Call,2026-06-19 19:05:14
TC-375292,Customer_375292,subscriber_375292@telecom-domain.com,Underhanded sales techniques,"Subscriber report regarding Underhanded sales techniques. Filing Channel: Internet. Location: Lakewood, Colorado. Current Resolution Status: Pending.",Service Request,Medium,Frustrated,Pending,Lakewood,Colorado,Internet,2026-03-23 11:10:14
TC-360760,Customer_360760,subscriber_360760@telecom-domain.com,Comcast Internet,"Subscriber report regarding Comcast Internet. Filing Channel: Internet. Location: Lakewood, Washington. Current Resolution Status: Open.",Service Request,Medium,Frustrated,Open,Lakewood,Washington,Internet,2026-04-14 08:37:14
TC-224907,Customer_224907,subscriber_224907@telecom-domain.com,Internet/Phone Billing Services,"Subscriber report regarding Internet/Phone Billing Services. Filing Channel: Internet. Location: Lancaster, Pennsylvania. Current Resolution Status: Solved.",Billing Dispute,Medium,Frustrated,Solved,Lancaster,Pennsylvania,Internet,2026-07-21 03:56:14
TC-327394,Customer_327394,subscriber_327394@telecom-domain.com,Fraudulent billing practice,"Subscriber report regarding Fraudulent billing practice. Filing Channel: Customer Care Call. Location: Lancaster, Pennsylvania. Current Resolution Status: Solved.",Billing Dispute,High,Angry,Solved,Lancaster,Pennsylvania,Customer Care Call,2026-05-21 06:53:14
TC-359952,Customer_359952,subscriber_359952@telecom-domain.com,Not receiving network speed as advertised,"Subscriber report regarding Not receiving network speed as advertised. Filing Channel: Customer Care Call. Location: Lancaster, Pennsylvania. Current Resolution Status: Open.",Broadband Performance,Medium,Frustrated,Open,Lancaster,Pennsylvania,Customer Care Call,2026-05-05 09:08:14
TC-217488,Customer_217488,subscriber_217488@telecom-domain.com,Internet Speed/Service,"Subscriber report regarding Internet Speed/Service. Filing Channel: Internet. Location: Lansing, Michigan. Current Resolution Status: Solved.",Broadband Performance,Medium,Frustrated,Solved,Lansing,Michigan,Internet,2026-03-02 12:27:14
TC-254865,Customer_254865,subscriber_254865@telecom-domain.com,Comcast not honoring agreement,"Subscriber report regarding Comcast not honoring agreement. Filing Channel: Customer Care Call. Location: Lansing, Michigan. Current Resolution Status: Solved.",Service Request,Medium,Frustrated,Solved,Lansing,Michigan,Customer Care Call,2026-05-01 19:22:14
TC-287152,Customer_287152,subscriber_287152@telecom-domain.com,Falsified unreturned equipment fees,"Subscriber report regarding Falsified unreturned equipment fees. Filing Channel: Internet. Location: Lansing, Michigan. Current Resolution Status: Solved.",Billing Dispute,Medium,Frustrated,Solved,Lansing,Michigan,Internet,2026-05-18 18:39:14
TC-360633,Customer_360633,subscriber_360633@telecom-domain.com,Slow comcast internet,"Subscriber report regarding Slow comcast internet. Filing Channel: Customer Care Call. Location: Lansing, Michigan. Current Resolution Status: Solved.",Broadband Performance,Medium,Negative,Solved,Lansing,Michigan,Customer Care Call,2026-08-13 20:25:14
TC-360805,Customer_360805,subscriber_360805@telecom-domain.com,Comcast not delivering advertised speed,"Subscriber report regarding Comcast not delivering advertised speed. Filing Channel: Internet. Location: Lansing, Michigan. Current Resolution Status: Open.",Broadband Performance,Medium,Frustrated,Open,Lansing,Michigan,Internet,2026-05-06 23:58:14
TC-368658,Customer_368658,subscriber_368658@telecom-domain.com,Comcast Support,"Subscriber report regarding Comcast Support. Filing Channel: Internet. Location: Lansing, Michigan. Current Resolution Status: Pending.",Customer Service,Medium,Frustrated,Pending,Lansing,Michigan,Internet,2026-06-12 23:58:14
TC-268345,Customer_268345,subscriber_268345@telecom-domain.com,Several issues,"Subscriber report regarding Several issues. Filing Channel: Internet. Location: Lantana, Florida. Current Resolution Status: Solved.",Service Request,Medium,Negative,Solved,Lantana,Florida,Internet,2026-07-26 03:56:14
TC-281869,Customer_281869,subscriber_281869@telecom-domain.com,Inappropriate billing,"Subscriber report regarding Inappropriate billing. Filing Channel: Customer Care Call. Location: Lantana, Florida. Current Resolution Status: Solved.",Billing Dispute,Medium,Frustrated,Solved,Lantana,Florida,Customer Care Call,2026-06-02 15:35:14
TC-290320,Customer_290320,subscriber_290320@telecom-domain.com,comcast internet offer,"Subscriber report regarding comcast internet offer. Filing Channel: Internet. Location: Larkspur, California. Current Resolution Status: Solved.",Service Request,Medium,Frustrated,Solved,Larkspur,California,Internet,2026-08-17 01:43:14
TC-323021,Customer_323021,subscriber_323021@telecom-domain.com,Comcast Las Cruces New Mexico,"Subscriber report regarding Comcast Las Cruces New Mexico. Filing Channel: Customer Care Call. Location: Las Cruces, New Mexico. Current Resolution Status: Solved.",Service Request,Medium,Frustrated,Solved,Las Cruces,New Mexico,Customer Care Call,2026-04-06 23:07:14
TC-371411,Customer_371411,subscriber_371411@telecom-domain.com,Unfair Billing Practices,"Subscriber report regarding Unfair Billing Practices. Filing Channel: Customer Care Call. Location: Las Cruces, New Mexico. Current Resolution Status: Solved.",Billing Dispute,Medium,Frustrated,Solved,Las Cruces,New Mexico,Customer Care Call,2026-03-13 21:39:14
TC-270736,Customer_270736,subscriber_270736@telecom-domain.com,Comcast Stockholder Response,"Subscriber report regarding Comcast Stockholder Response. Filing Channel: Customer Care Call. Location: Las Vegas, Nevada. Current Resolution Status: Solved.",Service Request,Medium,Frustrated,Solved,Las Vegas,Nevada,Customer Care Call,2026-05-01 03:42:14
TC-334003,Customer_334003,subscriber_334003@telecom-domain.com,Xfinity Cable & Internet repackage scam,"Subscriber report regarding Xfinity Cable & Internet repackage scam. Filing Channel: Customer Care Call. Location: Lauderhill, Florida. Current Resolution Status: Solved.",Service Request,High,Angry,Solved,Lauderhill,Florida,Customer Care Call,2026-07-21 12:54:14
TC-312662,Customer_312662,subscriber_312662@telecom-domain.com,Constant loss of account,"Subscriber report regarding Constant loss of account. Filing Channel: Customer Care Call. Location: Laurel, Maryland. Current Resolution Status: Solved.",Service Request,Medium,Frustrated,Solved,Laurel,Maryland,Customer Care Call,2026-07-31 19:43:14
TC-361873,Customer_361873,subscriber_361873@telecom-domain.com,Xfinity Slow Internet,"Subscriber report regarding Xfinity Slow Internet. Filing Channel: Customer Care Call. Location: Laurel, Maryland. Current Resolution Status: Solved.",Broadband Performance,Medium,Negative,Solved,Laurel,Maryland,Customer Care Call,2026-02-21 19:05:14
TC-375959,Customer_375959,subscriber_375959@telecom-domain.com,Comcast Poor Customer Service and Degraded Service,"Subscriber report regarding Comcast Poor Customer Service and Degraded Service. Filing Channel: Internet. Location: Laurel, Maryland. Current Resolution Status: Solved.",Customer Service,Medium,Frustrated,Solved,Laurel,Maryland,Internet,2026-06-07 11:24:14
TC-262831,Customer_262831,subscriber_262831@telecom-domain.com,Data cap,"Subscriber report regarding Data cap. Filing Channel: Customer Care Call. Location: Laurel, Mississippi. Current Resolution Status: Solved.",Data / Usage Issue,Medium,Frustrated,Solved,Laurel,Mississippi,Customer Care Call,2026-05-24 20:30:14
TC-328006,Customer_328006,subscriber_328006@telecom-domain.com,Comcast Internet,"Subscriber report regarding Comcast Internet. Filing Channel: Customer Care Call. Location: Laurel, Mississippi. Current Resolution Status: Solved.",Service Request,Medium,Frustrated,Solved,Laurel,Mississippi,Customer Care Call,2026-05-20 12:34:14
TC-351933,Customer_351933,subscriber_351933@telecom-domain.com,Billing discrepancies and misrepresentation of package prices,"Subscriber report regarding Billing discrepancies and misrepresentation of package prices. Filing Channel: Internet. Location: Lawranceville, Georgia. Current Resolution Status: Solved.",Billing Dispute,Medium,Frustrated,Solved,Lawranceville,Georgia,Internet,2026-05-01 16:38:14
TC-228320,Customer_228320,subscriber_228320@telecom-domain.com,Comcast Cancellation,"Subscriber report regarding Comcast Cancellation. Filing Channel: Internet. Location: Lawrenceville, Georgia. Current Resolution Status: Solved.",Cancellation,Medium,Frustrated,Solved,Lawrenceville,Georgia,Internet,2026-04-02 04:34:14
TC-289071,Customer_289071,subscriber_289071@telecom-domain.com,Comcast Data Limit,"Subscriber report regarding Comcast Data Limit. Filing Channel: Customer Care Call. Location: Lawrenceville, Georgia. Current Resolution Status: Solved.",Data / Usage Issue,Medium,Frustrated,Solved,Lawrenceville,Georgia,Customer Care Call,2026-05-28 17:49:14
TC-372425,Customer_372425,subscriber_372425@telecom-domain.com,Comcast Data Cap,"Subscriber report regarding Comcast Data Cap. Filing Channel: Internet. Location: Lawrenceville, Georgia. Current Resolution Status: Pending.",Data / Usage Issue,Medium,Frustrated,Pending,Lawrenceville,Georgia,Internet,2026-02-26 06:52:14
TC-277366,Customer_277366,subscriber_277366@telecom-domain.com,lack of service and speed,"Subscriber report regarding lack of service and speed. Filing Channel: Internet. Location: League City, Texas. Current Resolution Status: Solved.",Broadband Performance,Medium,Frustrated,Solved,League City,Texas,Internet,2026-05-10 04:06:14
TC-370440,Customer_370440,subscriber_370440@telecom-domain.com,Comcast in violation of merger terms,"Subscriber report regarding Comcast in violation of merger terms. Filing Channel: Customer Care Call. Location: League City, Texas. Current Resolution Status: Solved.",Service Request,Medium,Frustrated,Solved,League City,Texas,Customer Care Call,2026-07-12 02:29:14
TC-360320,Customer_360320,subscriber_360320@telecom-domain.com,online adertised price was not honored over phone,"Subscriber report regarding online adertised price was not honored over phone. Filing Channel: Internet. Location: Lebanon, New Hampshire. Current Resolution Status: Solved.",Billing Dispute,Medium,Frustrated,Solved,Lebanon,New Hampshire,Internet,2026-04-19 05:09:14
TC-358703,Customer_358703,subscriber_358703@telecom-domain.com,"Comcast inflated and ""undetermined"", ever-increasing rates","Subscriber report regarding Comcast inflated and ""undetermined"", ever-increasing rates. Filing Channel: Customer Care Call. Location: Lebanon, New Jersey. Current Resolution Status: Open.",Service Request,Medium,Frustrated,Open,Lebanon,New Jersey,Customer Care Call,2026-04-01 02:06:14
TC-362928,Customer_362928,subscriber_362928@telecom-domain.com,Locals,"Subscriber report regarding Locals. Filing Channel: Customer Care Call. Location: Lebanon, Oregon. Current Resolution Status: Open.",Service Request,Medium,Frustrated,Open,Lebanon,Oregon,Customer Care Call,2026-03-05 14:18:14
TC-260336,Customer_260336,subscriber_260336@telecom-domain.com,comcast fees and internet services,"Subscriber report regarding comcast fees and internet services. Filing Channel: Customer Care Call. Location: Lebanon, Pennsylvania. Current Resolution Status: Solved.",Billing Dispute,Medium,Frustrated,Solved,Lebanon,Pennsylvania,Customer Care Call,2026-06-03 10:05:14
TC-233974,Customer_233974,subscriber_233974@telecom-domain.com,Blocking the viewing of websites,"Subscriber report regarding Blocking the viewing of websites. Filing Channel: Customer Care Call. Location: Lehigh Acres, Florida. Current Resolution Status: Solved.",Service Request,Medium,Frustrated,Solved,Lehigh Acres,Florida,Customer Care Call,2026-05-15 00:50:14
TC-299683,Customer_299683,subscriber_299683@telecom-domain.com,bait and switch,"Subscriber report regarding bait and switch. Filing Channel: Internet. Location: Lehigh Acres, Florida. Current Resolution Status: Open.",Service Request,Medium,Frustrated,Open,Lehigh Acres,Florida,Internet,2026-03-08 19:30:14
TC-360791,Customer_360791,subscriber_360791@telecom-domain.com,Unfair pricing,"Subscriber report regarding Unfair pricing. Filing Channel: Internet. Location: Lehigh Acres, Florida. Current Resolution Status: Open.",Billing Dispute,Medium,Frustrated,Open,Lehigh Acres,Florida,Internet,2026-08-15 17:30:14
TC-347557,Customer_347557,subscriber_347557@telecom-domain.com,unresponsive calls to customer service regarding wifi hotspots,"Subscriber report regarding unresponsive calls to customer service regarding wifi hotspots. Filing Channel: Customer Care Call. Location: Lemont, Illinois. Current Resolution Status: Open.",Network Connectivity,Medium,Frustrated,Open,Lemont,Illinois,Customer Care Call,2026-08-09 15:42:14
TC-222075,Customer_222075,subscriber_222075@telecom-domain.com,COMCAST BILLING,"Subscriber report regarding COMCAST BILLING. Filing Channel: Customer Care Call. Location: Levittown, Pennsylvania. Current Resolution Status: Solved.",Billing Dispute,Medium,Frustrated,Solved,Levittown,Pennsylvania,Customer Care Call,2026-05-30 22:56:14
TC-332408,Customer_332408,subscriber_332408@telecom-domain.com,Comcast promised credits by superviser,"Subscriber report regarding Comcast promised credits by superviser. Filing Channel: Internet. Location: Levittown, Pennsylvania. Current Resolution Status: Open.",Billing Dispute,Medium,Frustrated,Open,Levittown,Pennsylvania,Internet,2026-02-24 17:08:14
TC-327786,Customer_327786,subscriber_327786@telecom-domain.com,bait & switch,"Subscriber report regarding bait & switch. Filing Channel: Internet. Location: Lilburn, Georgia. Current Resolution Status: Solved.",Service Request,Medium,Frustrated,Solved,Lilburn,Georgia,Internet,2026-08-14 06:43:14
TC-362485,Customer_362485,subscriber_362485@telecom-domain.com,Data Caps,"Subscriber report regarding Data Caps. Filing Channel: Internet. Location: Lilburn, Georgia. Current Resolution Status: Pending.",Data / Usage Issue,Medium,Negative,Pending,Lilburn,Georgia,Internet,2026-02-23 17:20:14
TC-360828,Customer_360828,subscriber_360828@telecom-domain.com,Data caps,"Subscriber report regarding Data caps. Filing Channel: Internet. Location: Lilburn, Georgia. Current Resolution Status: Pending.",Data / Usage Issue,Medium,Negative,Pending,Lilburn,Georgia,Internet,2026-03-11 02:46:14
TC-374157,Customer_374157,subscriber_374157@telecom-domain.com,Comcast data cap,"Subscriber report regarding Comcast data cap. Filing Channel: Internet. Location: Lilburn, Georgia. Current Resolution Status: Open.",Data / Usage Issue,Medium,Frustrated,Open,Lilburn,Georgia,Internet,2026-05-09 20:17:14
TC-218049,Customer_218049,subscriber_218049@telecom-domain.com,cheating customer,"Subscriber report regarding cheating customer. Filing Channel: Internet. Location: Lincolnwood, Illinois. Current Resolution Status: Solved.",Service Request,Medium,Frustrated,Solved,Lincolnwood,Illinois,Internet,2026-06-18 01:48:14
TC-344415,Customer_344415,subscriber_344415@telecom-domain.com,Comcast Bundled Services,"Subscriber report regarding Comcast Bundled Services. Filing Channel: Customer Care Call. Location: Lindenwold, New Jersey. Current Resolution Status: Open.",Service Request,Medium,Frustrated,Open,Lindenwold,New Jersey,Customer Care Call,2026-07-22 09:39:14
TC-341950,Customer_341950,subscriber_341950@telecom-domain.com,Xfinity unable to correct issue of losing connection,"Subscriber report regarding Xfinity unable to correct issue of losing connection. Filing Channel: Internet. Location: Linwood, New Jersey. Current Resolution Status: Open.",Service Request,Medium,Negative,Open,Linwood,New Jersey,Internet,2026-03-07 10:51:14
TC-360235,Customer_360235,subscriber_360235@telecom-domain.com,Comcast,"Subscriber report regarding Comcast. Filing Channel: Internet. Location: Lisle, Illinois. Current Resolution Status: Solved.",Service Request,Medium,Frustrated,Solved,Lisle,Illinois,Internet,2026-06-30 00:02:14
TC-368198,Customer_368198,subscriber_368198@telecom-domain.com,Monopolistic Billing Practices,"Subscriber report regarding Monopolistic Billing Practices. Filing Channel: Internet. Location: Lisle, Illinois. Current Resolution Status: Solved.",Billing Dispute,Medium,Frustrated,Solved,Lisle,Illinois,Internet,2026-05-15 21:26:14
TC-256913,Customer_256913,subscriber_256913@telecom-domain.com,300 GB monthly allowance,"Subscriber report regarding 300 GB monthly allowance. Filing Channel: Customer Care Call. Location: Lithia Springs, Georgia. Current Resolution Status: Solved.",Service Request,Medium,Frustrated,Solved,Lithia Springs,Georgia,Customer Care Call,2026-06-25 13:50:14
TC-360550,Customer_360550,subscriber_360550@telecom-domain.com,Comcast Data Cap,"Subscriber report regarding Comcast Data Cap. Filing Channel: Internet. Location: Lithia Springs, Georgia. Current Resolution Status: Pending.",Data / Usage Issue,Medium,Frustrated,Pending,Lithia Springs,Georgia,Internet,2026-04-02 01:10:14
TC-221665,Customer_221665,subscriber_221665@telecom-domain.com,Internet down,"Subscriber report regarding Internet down. Filing Channel: Internet. Location: Lithonia, Georgia. Current Resolution Status: Solved.",Service Outage,High,Angry,Solved,Lithonia,Georgia,Internet,2026-04-18 21:11:14
TC-263720,Customer_263720,subscriber_263720@telecom-domain.com,Comcast Data Threshold,"Subscriber report regarding Comcast Data Threshold. Filing Channel: Customer Care Call. Location: Lithonia, Georgia. Current Resolution Status: Solved.",Service Request,Medium,Frustrated,Solved,Lithonia,Georgia,Customer Care Call,2026-06-17 10:38:14
TC-312637,Customer_312637,subscriber_312637@telecom-domain.com,customer service,"Subscriber report regarding customer service. Filing Channel: Internet. Location: Lithonia, Georgia. Current Resolution Status: Pending.",Customer Service,Medium,Frustrated,Pending,Lithonia,Georgia,Internet,2026-04-08 18:55:14
TC-354540,Customer_354540,subscriber_354540@telecom-domain.com,customer service & price,"Subscriber report regarding customer service & price. Filing Channel: Internet. Location: Lithonia, Georgia. Current Resolution Status: Solved.",Billing Dispute,Medium,Frustrated,Solved,Lithonia,Georgia,Internet,2026-04-14 10:14:14
TC-372723,Customer_372723,subscriber_372723@telecom-domain.com,Loss of Electronics/Poor Customer Service/Faulty Grounding,"Subscriber report regarding Loss of Electronics/Poor Customer Service/Faulty Grounding. Filing Channel: Customer Care Call. Location: Lithonia, Georgia. Current Resolution Status: Solved.",Customer Service,Medium,Frustrated,Solved,Lithonia,Georgia,Customer Care Call,2026-05-31 22:12:14
TC-274026,Customer_274026,subscriber_274026@telecom-domain.com,Ongoing Comcast internet outages.,"Subscriber report regarding Ongoing Comcast internet outages.. Filing Channel: Customer Care Call. Location: Little Rock, Arkansas. Current Resolution Status: Solved.",Service Outage,High,Angry,Solved,Little Rock,Arkansas,Customer Care Call,2026-08-02 09:55:14
TC-359868,Customer_359868,subscriber_359868@telecom-domain.com,unfair Internet prices,"Subscriber report regarding unfair Internet prices. Filing Channel: Customer Care Call. Location: Little Rock, Arkansas. Current Resolution Status: Solved.",Billing Dispute,Medium,Frustrated,Solved,Little Rock,Arkansas,Customer Care Call,2026-07-22 19:07:14
TC-362556,Customer_362556,subscriber_362556@telecom-domain.com,Comcast internet Dropping out,"Subscriber report regarding Comcast internet Dropping out. Filing Channel: Internet. Location: Little Rock, Arkansas. Current Resolution Status: Solved.",Service Request,Medium,Frustrated,Solved,Little Rock,Arkansas,Internet,2026-06-10 06:07:14
TC-361742,Customer_361742,subscriber_361742@telecom-domain.com,Comcast Problems,"Subscriber report regarding Comcast Problems. Filing Channel: Customer Care Call. Location: Little Rock, Arkansas. Current Resolution Status: Solved.",Service Request,Medium,Negative,Solved,Little Rock,Arkansas,Customer Care Call,2026-05-22 09:51:14
TC-338149,Customer_338149,subscriber_338149@telecom-domain.com,Overcharged for underperforming services,"Subscriber report regarding Overcharged for underperforming services. Filing Channel: Customer Care Call. Location: Littleton, Colorado. Current Resolution Status: Solved.",Billing Dispute,High,Negative,Solved,Littleton,Colorado,Customer Care Call,2026-06-23 22:50:14
TC-369960,Customer_369960,subscriber_369960@telecom-domain.com,I am being throttled by Comcast,"Subscriber report regarding I am being throttled by Comcast. Filing Channel: Internet. Location: Littleton, Colorado. Current Resolution Status: Solved.",Broadband Performance,Medium,Frustrated,Solved,Littleton,Colorado,Internet,2026-06-03 14:12:14
TC-231375,Customer_231375,subscriber_231375@telecom-domain.com,Comcast Unfair Billing Practices,"Subscriber report regarding Comcast Unfair Billing Practices. Filing Channel: Internet. Location: Littleton, Massachusetts. Current Resolution Status: Solved.",Billing Dispute,Medium,Frustrated,Solved,Littleton,Massachusetts,Internet,2026-05-15 18:58:14
TC-213817,Customer_213817,subscriber_213817@telecom-domain.com,comcast billing shutting off service,"Subscriber report regarding comcast billing shutting off service. Filing Channel: Customer Care Call. Location: Live Oak, California. Current Resolution Status: Open.",Billing Dispute,Medium,Frustrated,Open,Live Oak,California,Customer Care Call,2026-03-17 18:10:14
TC-374291,Customer_374291,subscriber_374291@telecom-domain.com,comcastcomcas,"Subscriber report regarding comcastcomcas. Filing Channel: Internet. Location: Lndianapolis, Indiana. Current Resolution Status: Open.",Service Request,Medium,Frustrated,Open,Lndianapolis,Indiana,Internet,2026-07-24 16:43:14
TC-211472,Customer_211472,subscriber_211472@telecom-domain.com,comcast cable,"Subscriber report regarding comcast cable. Filing Channel: Customer Care Call. Location: Lockport, Illinois. Current Resolution Status: Solved.",Service Request,Medium,Frustrated,Solved,Lockport,Illinois,Customer Care Call,2026-03-02 09:45:14
TC-231374,Customer_231374,subscriber_231374@telecom-domain.com,Fraudulent Billing practices by Comcast,"Subscriber report regarding Fraudulent Billing practices by Comcast. Filing Channel: Customer Care Call. Location: Locust Grove, Virginia. Current Resolution Status: Solved.",Billing Dispute,High,Angry,Solved,Locust Grove,Virginia,Customer Care Call,2026-03-06 05:54:14
TC-344348,Customer_344348,subscriber_344348@telecom-domain.com,Services Interrupted,"Subscriber report regarding Services Interrupted. Filing Channel: Customer Care Call. Location: Locust Grove, Virginia. Current Resolution Status: Solved.",Service Request,Medium,Frustrated,Solved,Locust Grove,Virginia,Customer Care Call,2026-06-03 20:33:14
TC-352012,Customer_352012,subscriber_352012@telecom-domain.com,Internet contract issue,"Subscriber report regarding Internet contract issue. Filing Channel: Internet. Location: Lodi, California. Current Resolution Status: Solved.",Service Request,Medium,Negative,Solved,Lodi,California,Internet,2026-06-28 02:36:14
TC-366778,Customer_366778,subscriber_366778@telecom-domain.com,Comcast Billing,"Subscriber report regarding Comcast Billing. Filing Channel: Internet. Location: Logan, Utah. Current Resolution Status: Solved.",Billing Dispute,Medium,Frustrated,Solved,Logan,Utah,Internet,2026-08-08 15:12:14
TC-291331,Customer_291331,subscriber_291331@telecom-domain.com,Xfinity: Bogus modem charges,"Subscriber report regarding Xfinity: Bogus modem charges. Filing Channel: Internet. Location: Loganville, Georgia. Current Resolution Status: Solved.",Billing Dispute,High,Negative,Solved,Loganville,Georgia,Internet,2026-07-13 14:19:14
TC-316040,Customer_316040,subscriber_316040@telecom-domain.com,n/a (b) (6),"Subscriber report regarding n/a (b) (6). Filing Channel: Internet. Location: Loganville, Georgia. Current Resolution Status: Pending.",Service Request,Medium,Frustrated,Pending,Loganville,Georgia,Internet,2026-05-29 18:52:14
TC-351393,Customer_351393,subscriber_351393@telecom-domain.com,Comcast,"Subscriber report regarding Comcast. Filing Channel: Customer Care Call. Location: Loganville, Georgia. Current Resolution Status: Solved.",Service Request,Medium,Frustrated,Solved,Loganville,Georgia,Customer Care Call,2026-07-07 16:50:14
TC-361105,Customer_361105,subscriber_361105@telecom-domain.com,Poor Customer Service and Internet Availability,"Subscriber report regarding Poor Customer Service and Internet Availability. Filing Channel: Internet. Location: Loganville, Georgia. Current Resolution Status: Solved.",Customer Service,Medium,Frustrated,Solved,Loganville,Georgia,Internet,2026-04-10 02:55:14
TC-324702,Customer_324702,subscriber_324702@telecom-domain.com,Comcast Service,"Subscriber report regarding Comcast Service. Filing Channel: Customer Care Call. Location: Lonaconing, Maryland. Current Resolution Status: Solved.",Service Request,Medium,Frustrated,Solved,Lonaconing,Maryland,Customer Care Call,2026-06-29 18:15:14
TC-362024,Customer_362024,subscriber_362024@telecom-domain.com,internet service and phone service,"Subscriber report regarding internet service and phone service. Filing Channel: Internet. Location: Long Grove, Illinois. Current Resolution Status: Solved.",Call Drops,Medium,Frustrated,Solved,Long Grove,Illinois,Internet,2026-06-10 21:45:14
TC-361528,Customer_361528,subscriber_361528@telecom-domain.com,Xfinity,"Subscriber report regarding Xfinity. Filing Channel: Customer Care Call. Location: Longmont, Colorado. Current Resolution Status: Open.",Service Request,Medium,Frustrated,Open,Longmont,Colorado,Customer Care Call,2026-04-11 09:57:14
TC-352951,Customer_352951,subscriber_352951@telecom-domain.com,Internet Speeds and Billing Errors,"Subscriber report regarding Internet Speeds and Billing Errors. Filing Channel: Internet. Location: Los Alamos, New Mexico. Current Resolution Status: Open.",Billing Dispute,Medium,Frustrated,Open,Los Alamos,New Mexico,Internet,2026-06-10 01:45:14
TC-272972,Customer_272972,subscriber_272972@telecom-domain.com,Comcast Billing Issue,"Subscriber report regarding Comcast Billing Issue. Filing Channel: Internet. Location: Los Angeles, California. Current Resolution Status: Solved.",Billing Dispute,High,Negative,Solved,Los Angeles,California,Internet,2026-03-15 22:09:14
TC-367365,Customer_367365,subscriber_367365@telecom-domain.com,Internet Throttling & Unfair Billing Practices,"Subscriber report regarding Internet Throttling & Unfair Billing Practices. Filing Channel: Internet. Location: Los Gatos, California. Current Resolution Status: Solved.",Billing Dispute,Medium,Frustrated,Solved,Los Gatos,California,Internet,2026-02-20 18:10:14
TC-367949,Customer_367949,subscriber_367949@telecom-domain.com,Internet Throttling & Unfair Billing Practices,"Subscriber report regarding Internet Throttling & Unfair Billing Practices. Filing Channel: Internet. Location: Los Gatos, California. Current Resolution Status: Solved.",Billing Dispute,Medium,Frustrated,Solved,Los Gatos,California,Internet,2026-03-15 23:23:14
TC-375794,Customer_375794,subscriber_375794@telecom-domain.com,Comcast False Advertising,"Subscriber report regarding Comcast False Advertising. Filing Channel: Internet. Location: Los Gatos, California. Current Resolution Status: Open.",Service Request,Medium,Frustrated,Open,Los Gatos,California,Internet,2026-04-08 20:07:14
TC-370484,Customer_370484,subscriber_370484@telecom-domain.com,Speeds slower than advertised,"Subscriber report regarding Speeds slower than advertised. Filing Channel: Customer Care Call. Location: Louisville, Colorado. Current Resolution Status: Solved.",Broadband Performance,Medium,Negative,Solved,Louisville,Colorado,Customer Care Call,2026-06-09 00:45:14
TC-305856,Customer_305856,subscriber_305856@telecom-domain.com,Increase in Price of internet,"Subscriber report regarding Increase in Price of internet. Filing Channel: Internet. Location: Louisville, Tennessee. Current Resolution Status: Solved.",Billing Dispute,Medium,Frustrated,Solved,Louisville,Tennessee,Internet,2026-04-02 10:41:14
TC-362020,Customer_362020,subscriber_362020@telecom-domain.com,Comcast,"Subscriber report regarding Comcast. Filing Channel: Internet. Location: Lowell, Massachusetts. Current Resolution Status: Solved.",Service Request,Medium,Frustrated,Solved,Lowell,Massachusetts,Internet,2026-07-25 11:00:14
TC-333846,Customer_333846,subscriber_333846@telecom-domain.com,Comcast internet,"Subscriber report regarding Comcast internet. Filing Channel: Internet. Location: Lutherville, Maryland. Current Resolution Status: Open.",Service Request,Medium,Frustrated,Open,Lutherville,Maryland,Internet,2026-02-21 20:52:14
TC-340455,Customer_340455,subscriber_340455@telecom-domain.com,Slowness of Internet,"Subscriber report regarding Slowness of Internet. Filing Channel: Internet. Location: Lynchburg, Virginia. Current Resolution Status: Solved.",Broadband Performance,Medium,Negative,Solved,Lynchburg,Virginia,Internet,2026-03-18 19:55:14
TC-339012,Customer_339012,subscriber_339012@telecom-domain.com,Video Throttling,"Subscriber report regarding Video Throttling. Filing Channel: Internet. Location: Lynnfield, Massachusetts. Current Resolution Status: Solved.",Broadband Performance,Medium,Frustrated,Solved,Lynnfield,Massachusetts,Internet,2026-04-14 13:01:14
TC-349588,Customer_349588,subscriber_349588@telecom-domain.com,Comcast/xfinity,"Subscriber report regarding Comcast/xfinity. Filing Channel: Customer Care Call. Location: Lynnwood, Washington. Current Resolution Status: Solved.",Service Request,Medium,Frustrated,Solved,Lynnwood,Washington,Customer Care Call,2026-07-10 02:53:14
TC-374749,Customer_374749,subscriber_374749@telecom-domain.com,Ridiculous and inconsistent billing,"Subscriber report regarding Ridiculous and inconsistent billing. Filing Channel: Internet. Location: Lynnwood, Washington. Current Resolution Status: Solved.",Billing Dispute,Medium,Frustrated,Solved,Lynnwood,Washington,Internet,2026-07-29 04:32:14
TC-370293,Customer_370293,subscriber_370293@telecom-domain.com,Comcast over inflating Data Meter Usage,"Subscriber report regarding Comcast over inflating Data Meter Usage. Filing Channel: Customer Care Call. Location: Mabelton, Georgia. Current Resolution Status: Solved.",Service Request,Medium,Frustrated,Solved,Mabelton,Georgia,Customer Care Call,2026-04-08 06:31:14
TC-227906,Customer_227906,subscriber_227906@telecom-domain.com,Comcast Billing Fraud,"Subscriber report regarding Comcast Billing Fraud. Filing Channel: Internet. Location: Mableton, Georgia. Current Resolution Status: Solved.",Billing Dispute,High,Angry,Solved,Mableton,Georgia,Internet,2026-07-22 01:54:14
TC-333248,Customer_333248,subscriber_333248@telecom-domain.com,Comcast - Incorrect Billing Issues - Has Happened on Multiple Occasions with my Account,"Subscriber report regarding Comcast - Incorrect Billing Issues - Has Happened on Multiple Occasions with my Account. Filing Channel: Internet. Location: Mableton, Georgia. Current Resolution Status: Solved.",Billing Dispute,High,Negative,Solved,Mableton,Georgia,Internet,2026-03-22 23:04:14
TC-371924,Customer_371924,subscriber_371924@telecom-domain.com,Repeated issues with Comcast billing and customer service,"Subscriber report regarding Repeated issues with Comcast billing and customer service. Filing Channel: Internet. Location: Macomb, Illinois. Current Resolution Status: Solved.",Billing Dispute,High,Negative,Solved,Macomb,Illinois,Internet,2026-06-20 16:06:14
TC-300802,Customer_300802,subscriber_300802@telecom-domain.com,Comcast Data cap,"Subscriber report regarding Comcast Data cap. Filing Channel: Customer Care Call. Location: Madison, Alabama. Current Resolution Status: Open.",Data / Usage Issue,Medium,Frustrated,Open,Madison,Alabama,Customer Care Call,2026-04-27 08:39:14
TC-361078,Customer_361078,subscriber_361078@telecom-domain.com,Unfair pricing practices,"Subscriber report regarding Unfair pricing practices. Filing Channel: Internet. Location: Madison, Alabama. Current Resolution Status: Solved.",Billing Dispute,Medium,Frustrated,Solved,Madison,Alabama,Internet,2026-04-28 06:13:14
TC-300500,Customer_300500,subscriber_300500@telecom-domain.com,Comcast Customer Service,"Subscriber report regarding Comcast Customer Service. Filing Channel: Internet. Location: Madison, Connecticut. Current Resolution Status: Solved.",Customer Service,Medium,Frustrated,Solved,Madison,Connecticut,Internet,2026-07-28 05:47:14
TC-340564,Customer_340564,subscriber_340564@telecom-domain.com,Comcast Business Internet -- Not Providing Service to New Location & Will Not Terminate Contract Despite Multiple Attempts,"Subscriber report regarding Comcast Business Internet -- Not Providing Service to New Location & Will Not Terminate Contract Despite Multiple Attempts. Filing Channel: Internet. Location: Madison, Mississippi. Current Resolution Status: Solved.",Cancellation,Medium,Frustrated,Solved,Madison,Mississippi,Internet,2026-05-15 22:16:14
TC-324188,Customer_324188,subscriber_324188@telecom-domain.com,Data Caps Discourage Commerce,"Subscriber report regarding Data Caps Discourage Commerce. Filing Channel: Customer Care Call. Location: Madison, Tennessee. Current Resolution Status: Solved.",Data / Usage Issue,Medium,Negative,Solved,Madison,Tennessee,Customer Care Call,2026-07-02 15:44:14
TC-359823,Customer_359823,subscriber_359823@telecom-domain.com,Comcast Internet Is Atrocious,"Subscriber report regarding Comcast Internet Is Atrocious. Filing Channel: Internet. Location: Magalia, California. Current Resolution Status: Pending.",Service Request,Medium,Frustrated,Pending,Magalia,California,Internet,2026-04-09 10:54:14
TC-365166,Customer_365166,subscriber_365166@telecom-domain.com,Comcast,"Subscriber report regarding Comcast. Filing Channel: Customer Care Call. Location: Manahawkin, New Jersey. Current Resolution Status: Solved.",Service Request,Medium,Frustrated,Solved,Manahawkin,New Jersey,Customer Care Call,2026-08-18 19:03:14
TC-371299,Customer_371299,subscriber_371299@telecom-domain.com,Internet speed,"Subscriber report regarding Internet speed. Filing Channel: Customer Care Call. Location: Manahawkin, New Jersey. Current Resolution Status: Open.",Broadband Performance,Medium,Frustrated,Open,Manahawkin,New Jersey,Customer Care Call,2026-08-10 06:51:14
TC-270663,Customer_270663,subscriber_270663@telecom-domain.com,Comcast cancellation issue,"Subscriber report regarding Comcast cancellation issue. Filing Channel: Customer Care Call. Location: Manassas, Virginia. Current Resolution Status: Solved.",Cancellation,Medium,Negative,Solved,Manassas,Virginia,Customer Care Call,2026-06-25 05:50:14
TC-244436,Customer_244436,subscriber_244436@telecom-domain.com,internet availability,"Subscriber report regarding internet availability. Filing Channel: Customer Care Call. Location: Manchester, New Hampshire. Current Resolution Status: Solved.",Service Request,Medium,Frustrated,Solved,Manchester,New Hampshire,Customer Care Call,2026-04-16 15:12:14
TC-302448,Customer_302448,subscriber_302448@telecom-domain.com,Comcast is giving me the ring around and charged me $130,"Subscriber report regarding Comcast is giving me the ring around and charged me $130. Filing Channel: Internet. Location: Manchester, New Hampshire. Current Resolution Status: Solved.",Billing Dispute,High,Negative,Solved,Manchester,New Hampshire,Internet,2026-05-20 21:48:14
TC-361007,Customer_361007,subscriber_361007@telecom-domain.com,comcast over charges,"Subscriber report regarding comcast over charges. Filing Channel: Internet. Location: Manchester, New Jersey. Current Resolution Status: Solved.",Billing Dispute,High,Negative,Solved,Manchester,New Jersey,Internet,2026-08-11 03:41:14
TC-234680,Customer_234680,subscriber_234680@telecom-domain.com,Comcast Internet Billing Problems/Disrespectful Customer Service Agents,"Subscriber report regarding Comcast Internet Billing Problems/Disrespectful Customer Service Agents. Filing Channel: Internet. Location: Manchester, Pennsylvania. Current Resolution Status: Solved.",Billing Dispute,High,Negative,Solved,Manchester,Pennsylvania,Internet,2026-05-24 23:24:14
TC-363966,Customer_363966,subscriber_363966@telecom-domain.com,Bill Flucuation,"Subscriber report regarding Bill Flucuation. Filing Channel: Customer Care Call. Location: Manvel, Texas. Current Resolution Status: Solved.",Billing Dispute,Medium,Frustrated,Solved,Manvel,Texas,Customer Care Call,2026-06-23 00:45:14
TC-259629,Customer_259629,subscriber_259629@telecom-domain.com,Comcast internet-Price keeps changing,"Subscriber report regarding Comcast internet-Price keeps changing. Filing Channel: Internet. Location: Mapleton, Utah. Current Resolution Status: Solved.",Billing Dispute,Medium,Frustrated,Solved,Mapleton,Utah,Internet,2026-04-25 18:46:14
TC-221175,Customer_221175,subscriber_221175@telecom-domain.com,Comcast Continuous Modem Rental Charges,"Subscriber report regarding Comcast Continuous Modem Rental Charges. Filing Channel: Customer Care Call. Location: Margate, Florida. Current Resolution Status: Solved.",Billing Dispute,High,Negative,Solved,Margate,Florida,Customer Care Call,2026-07-30 01:48:14
TC-360185,Customer_360185,subscriber_360185@telecom-domain.com,Comcast Throttling Internet,"Subscriber report regarding Comcast Throttling Internet. Filing Channel: Internet. Location: Margate, New Jersey. Current Resolution Status: Open.",Broadband Performance,Medium,Frustrated,Open,Margate,New Jersey,Internet,2026-05-06 19:58:14
TC-220948,Customer_220948,subscriber_220948@telecom-domain.com,Customer Service and Billing Complaint,"Subscriber report regarding Customer Service and Billing Complaint. Filing Channel: Internet. Location: Marietta, Georgia. Current Resolution Status: Solved.",Billing Dispute,Medium,Frustrated,Solved,Marietta,Georgia,Internet,2026-04-21 10:38:14
TC-264114,Customer_264114,subscriber_264114@telecom-domain.com,300GB/month data cap 'trial' for several years now,"Subscriber report regarding 300GB/month data cap 'trial' for several years now. Filing Channel: Customer Care Call. Location: Marietta, Georgia. Current Resolution Status: Solved.",Data / Usage Issue,Medium,Frustrated,Solved,Marietta,Georgia,Customer Care Call,2026-06-06 12:56:14
TC-286994,Customer_286994,subscriber_286994@telecom-domain.com,Comcast data usage cap,"Subscriber report regarding Comcast data usage cap. Filing Channel: Internet. Location: Marietta, Georgia. Current Resolution Status: Open.",Data / Usage Issue,Medium,Frustrated,Open,Marietta,Georgia,Internet,2026-07-28 22:24:14
TC-292968,Customer_292968,subscriber_292968@telecom-domain.com,Comcast Data Caps,"Subscriber report regarding Comcast Data Caps. Filing Channel: Customer Care Call. Location: Marietta, Georgia. Current Resolution Status: Solved.",Data / Usage Issue,Medium,Negative,Solved,Marietta,Georgia,Customer Care Call,2026-03-23 03:22:14
TC-293411,Customer_293411,subscriber_293411@telecom-domain.com,"Comcast and their ""data limit""","Subscriber report regarding Comcast and their ""data limit"". Filing Channel: Internet. Location: Marietta, Georgia. Current Resolution Status: Solved.",Data / Usage Issue,Medium,Frustrated,Solved,Marietta,Georgia,Internet,2026-05-01 21:24:14
TC-295614,Customer_295614,subscriber_295614@telecom-domain.com,Comcast refuses to honor a plan that one of their sales reps offered,"Subscriber report regarding Comcast refuses to honor a plan that one of their sales reps offered. Filing Channel: Internet. Location: Marietta, Georgia. Current Resolution Status: Solved.",Service Request,High,Angry,Solved,Marietta,Georgia,Internet,2026-03-25 15:26:14
TC-316247,Customer_316247,subscriber_316247@telecom-domain.com,Comcast,"Subscriber report regarding Comcast. Filing Channel: Internet. Location: Marietta, Georgia. Current Resolution Status: Solved.",Service Request,Medium,Frustrated,Solved,Marietta,Georgia,Internet,2026-05-09 15:14:14
TC-326514,Customer_326514,subscriber_326514@telecom-domain.com,Data Cap imposed without notice,"Subscriber report regarding Data Cap imposed without notice. Filing Channel: Internet. Location: Marietta, Georgia. Current Resolution Status: Solved.",Data / Usage Issue,Medium,Frustrated,Solved,Marietta,Georgia,Internet,2026-03-17 11:57:14
TC-329684,Customer_329684,subscriber_329684@telecom-domain.com,Comcast charging over $600 for data,"Subscriber report regarding Comcast charging over $600 for data. Filing Channel: Customer Care Call. Location: Marietta, Georgia. Current Resolution Status: Solved.",Service Request,Medium,Frustrated,Solved,Marietta,Georgia,Customer Care Call,2026-02-26 10:55:14
TC-354546,Customer_354546,subscriber_354546@telecom-domain.com,Comcast/Xfinity,"Subscriber report regarding Comcast/Xfinity. Filing Channel: Customer Care Call. Location: Marietta, Georgia. Current Resolution Status: Solved.",Service Request,Medium,Frustrated,Solved,Marietta,Georgia,Customer Care Call,2026-06-08 14:16:14
TC-358050,Customer_358050,subscriber_358050@telecom-domain.com,Comcast Business Internet,"Subscriber report regarding Comcast Business Internet. Filing Channel: Internet. Location: Marietta, Georgia. Current Resolution Status: Solved.",Service Request,Medium,Frustrated,Solved,Marietta,Georgia,Internet,2026-04-25 13:52:14
TC-362909,Customer_362909,subscriber_362909@telecom-domain.com,Comcast 300GB data cap,"Subscriber report regarding Comcast 300GB data cap. Filing Channel: Customer Care Call. Location: Marietta, Georgia. Current Resolution Status: Solved.",Data / Usage Issue,Medium,Frustrated,Solved,Marietta,Georgia,Customer Care Call,2026-06-02 18:48:14
TC-366944,Customer_366944,subscriber_366944@telecom-domain.com,Comcast Charges,"Subscriber report regarding Comcast Charges. Filing Channel: Internet. Location: Marietta, Georgia. Current Resolution Status: Solved.",Billing Dispute,High,Negative,Solved,Marietta,Georgia,Internet,2026-06-11 00:18:14
TC-367546,Customer_367546,subscriber_367546@telecom-domain.com,Overcharged Internet Billing,"Subscriber report regarding Overcharged Internet Billing. Filing Channel: Internet. Location: Marietta, Georgia. Current Resolution Status: Open.",Billing Dispute,High,Negative,Open,Marietta,Georgia,Internet,2026-02-20 10:25:14
TC-368500,Customer_368500,subscriber_368500@telecom-domain.com,Comcast 300Gb Data Cap,"Subscriber report regarding Comcast 300Gb Data Cap. Filing Channel: Internet. Location: Marietta, Georgia. Current Resolution Status: Solved.",Data / Usage Issue,Medium,Frustrated,Solved,Marietta,Georgia,Internet,2026-06-07 02:09:14
TC-371385,Customer_371385,subscriber_371385@telecom-domain.com,Comcast - Billing Practices,"Subscriber report regarding Comcast - Billing Practices. Filing Channel: Customer Care Call. Location: Marietta, Georgia. Current Resolution Status: Open.",Billing Dispute,Medium,Frustrated,Open,Marietta,Georgia,Customer Care Call,2026-05-31 02:29:14
TC-318574,Customer_318574,subscriber_318574@telecom-domain.com,Comcast Billing and Service Issues,"Subscriber report regarding Comcast Billing and Service Issues. Filing Channel: Customer Care Call. Location: Markham, Illinois. Current Resolution Status: Open.",Billing Dispute,High,Negative,Open,Markham,Illinois,Customer Care Call,2026-06-04 03:17:14
TC-359592,Customer_359592,subscriber_359592@telecom-domain.com,Intermittent poor service,"Subscriber report regarding Intermittent poor service. Filing Channel: Internet. Location: Marlborough, Connecticut. Current Resolution Status: Open.",Service Request,Medium,Frustrated,Open,Marlborough,Connecticut,Internet,2026-07-17 16:12:14
TC-281940,Customer_281940,subscriber_281940@telecom-domain.com,Inconsistent and poor internet performance,"Subscriber report regarding Inconsistent and poor internet performance. Filing Channel: Customer Care Call. Location: Marlton, New Jersey. Current Resolution Status: Solved.",Service Request,Medium,Frustrated,Solved,Marlton,New Jersey,Customer Care Call,2026-03-07 18:27:14
TC-367321,Customer_367321,subscriber_367321@telecom-domain.com,Internet performance (latency/bandwidth) substantially below what I'm paying for for weeks,"Subscriber report regarding Internet performance (latency/bandwidth) substantially below what I'm paying for for weeks. Filing Channel: Internet. Location: Martinez, California. Current Resolution Status: Open.",Broadband Performance,Medium,Frustrated,Open,Martinez,California,Internet,2026-07-13 11:43:14
TC-224222,Customer_224222,subscriber_224222@telecom-domain.com,Comcast endless problems,"Subscriber report regarding Comcast endless problems. Filing Channel: Internet. Location: Martinez, Georgia. Current Resolution Status: Solved.",Service Request,Medium,Negative,Solved,Martinez,Georgia,Internet,2026-08-03 08:39:14
TC-218696,Customer_218696,subscriber_218696@telecom-domain.com,Internet connection delibrately slowed down,"Subscriber report regarding Internet connection delibrately slowed down. Filing Channel: Internet. Location: Martinez, Georgia. Current Resolution Status: Solved.",Broadband Performance,High,Angry,Solved,Martinez,Georgia,Internet,2026-06-11 23:42:14
TC-249355,Customer_249355,subscriber_249355@telecom-domain.com,Comcast - Customer Service/Technical Service Inferiority,"Subscriber report regarding Comcast - Customer Service/Technical Service Inferiority. Filing Channel: Customer Care Call. Location: Martinsburg, West Virginia. Current Resolution Status: Solved.",Customer Service,Medium,Frustrated,Solved,Martinsburg,West Virginia,Customer Care Call,2026-05-19 03:23:14
TC-337071,Customer_337071,subscriber_337071@telecom-domain.com,Comcast cable outage,"Subscriber report regarding Comcast cable outage. Filing Channel: Customer Care Call. Location: Martinsburg, West Virginia. Current Resolution Status: Solved.",Service Outage,High,Angry,Solved,Martinsburg,West Virginia,Customer Care Call,2026-03-15 06:49:14
TC-236299,Customer_236299,subscriber_236299@telecom-domain.com,service not disconnected as requested. overcharged and overpaid as a result.,"Subscriber report regarding service not disconnected as requested. overcharged and overpaid as a result.. Filing Channel: Customer Care Call. Location: Maryland Heights, Missouri. Current Resolution Status: Solved.",Billing Dispute,High,Negative,Solved,Maryland Heights,Missouri,Customer Care Call,2026-05-01 10:35:14
TC-340647,Customer_340647,subscriber_340647@telecom-domain.com,comcast service,"Subscriber report regarding comcast service. Filing Channel: Customer Care Call. Location: Marysville, California. Current Resolution Status: Solved.",Service Request,Medium,Frustrated,Solved,Marysville,California,Customer Care Call,2026-07-16 19:42:14
TC-372859,Customer_372859,subscriber_372859@telecom-domain.com,INFINITY / COMCAST,"Subscriber report regarding INFINITY / COMCAST. Filing Channel: Customer Care Call. Location: Marysville, Washington. Current Resolution Status: Solved.",Service Request,Medium,Frustrated,Solved,Marysville,Washington,Customer Care Call,2026-07-18 13:26:14
TC-291044,Customer_291044,subscriber_291044@telecom-domain.com,Datacaps,"Subscriber report regarding Datacaps. Filing Channel: Customer Care Call. Location: Maynardville, Tennessee. Current Resolution Status: Open.",Data / Usage Issue,Medium,Negative,Open,Maynardville,Tennessee,Customer Care Call,2026-06-29 03:56:14
TC-246635,Customer_246635,subscriber_246635@telecom-domain.com,Comcast Internet Speeds,"Subscriber report regarding Comcast Internet Speeds. Filing Channel: Customer Care Call. Location: Maywood, New Jersey. Current Resolution Status: Solved.",Broadband Performance,Medium,Frustrated,Solved,Maywood,New Jersey,Customer Care Call,2026-05-27 22:36:14
TC-306219,Customer_306219,subscriber_306219@telecom-domain.com,Comcast - internet service complaint,"Subscriber report regarding Comcast - internet service complaint. Filing Channel: Internet. Location: Mccordsville, Indiana. Current Resolution Status: Open.",Service Request,Medium,Frustrated,Open,Mccordsville,Indiana,Internet,2026-04-15 21:03:14
TC-328801,Customer_328801,subscriber_328801@telecom-domain.com,NO Comcast-- Uverse,"Subscriber report regarding NO Comcast-- Uverse. Filing Channel: Internet. Location: Mcdonough, Georgia. Current Resolution Status: Solved.",Service Request,Medium,Frustrated,Solved,Mcdonough,Georgia,Internet,2026-03-12 11:16:14
TC-211775,Customer_211775,subscriber_211775@telecom-domain.com,Horrible Service,"Subscriber report regarding Horrible Service. Filing Channel: Customer Care Call. Location: Mckeesport, Pennsylvania. Current Resolution Status: Solved.",Service Request,High,Angry,Solved,Mckeesport,Pennsylvania,Customer Care Call,2026-04-15 14:52:14
TC-316927,Customer_316927,subscriber_316927@telecom-domain.com,Comcast- Internet,"Subscriber report regarding Comcast- Internet. Filing Channel: Customer Care Call. Location: Mckeesport, Pennsylvania. Current Resolution Status: Solved.",Service Request,Medium,Frustrated,Solved,Mckeesport,Pennsylvania,Customer Care Call,2026-04-09 20:14:14
TC-335859,Customer_335859,subscriber_335859@telecom-domain.com,internet,"Subscriber report regarding internet. Filing Channel: Internet. Location: Mechanicsburg, Pennsylvania. Current Resolution Status: Solved.",Service Request,Medium,Frustrated,Solved,Mechanicsburg,Pennsylvania,Internet,2026-08-14 13:03:14
TC-337869,Customer_337869,subscriber_337869@telecom-domain.com,Wasted Time and money!,"Subscriber report regarding Wasted Time and money!. Filing Channel: Customer Care Call. Location: Medley, Florida. Current Resolution Status: Solved.",Billing Dispute,Medium,Frustrated,Solved,Medley,Florida,Customer Care Call,2026-02-24 00:30:14
TC-334514,Customer_334514,subscriber_334514@telecom-domain.com,billing issues,"Subscriber report regarding billing issues. Filing Channel: Internet. Location: Melvindale, Michigan. Current Resolution Status: Solved.",Billing Dispute,High,Negative,Solved,Melvindale,Michigan,Internet,2026-03-06 04:25:14
TC-215077,Customer_215077,subscriber_215077@telecom-domain.com,Forced to pay for Home Security Services that are inactive bundled with my internet services,"Subscriber report regarding Forced to pay for Home Security Services that are inactive bundled with my internet services. Filing Channel: Customer Care Call. Location: Memphis, Tennessee. Current Resolution Status: Solved.",Service Request,Medium,Frustrated,Solved,Memphis,Tennessee,Customer Care Call,2026-05-21 23:14:14
TC-243364,Customer_243364,subscriber_243364@telecom-domain.com,Comcast data caps,"Subscriber report regarding Comcast data caps. Filing Channel: Internet. Location: Memphis, Tennessee. Current Resolution Status: Solved.",Data / Usage Issue,Medium,Negative,Solved,Memphis,Tennessee,Internet,2026-07-27 00:35:14
TC-252934,Customer_252934,subscriber_252934@telecom-domain.com,Comcast,"Subscriber report regarding Comcast. Filing Channel: Customer Care Call. Location: Memphis, Tennessee. Current Resolution Status: Solved.",Service Request,Medium,Frustrated,Solved,Memphis,Tennessee,Customer Care Call,2026-03-02 17:51:14
TC-265590,Customer_265590,subscriber_265590@telecom-domain.com,Comcast data cap limit,"Subscriber report regarding Comcast data cap limit. Filing Channel: Internet. Location: Memphis, Tennessee. Current Resolution Status: Solved.",Data / Usage Issue,Medium,Frustrated,Solved,Memphis,Tennessee,Internet,2026-02-28 06:59:14
TC-270239,Customer_270239,subscriber_270239@telecom-domain.com,invalid sercice,"Subscriber report regarding invalid sercice. Filing Channel: Customer Care Call. Location: Memphis, Tennessee. Current Resolution Status: Solved.",Service Request,Medium,Frustrated,Solved,Memphis,Tennessee,Customer Care Call,2026-06-22 11:08:14
TC-270240,Customer_270240,subscriber_270240@telecom-domain.com,invalid sercice,"Subscriber report regarding invalid sercice. Filing Channel: Customer Care Call. Location: Memphis, Tennessee. Current Resolution Status: Solved.",Service Request,Medium,Frustrated,Solved,Memphis,Tennessee,Customer Care Call,2026-06-23 15:42:14
TC-304454,Customer_304454,subscriber_304454@telecom-domain.com,Comcast data caps,"Subscriber report regarding Comcast data caps. Filing Channel: Customer Care Call. Location: Memphis, Tennessee. Current Resolution Status: Open.",Data / Usage Issue,Medium,Negative,Open,Memphis,Tennessee,Customer Care Call,2026-04-15 20:41:14
TC-325445,Customer_325445,subscriber_325445@telecom-domain.com,Stop the data caps of Comcast,"Subscriber report regarding Stop the data caps of Comcast. Filing Channel: Customer Care Call. Location: Memphis, Tennessee. Current Resolution Status: Solved.",Data / Usage Issue,Medium,Negative,Solved,Memphis,Tennessee,Customer Care Call,2026-08-11 08:17:14
TC-333786,Customer_333786,subscriber_333786@telecom-domain.com,Lack of communication and poor customer service,"Subscriber report regarding Lack of communication and poor customer service. Filing Channel: Internet. Location: Memphis, Tennessee. Current Resolution Status: Open.",Customer Service,Medium,Frustrated,Open,Memphis,Tennessee,Internet,2026-03-11 16:53:14
TC-353177,Customer_353177,subscriber_353177@telecom-domain.com,Comcast Data Cap,"Subscriber report regarding Comcast Data Cap. Filing Channel: Internet. Location: Memphis, Tennessee. Current Resolution Status: Solved.",Data / Usage Issue,Medium,Frustrated,Solved,Memphis,Tennessee,Internet,2026-03-04 02:13:14
TC-363094,Customer_363094,subscriber_363094@telecom-domain.com,Comcast Overpricing,"Subscriber report regarding Comcast Overpricing. Filing Channel: Customer Care Call. Location: Memphis, Tennessee. Current Resolution Status: Open.",Billing Dispute,Medium,Frustrated,Open,Memphis,Tennessee,Customer Care Call,2026-03-27 05:14:14
TC-361037,Customer_361037,subscriber_361037@telecom-domain.com,Comcast Rates,"Subscriber report regarding Comcast Rates. Filing Channel: Customer Care Call. Location: Memphis, Tennessee. Current Resolution Status: Solved.",Service Request,Medium,Frustrated,Solved,Memphis,Tennessee,Customer Care Call,2026-04-13 13:26:14
TC-375276,Customer_375276,subscriber_375276@telecom-domain.com,Comcast Data Cap,"Subscriber report regarding Comcast Data Cap. Filing Channel: Internet. Location: Memphis, Tennessee. Current Resolution Status: Pending.",Data / Usage Issue,Medium,Frustrated,Pending,Memphis,Tennessee,Internet,2026-08-18 00:34:14
TC-214998,Customer_214998,subscriber_214998@telecom-domain.com,Comcast refuse to honor agreed upon price / promotion,"Subscriber report regarding Comcast refuse to honor agreed upon price / promotion. Filing Channel: Internet. Location: Menlo Park, California. Current Resolution Status: Solved.",Billing Dispute,High,Angry,Solved,Menlo Park,California,Internet,2026-06-17 19:28:14
TC-358746,Customer_358746,subscriber_358746@telecom-domain.com,Comcast slowing down,"Subscriber report regarding Comcast slowing down. Filing Channel: Customer Care Call. Location: Menlo Park, California. Current Resolution Status: Solved.",Broadband Performance,High,Angry,Solved,Menlo Park,California,Customer Care Call,2026-03-14 01:03:14
TC-365162,Customer_365162,subscriber_365162@telecom-domain.com,Unfair billing practices,"Subscriber report regarding Unfair billing practices. Filing Channel: Internet. Location: Meriden, New Hampshire. Current Resolution Status: Solved.",Billing Dispute,Medium,Frustrated,Solved,Meriden,New Hampshire,Internet,2026-03-13 06:53:14
TC-372223,Customer_372223,subscriber_372223@telecom-domain.com,Poor Customer Service with Comcast,"Subscriber report regarding Poor Customer Service with Comcast. Filing Channel: Customer Care Call. Location: Meridian, Mississippi. Current Resolution Status: Open.",Customer Service,Medium,Frustrated,Open,Meridian,Mississippi,Customer Care Call,2026-03-22 03:43:14
TC-357976,Customer_357976,subscriber_357976@telecom-domain.com,Comcast has turned my business account to third-party collections when I legitimately canceled my contract per the terms,"Subscriber report regarding Comcast has turned my business account to third-party collections when I legitimately canceled my contract per the terms. Filing Channel: Customer Care Call. Location: Metairie, Louisiana. Current Resolution Status: Solved.",Cancellation,Medium,Frustrated,Solved,Metairie,Louisiana,Customer Care Call,2026-07-19 17:21:14
TC-351053,Customer_351053,subscriber_351053@telecom-domain.com,"Comcast still billing, after account is closed and paid","Subscriber report regarding Comcast still billing, after account is closed and paid. Filing Channel: Internet. Location: Mexico, New York. Current Resolution Status: Solved.",Billing Dispute,Medium,Frustrated,Solved,Mexico,New York,Internet,2026-04-21 02:59:14
TC-230370,Customer_230370,subscriber_230370@telecom-domain.com,comcast deceving upgrade without request,"Subscriber report regarding comcast deceving upgrade without request. Filing Channel: Customer Care Call. Location: Miami, Florida. Current Resolution Status: Solved.",Service Request,Medium,Frustrated,Solved,Miami,Florida,Customer Care Call,2026-02-28 23:23:14
TC-239218,Customer_239218,subscriber_239218@telecom-domain.com,Comcast service issues.,"Subscriber report regarding Comcast service issues.. Filing Channel: Customer Care Call. Location: Miami, Florida. Current Resolution Status: Solved.",Service Request,Medium,Negative,Solved,Miami,Florida,Customer Care Call,2026-03-05 13:28:14
TC-240653,Customer_240653,subscriber_240653@telecom-domain.com,"comcast internet, telephone, TV service","Subscriber report regarding comcast internet, telephone, TV service. Filing Channel: Customer Care Call. Location: Miami, Florida. Current Resolution Status: Solved.",Call Drops,Medium,Frustrated,Solved,Miami,Florida,Customer Care Call,2026-03-31 02:47:14
TC-215922,Customer_215922,subscriber_215922@telecom-domain.com,Not receiving internet and harrassing phone calls,"Subscriber report regarding Not receiving internet and harrassing phone calls. Filing Channel: Customer Care Call. Location: Miami, Florida. Current Resolution Status: Solved.",Call Drops,Medium,Frustrated,Solved,Miami,Florida,Customer Care Call,2026-05-14 05:37:14
TC-263934,Customer_263934,subscriber_263934@telecom-domain.com,Internet service,"Subscriber report regarding Internet service. Filing Channel: Internet. Location: Miami, Florida. Current Resolution Status: Solved.",Service Request,Medium,Frustrated,Solved,Miami,Florida,Internet,2026-03-29 03:50:14
TC-265456,Customer_265456,subscriber_265456@telecom-domain.com,comcast complaint,"Subscriber report regarding comcast complaint. Filing Channel: Internet. Location: Miami, Florida. Current Resolution Status: Solved.",Service Request,Medium,Frustrated,Solved,Miami,Florida,Internet,2026-02-22 21:53:14
TC-279363,Customer_279363,subscriber_279363@telecom-domain.com,Comcast is terrible,"Subscriber report regarding Comcast is terrible. Filing Channel: Internet. Location: Miami, Florida. Current Resolution Status: Solved.",Service Request,High,Angry,Solved,Miami,Florida,Internet,2026-04-25 06:37:14
TC-282265,Customer_282265,subscriber_282265@telecom-domain.com,Comcast Internet Poor Service,"Subscriber report regarding Comcast Internet Poor Service. Filing Channel: Customer Care Call. Location: Miami, Florida. Current Resolution Status: Open.",Service Request,Medium,Frustrated,Open,Miami,Florida,Customer Care Call,2026-02-26 00:29:14
TC-282025,Customer_282025,subscriber_282025@telecom-domain.com,Charged for Cable Modem Rental that I have owned for 8 years,"Subscriber report regarding Charged for Cable Modem Rental that I have owned for 8 years. Filing Channel: Internet. Location: Miami, Florida. Current Resolution Status: Open.",Billing Dispute,High,Negative,Open,Miami,Florida,Internet,2026-05-28 02:59:14
TC-291461,Customer_291461,subscriber_291461@telecom-domain.com,Monthly charge for a Modem,"Subscriber report regarding Monthly charge for a Modem. Filing Channel: Customer Care Call. Location: Miami, Florida. Current Resolution Status: Solved.",Billing Dispute,High,Negative,Solved,Miami,Florida,Customer Care Call,2026-08-01 09:50:14
TC-293037,Customer_293037,subscriber_293037@telecom-domain.com,Comcast service,"Subscriber report regarding Comcast service. Filing Channel: Customer Care Call. Location: Miami, Florida. Current Resolution Status: Solved.",Service Request,Medium,Frustrated,Solved,Miami,Florida,Customer Care Call,2026-02-27 04:03:14
TC-293038,Customer_293038,subscriber_293038@telecom-domain.com,Comcast service,"Subscriber report regarding Comcast service. Filing Channel: Customer Care Call. Location: Miami, Florida. Current Resolution Status: Solved.",Service Request,Medium,Frustrated,Solved,Miami,Florida,Customer Care Call,2026-03-24 18:39:14
TC-301242,Customer_301242,subscriber_301242@telecom-domain.com,COMCAST,"Subscriber report regarding COMCAST. Filing Channel: Internet. Location: Miami, Florida. Current Resolution Status: Solved.",Service Request,Medium,Frustrated,Solved,Miami,Florida,Internet,2026-07-05 03:49:14
TC-320355,Customer_320355,subscriber_320355@telecom-domain.com,exaggerated bill and Lack of responsibilities in keep appointments! Disrespect for Consumers,"Subscriber report regarding exaggerated bill and Lack of responsibilities in keep appointments! Disrespect for Consumers. Filing Channel: Internet. Location: Miami, Florida. Current Resolution Status: Solved.",Billing Dispute,Medium,Frustrated,Solved,Miami,Florida,Internet,2026-06-22 01:03:14
TC-320369,Customer_320369,subscriber_320369@telecom-domain.com,exaggerated bill and Lack of responsibilities in keep appointments! Disrespect for Consumers,"Subscriber report regarding exaggerated bill and Lack of responsibilities in keep appointments! Disrespect for Consumers. Filing Channel: Internet. Location: Miami, Florida. Current Resolution Status: Open.",Billing Dispute,Medium,Frustrated,Open,Miami,Florida,Internet,2026-07-15 03:53:14
TC-340521,Customer_340521,subscriber_340521@telecom-domain.com,Failure to connect service,"Subscriber report regarding Failure to connect service. Filing Channel: Internet. Location: Miami, Florida. Current Resolution Status: Solved.",Service Request,Medium,Negative,Solved,Miami,Florida,Internet,2026-03-11 01:43:14
TC-352345,Customer_352345,subscriber_352345@telecom-domain.com,COMCAST WILL NOT CANCEL MY ACCOUNT,"Subscriber report regarding COMCAST WILL NOT CANCEL MY ACCOUNT. Filing Channel: Customer Care Call. Location: Miami, Florida. Current Resolution Status: Solved.",Cancellation,Medium,Frustrated,Solved,Miami,Florida,Customer Care Call,2026-08-18 12:24:14
TC-356421,Customer_356421,subscriber_356421@telecom-domain.com,Problems with Comcast xfinity Internet service,"Subscriber report regarding Problems with Comcast xfinity Internet service. Filing Channel: Internet. Location: Miami, Florida. Current Resolution Status: Solved.",Service Request,Medium,Negative,Solved,Miami,Florida,Internet,2026-05-13 16:06:14
TC-363477,Customer_363477,subscriber_363477@telecom-domain.com,"Paying for 50 Mbps from Comcast, only receiving 0.37 Mbps","Subscriber report regarding Paying for 50 Mbps from Comcast, only receiving 0.37 Mbps. Filing Channel: Customer Care Call. Location: Miami, Florida. Current Resolution Status: Open.",Broadband Performance,Medium,Frustrated,Open,Miami,Florida,Customer Care Call,2026-05-01 12:19:14
TC-365368,Customer_365368,subscriber_365368@telecom-domain.com,Comcast internet billing,"Subscriber report regarding Comcast internet billing. Filing Channel: Internet. Location: Miami, Florida. Current Resolution Status: Open.",Billing Dispute,Medium,Frustrated,Open,Miami,Florida,Internet,2026-07-11 09:08:14
TC-367258,Customer_367258,subscriber_367258@telecom-domain.com,Comcast Internet being slow,"Subscriber report regarding Comcast Internet being slow. Filing Channel: Internet. Location: Miami, Florida. Current Resolution Status: Pending.",Broadband Performance,Medium,Negative,Pending,Miami,Florida,Internet,2026-06-03 06:55:14
TC-369434,Customer_369434,subscriber_369434@telecom-domain.com,Comcast New SignUp billing bait-and-switch,"Subscriber report regarding Comcast New SignUp billing bait-and-switch. Filing Channel: Internet. Location: Miami, Florida. Current Resolution Status: Pending.",Billing Dispute,Medium,Frustrated,Pending,Miami,Florida,Internet,2026-05-24 00:17:14
TC-365082,Customer_365082,subscriber_365082@telecom-domain.com,Billing,"Subscriber report regarding Billing. Filing Channel: Internet. Location: Miami Gardens, Florida. Current Resolution Status: Solved.",Billing Dispute,Medium,Frustrated,Solved,Miami Gardens,Florida,Internet,2026-07-16 06:32:14
TC-355079,Customer_355079,subscriber_355079@telecom-domain.com,Lack of internet speed,"Subscriber report regarding Lack of internet speed. Filing Channel: Customer Care Call. Location: Middleboro, Massachusetts. Current Resolution Status: Solved.",Broadband Performance,Medium,Frustrated,Solved,Middleboro,Massachusetts,Customer Care Call,2026-07-31 20:20:14
TC-262747,Customer_262747,subscriber_262747@telecom-domain.com,Comcast Poor Customer Services and Commitment,"Subscriber report regarding Comcast Poor Customer Services and Commitment. Filing Channel: Internet. Location: Middleburg, Florida. Current Resolution Status: Solved.",Customer Service,Medium,Frustrated,Solved,Middleburg,Florida,Internet,2026-06-04 00:43:14
TC-223841,Customer_223841,subscriber_223841@telecom-domain.com,new fcc internet rules slowing down system,"Subscriber report regarding new fcc internet rules slowing down system. Filing Channel: Internet. Location: Middletown, Connecticut. Current Resolution Status: Solved.",Broadband Performance,High,Angry,Solved,Middletown,Connecticut,Internet,2026-08-17 13:15:14
TC-359483,Customer_359483,subscriber_359483@telecom-domain.com,Unfair pricing,"Subscriber report regarding Unfair pricing. Filing Channel: Customer Care Call. Location: Middletown, Maryland. Current Resolution Status: Solved.",Billing Dispute,Medium,Frustrated,Solved,Middletown,Maryland,Customer Care Call,2026-03-04 05:00:14
TC-268773,Customer_268773,subscriber_268773@telecom-domain.com,Poor service from Comcast Xfinity,"Subscriber report regarding Poor service from Comcast Xfinity. Filing Channel: Internet. Location: Milford, Delaware. Current Resolution Status: Open.",Service Request,Medium,Frustrated,Open,Milford,Delaware,Internet,2026-07-03 16:29:14
TC-360989,Customer_360989,subscriber_360989@telecom-domain.com,Internet and Cable Billing,"Subscriber report regarding Internet and Cable Billing. Filing Channel: Internet. Location: Milford, Delaware. Current Resolution Status: Solved.",Billing Dispute,Medium,Frustrated,Solved,Milford,Delaware,Internet,2026-04-24 21:38:14
TC-238264,Customer_238264,subscriber_238264@telecom-domain.com,Comcast,"Subscriber report regarding Comcast. Filing Channel: Customer Care Call. Location: Milford, Michigan. Current Resolution Status: Solved.",Service Request,Medium,Frustrated,Solved,Milford,Michigan,Customer Care Call,2026-05-25 22:31:14
TC-277544,Customer_277544,subscriber_277544@telecom-domain.com,Comcast charging me for items I do not want/asked for,"Subscriber report regarding Comcast charging me for items I do not want/asked for. Filing Channel: Customer Care Call. Location: Mill Creek, Washington. Current Resolution Status: Solved.",Service Request,Medium,Frustrated,Solved,Mill Creek,Washington,Customer Care Call,2026-04-30 05:19:14
TC-359345,Customer_359345,subscriber_359345@telecom-domain.com,Internet throttling,"Subscriber report regarding Internet throttling. Filing Channel: Internet. Location: Mill Creek, Washington. Current Resolution Status: Solved.",Broadband Performance,Medium,Frustrated,Solved,Mill Creek,Washington,Internet,2026-04-25 10:31:14
TC-221961,Customer_221961,subscriber_221961@telecom-domain.com,Comcast - new service (ridiculously inept + not close to the speed told) added and incorrect charges on the first bill - hoping I would not notice,"Subscriber report regarding Comcast - new service (ridiculously inept + not close to the speed told) added and incorrect charges on the first bill - hoping I would not notice. Filing Channel: Customer Care Call. Location: Mill Valley, California. Current Resolution Status: Solved.",Billing Dispute,High,Negative,Solved,Mill Valley,California,Customer Care Call,2026-03-12 13:03:14
TC-335917,Customer_335917,subscriber_335917@telecom-domain.com,"Second Complaint ""Comcast not honoring Marketing Materials""","Subscriber report regarding Second Complaint ""Comcast not honoring Marketing Materials"". Filing Channel: Customer Care Call. Location: Mill Valley, California. Current Resolution Status: Solved.",Service Request,Medium,Frustrated,Solved,Mill Valley,California,Customer Care Call,2026-06-03 01:10:14
TC-353068,Customer_353068,subscriber_353068@telecom-domain.com,"Comcast committing ""Bait and Switch Fraud""","Subscriber report regarding Comcast committing ""Bait and Switch Fraud"". Filing Channel: Customer Care Call. Location: Mill Valley, California. Current Resolution Status: Solved.",Service Request,High,Angry,Solved,Mill Valley,California,Customer Care Call,2026-07-01 11:37:14
TC-333619,Customer_333619,subscriber_333619@telecom-domain.com,Worst customer service with no resolution,"Subscriber report regarding Worst customer service with no resolution. Filing Channel: Customer Care Call. Location: Milpitas, California. Current Resolution Status: Solved.",Customer Service,High,Angry,Solved,Milpitas,California,Customer Care Call,2026-05-14 17:46:14
TC-362974,Customer_362974,subscriber_362974@telecom-domain.com,Comcast,"Subscriber report regarding Comcast. Filing Channel: Customer Care Call. Location: Milpitas, California. Current Resolution Status: Open.",Service Request,Medium,Frustrated,Open,Milpitas,California,Customer Care Call,2026-05-04 08:53:14
TC-362991,Customer_362991,subscriber_362991@telecom-domain.com,Comcast billing issues,"Subscriber report regarding Comcast billing issues. Filing Channel: Customer Care Call. Location: Milpitas, California. Current Resolution Status: Solved.",Billing Dispute,High,Negative,Solved,Milpitas,California,Customer Care Call,2026-08-14 21:16:14
TC-361800,Customer_361800,subscriber_361800@telecom-domain.com,Paying for high speed internet and receiving low speeds,"Subscriber report regarding Paying for high speed internet and receiving low speeds. Filing Channel: Internet. Location: Milton, Delaware. Current Resolution Status: Open.",Broadband Performance,Medium,Frustrated,Open,Milton,Delaware,Internet,2026-05-12 04:54:14
TC-325690,Customer_325690,subscriber_325690@telecom-domain.com,Unwilling to provide a refund for charging rent on a modem,"Subscriber report regarding Unwilling to provide a refund for charging rent on a modem. Filing Channel: Customer Care Call. Location: Milton, Vermont. Current Resolution Status: Solved.",Billing Dispute,Medium,Frustrated,Solved,Milton,Vermont,Customer Care Call,2026-07-23 03:30:14
TC-282824,Customer_282824,subscriber_282824@telecom-domain.com,Internet connectivity issues,"Subscriber report regarding Internet connectivity issues. Filing Channel: Customer Care Call. Location: Milwaukie, Oregon. Current Resolution Status: Solved.",Service Request,Medium,Negative,Solved,Milwaukie,Oregon,Customer Care Call,2026-06-05 17:53:14
TC-358736,Customer_358736,subscriber_358736@telecom-domain.com,Comcast has raised my bill twice without warning,"Subscriber report regarding Comcast has raised my bill twice without warning. Filing Channel: Customer Care Call. Location: Minneapolis, Minnesota. Current Resolution Status: Solved.",Billing Dispute,Medium,Frustrated,Solved,Minneapolis,Minnesota,Customer Care Call,2026-08-17 20:03:14
TC-366782,Customer_366782,subscriber_366782@telecom-domain.com,"Comcast charges me for 25m connection, Get 5 down/11 up","Subscriber report regarding Comcast charges me for 25m connection, Get 5 down/11 up. Filing Channel: Internet. Location: Minneapolis, Minnesota. Current Resolution Status: Solved.",Billing Dispute,High,Angry,Solved,Minneapolis,Minnesota,Internet,2026-02-28 05:06:14
TC-248414,Customer_248414,subscriber_248414@telecom-domain.com,Comcast Business not honoring signed contract,"Subscriber report regarding Comcast Business not honoring signed contract. Filing Channel: Customer Care Call. Location: Minnetonka, Minnesota. Current Resolution Status: Solved.",Service Request,Medium,Frustrated,Solved,Minnetonka,Minnesota,Customer Care Call,2026-04-22 14:52:14
TC-271592,Customer_271592,subscriber_271592@telecom-domain.com,Transfer of services,"Subscriber report regarding Transfer of services. Filing Channel: Internet. Location: Miramar, Florida. Current Resolution Status: Solved.",Service Request,Medium,Frustrated,Solved,Miramar,Florida,Internet,2026-04-09 06:45:14
TC-338831,Customer_338831,subscriber_338831@telecom-domain.com,COMCAST NIGHTMARE,"Subscriber report regarding COMCAST NIGHTMARE. Filing Channel: Internet. Location: Miramar, Florida. Current Resolution Status: Solved.",Service Request,Medium,Frustrated,Solved,Miramar,Florida,Internet,2026-06-05 02:16:14
TC-353876,Customer_353876,subscriber_353876@telecom-domain.com,CHARGED ERRONEOUS FEE ON BILL,"Subscriber report regarding CHARGED ERRONEOUS FEE ON BILL. Filing Channel: Customer Care Call. Location: Miramar, Florida. Current Resolution Status: Solved.",Billing Dispute,High,Negative,Solved,Miramar,Florida,Customer Care Call,2026-05-21 13:51:14
TC-251622,Customer_251622,subscriber_251622@telecom-domain.com,i need help pleas,"Subscriber report regarding i need help pleas. Filing Channel: Customer Care Call. Location: Mobile, Alabama. Current Resolution Status: Solved.",Service Request,Medium,Frustrated,Solved,Mobile,Alabama,Customer Care Call,2026-06-17 23:43:14
TC-336981,Customer_336981,subscriber_336981@telecom-domain.com,Discriminatory tiered pricing and traffic limitations by Comcast.,"Subscriber report regarding Discriminatory tiered pricing and traffic limitations by Comcast.. Filing Channel: Internet. Location: Mobile, Alabama. Current Resolution Status: Solved.",Billing Dispute,Medium,Frustrated,Solved,Mobile,Alabama,Internet,2026-08-09 01:13:14
TC-362644,Customer_362644,subscriber_362644@telecom-domain.com,Comcast thieves,"Subscriber report regarding Comcast thieves. Filing Channel: Internet. Location: Modesto, California. Current Resolution Status: Open.",Service Request,Medium,Frustrated,Open,Modesto,California,Internet,2026-04-09 10:35:14
TC-366339,Customer_366339,subscriber_366339@telecom-domain.com,Low internet quality,"Subscriber report regarding Low internet quality. Filing Channel: Customer Care Call. Location: Modesto, California. Current Resolution Status: Open.",Service Request,Medium,Frustrated,Open,Modesto,California,Customer Care Call,2026-03-28 12:27:14
TC-233894,Customer_233894,subscriber_233894@telecom-domain.com,False Advertisement,"Subscriber report regarding False Advertisement. Filing Channel: Internet. Location: Mokelumne Hill, California. Current Resolution Status: Solved.",Service Request,Medium,Frustrated,Solved,Mokelumne Hill,California,Internet,2026-07-01 02:56:14
TC-283148,Customer_283148,subscriber_283148@telecom-domain.com,Comcast Targeted Blocking of Content,"Subscriber report regarding Comcast Targeted Blocking of Content. Filing Channel: Internet. Location: Mokena, Illinois. Current Resolution Status: Solved.",Service Request,Medium,Frustrated,Solved,Mokena,Illinois,Internet,2026-05-11 17:45:14
TC-354707,Customer_354707,subscriber_354707@telecom-domain.com,Slow Internet / Monopoly Area,"Subscriber report regarding Slow Internet / Monopoly Area. Filing Channel: Customer Care Call. Location: Monmouth Junction, New Jersey. Current Resolution Status: Solved.",Broadband Performance,Medium,Negative,Solved,Monmouth Junction,New Jersey,Customer Care Call,2026-06-29 00:08:14
TC-248868,Customer_248868,subscriber_248868@telecom-domain.com,Data cap,"Subscriber report regarding Data cap. Filing Channel: Internet. Location: Monroe, Georgia. Current Resolution Status: Solved.",Data / Usage Issue,Medium,Frustrated,Solved,Monroe,Georgia,Internet,2026-05-25 09:35:14
TC-241769,Customer_241769,subscriber_241769@telecom-domain.com,Data Cap 300gb,"Subscriber report regarding Data Cap 300gb. Filing Channel: Customer Care Call. Location: Monroe, Louisiana. Current Resolution Status: Solved.",Data / Usage Issue,Medium,Frustrated,Solved,Monroe,Louisiana,Customer Care Call,2026-03-29 14:34:14
TC-361187,Customer_361187,subscriber_361187@telecom-domain.com,Comcast Usage Limit,"Subscriber report regarding Comcast Usage Limit. Filing Channel: Internet. Location: Monroe, Louisiana. Current Resolution Status: Solved.",Service Request,Medium,Frustrated,Solved,Monroe,Louisiana,Internet,2026-06-12 03:17:14
TC-367035,Customer_367035,subscriber_367035@telecom-domain.com,Comcast Billing for Late Payment/Disconnect due to their error,"Subscriber report regarding Comcast Billing for Late Payment/Disconnect due to their error. Filing Channel: Internet. Location: Monroe, Louisiana. Current Resolution Status: Solved.",Billing Dispute,Medium,Frustrated,Solved,Monroe,Louisiana,Internet,2026-06-28 00:50:14
TC-365393,Customer_365393,subscriber_365393@telecom-domain.com,Internet Service Down,"Subscriber report regarding Internet Service Down. Filing Channel: Customer Care Call. Location: Monroe, New Jersey. Current Resolution Status: Solved.",Service Outage,High,Angry,Solved,Monroe,New Jersey,Customer Care Call,2026-04-23 11:43:14
TC-326658,Customer_326658,subscriber_326658@telecom-domain.com,spam,"Subscriber report regarding spam. Filing Channel: Customer Care Call. Location: Montclair, New Jersey. Current Resolution Status: Solved.",Service Request,Medium,Frustrated,Solved,Montclair,New Jersey,Customer Care Call,2026-07-04 11:50:14
TC-318059,Customer_318059,subscriber_318059@telecom-domain.com,Failure to resolve Internet outages,"Subscriber report regarding Failure to resolve Internet outages. Filing Channel: Internet. Location: Monterey, California. Current Resolution Status: Solved.",Service Outage,High,Angry,Solved,Monterey,California,Internet,2026-07-01 11:27:14
TC-293497,Customer_293497,subscriber_293497@telecom-domain.com,Comcast internet service that I was NEVER able to use,"Subscriber report regarding Comcast internet service that I was NEVER able to use. Filing Channel: Internet. Location: Montgomery, Illinois. Current Resolution Status: Solved.",Service Request,Medium,Frustrated,Solved,Montgomery,Illinois,Internet,2026-07-24 12:28:14
TC-334592,Customer_334592,subscriber_334592@telecom-domain.com,Comcast Account Issues/Customer Service Complaints,"Subscriber report regarding Comcast Account Issues/Customer Service Complaints. Filing Channel: Internet. Location: Montgomery, Illinois. Current Resolution Status: Solved.",Customer Service,Medium,Negative,Solved,Montgomery,Illinois,Internet,2026-03-18 11:36:14
TC-219305,Customer_219305,subscriber_219305@telecom-domain.com,comcast internet,"Subscriber report regarding comcast internet. Filing Channel: Customer Care Call. Location: Montverde, Florida. Current Resolution Status: Solved.",Service Request,Medium,Frustrated,Solved,Montverde,Florida,Customer Care Call,2026-05-16 01:48:14
TC-329291,Customer_329291,subscriber_329291@telecom-domain.com,ads for website,"Subscriber report regarding ads for website. Filing Channel: Customer Care Call. Location: Monument, Colorado. Current Resolution Status: Solved.",Service Request,Medium,Frustrated,Solved,Monument,Colorado,Customer Care Call,2026-07-15 20:59:14
TC-359082,Customer_359082,subscriber_359082@telecom-domain.com,"Comcast is awful, lies, and is corrupt","Subscriber report regarding Comcast is awful, lies, and is corrupt. Filing Channel: Customer Care Call. Location: Morgantown, West Virginia. Current Resolution Status: Open.",Service Request,Medium,Frustrated,Open,Morgantown,West Virginia,Customer Care Call,2026-03-18 17:15:14
TC-361310,Customer_361310,subscriber_361310@telecom-domain.com,Internet Freezing,"Subscriber report regarding Internet Freezing. Filing Channel: Customer Care Call. Location: Morgantown, West Virginia. Current Resolution Status: Solved.",Service Request,Medium,Frustrated,Solved,Morgantown,West Virginia,Customer Care Call,2026-03-19 04:58:14
TC-292335,Customer_292335,subscriber_292335@telecom-domain.com,Unannouced service outage not caused by weather,"Subscriber report regarding Unannouced service outage not caused by weather. Filing Channel: Customer Care Call. Location: Morrisville, Pennsylvania. Current Resolution Status: Solved.",Service Outage,High,Angry,Solved,Morrisville,Pennsylvania,Customer Care Call,2026-04-30 03:47:14
TC-370929,Customer_370929,subscriber_370929@telecom-domain.com,COMCAST DATA CAP IS BULLCRAP,"Subscriber report regarding COMCAST DATA CAP IS BULLCRAP. Filing Channel: Customer Care Call. Location: Morrow, Georgia. Current Resolution Status: Pending.",Data / Usage Issue,Medium,Frustrated,Pending,Morrow,Georgia,Customer Care Call,2026-06-08 02:23:14
TC-244444,Customer_244444,subscriber_244444@telecom-domain.com,Receiving bill for account that was supposed to be cancelled,"Subscriber report regarding Receiving bill for account that was supposed to be cancelled. Filing Channel: Internet. Location: Morton Grove, Illinois. Current Resolution Status: Solved.",Billing Dispute,Medium,Frustrated,Solved,Morton Grove,Illinois,Internet,2026-02-20 20:30:14
TC-367029,Customer_367029,subscriber_367029@telecom-domain.com,Comcast,"Subscriber report regarding Comcast. Filing Channel: Internet. Location: Mounds View, Minnesota. Current Resolution Status: Solved.",Service Request,Medium,Frustrated,Solved,Mounds View,Minnesota,Internet,2026-05-05 20:04:14
TC-222424,Customer_222424,subscriber_222424@telecom-domain.com,Comcast refusing to run lines,"Subscriber report regarding Comcast refusing to run lines. Filing Channel: Internet. Location: Mount Airy, Maryland. Current Resolution Status: Solved.",Service Request,Medium,Frustrated,Solved,Mount Airy,Maryland,Internet,2026-07-31 16:03:14
TC-225582,Customer_225582,subscriber_225582@telecom-domain.com,Comcast unreliable speed/ service,"Subscriber report regarding Comcast unreliable speed/ service. Filing Channel: Customer Care Call. Location: Mount Joy, Pennsylvania. Current Resolution Status: Solved.",Broadband Performance,Medium,Frustrated,Solved,Mount Joy,Pennsylvania,Customer Care Call,2026-05-15 10:52:14
TC-289584,Customer_289584,subscriber_289584@telecom-domain.com,Internet service,"Subscriber report regarding Internet service. Filing Channel: Customer Care Call. Location: Mount Juliet, Tennessee. Current Resolution Status: Solved.",Service Request,Medium,Frustrated,Solved,Mount Juliet,Tennessee,Customer Care Call,2026-05-30 02:02:14
TC-298788,Customer_298788,subscriber_298788@telecom-domain.com,Internet service,"Subscriber report regarding Internet service. Filing Channel: Customer Care Call. Location: Mount Juliet, Tennessee. Current Resolution Status: Solved.",Service Request,Medium,Frustrated,Solved,Mount Juliet,Tennessee,Customer Care Call,2026-05-01 17:13:14
TC-298793,Customer_298793,subscriber_298793@telecom-domain.com,Internet service,"Subscriber report regarding Internet service. Filing Channel: Internet. Location: Mount Juliet, Tennessee. Current Resolution Status: Solved.",Service Request,Medium,Frustrated,Solved,Mount Juliet,Tennessee,Internet,2026-07-31 13:17:14
TC-360730,Customer_360730,subscriber_360730@telecom-domain.com,Comcast slow speeds and lying about prices,"Subscriber report regarding Comcast slow speeds and lying about prices. Filing Channel: Customer Care Call. Location: Mount Juliet, Tennessee. Current Resolution Status: Solved.",Billing Dispute,High,Negative,Solved,Mount Juliet,Tennessee,Customer Care Call,2026-06-24 14:01:14
TC-245317,Customer_245317,subscriber_245317@telecom-domain.com,Billing Issues,"Subscriber report regarding Billing Issues. Filing Channel: Internet. Location: Mount Laurel, New Jersey. Current Resolution Status: Solved.",Billing Dispute,High,Negative,Solved,Mount Laurel,New Jersey,Internet,2026-04-06 19:19:14
TC-367099,Customer_367099,subscriber_367099@telecom-domain.com,Unfair Comcast billing practices,"Subscriber report regarding Unfair Comcast billing practices. Filing Channel: Internet. Location: Mount Laurel, New Jersey. Current Resolution Status: Open.",Billing Dispute,Medium,Frustrated,Open,Mount Laurel,New Jersey,Internet,2026-07-22 13:38:14
TC-270193,Customer_270193,subscriber_270193@telecom-domain.com,Comcast charging me monthly fees for equipment rental when I own the equipment,"Subscriber report regarding Comcast charging me monthly fees for equipment rental when I own the equipment. Filing Channel: Internet. Location: Mount Pleasant, South Carolina. Current Resolution Status: Solved.",Billing Dispute,Medium,Frustrated,Solved,Mount Pleasant,South Carolina,Internet,2026-08-05 08:27:14
TC-300720,Customer_300720,subscriber_300720@telecom-domain.com,"Comcast refuses to credit erroneous overcharges due to deceptive ""promotional"" rates","Subscriber report regarding Comcast refuses to credit erroneous overcharges due to deceptive ""promotional"" rates. Filing Channel: Internet. Location: Mount Pleasant, South Carolina. Current Resolution Status: Solved.",Billing Dispute,High,Angry,Solved,Mount Pleasant,South Carolina,Internet,2026-05-05 10:29:14
TC-358657,Customer_358657,subscriber_358657@telecom-domain.com,Comcast Data Cap,"Subscriber report regarding Comcast Data Cap. Filing Channel: Customer Care Call. Location: Mount Pleasant, South Carolina. Current Resolution Status: Solved.",Data / Usage Issue,Medium,Frustrated,Solved,Mount Pleasant,South Carolina,Customer Care Call,2026-03-07 22:28:14
TC-311889,Customer_311889,subscriber_311889@telecom-domain.com,"Comcast installation date of June 22, 2015","Subscriber report regarding Comcast installation date of June 22, 2015. Filing Channel: Customer Care Call. Location: Mount Prospect, Illinois. Current Resolution Status: Solved.",Installation,Medium,Frustrated,Solved,Mount Prospect,Illinois,Customer Care Call,2026-08-01 10:40:14
TC-219795,Customer_219795,subscriber_219795@telecom-domain.com,Comcast refusing to provide continued service promised/advertised in writing,"Subscriber report regarding Comcast refusing to provide continued service promised/advertised in writing. Filing Channel: Customer Care Call. Location: Mountain View, California. Current Resolution Status: Solved.",Service Request,Medium,Frustrated,Solved,Mountain View,California,Customer Care Call,2026-04-03 12:35:14
TC-257803,Customer_257803,subscriber_257803@telecom-domain.com,Required $100 deposit to open an account,"Subscriber report regarding Required $100 deposit to open an account. Filing Channel: Customer Care Call. Location: Mountain View, California. Current Resolution Status: Solved.",Service Request,Medium,Frustrated,Solved,Mountain View,California,Customer Care Call,2026-08-16 16:19:14
TC-265613,Customer_265613,subscriber_265613@telecom-domain.com,comcast,"Subscriber report regarding comcast. Filing Channel: Customer Care Call. Location: Mt. Airy, Maryland. Current Resolution Status: Solved.",Service Request,Medium,Frustrated,Solved,Mt. Airy,Maryland,Customer Care Call,2026-05-04 16:20:14
TC-336745,Customer_336745,subscriber_336745@telecom-domain.com,Cap on Comcast Data,"Subscriber report regarding Cap on Comcast Data. Filing Channel: Customer Care Call. Location: Mt. Juliet, Tennessee. Current Resolution Status: Solved.",Data / Usage Issue,Medium,Frustrated,Solved,Mt. Juliet,Tennessee,Customer Care Call,2026-05-16 07:53:14
TC-260732,Customer_260732,subscriber_260732@telecom-domain.com,Comcast Internet down since 4/25 with no resolve,"Subscriber report regarding Comcast Internet down since 4/25 with no resolve. Filing Channel: Customer Care Call. Location: Mt. Pleasant, South Carolina. Current Resolution Status: Solved.",Service Outage,High,Angry,Solved,Mt. Pleasant,South Carolina,Customer Care Call,2026-05-24 00:41:14
TC-240017,Customer_240017,subscriber_240017@telecom-domain.com,FALSE CHARGES & REFUSAL TO CREDIT,"Subscriber report regarding FALSE CHARGES & REFUSAL TO CREDIT. Filing Channel: Customer Care Call. Location: Mt. Plymouth, Florida. Current Resolution Status: Solved.",Billing Dispute,High,Negative,Solved,Mt. Plymouth,Florida,Customer Care Call,2026-03-03 06:29:14
TC-312724,Customer_312724,subscriber_312724@telecom-domain.com,Commercials burning data,"Subscriber report regarding Commercials burning data. Filing Channel: Internet. Location: Murfreesboro, Tennessee. Current Resolution Status: Pending.",Service Request,Medium,Frustrated,Pending,Murfreesboro,Tennessee,Internet,2026-07-03 16:02:14
TC-315373,Customer_315373,subscriber_315373@telecom-domain.com,Comcast,"Subscriber report regarding Comcast. Filing Channel: Customer Care Call. Location: Murfreesboro, Tennessee. Current Resolution Status: Pending.",Service Request,Medium,Frustrated,Pending,Murfreesboro,Tennessee,Customer Care Call,2026-04-27 04:06:14
TC-318304,Customer_318304,subscriber_318304@telecom-domain.com,Comcast Internet Complaint,"Subscriber report regarding Comcast Internet Complaint. Filing Channel: Customer Care Call. Location: Murfreesboro, Tennessee. Current Resolution Status: Solved.",Service Request,Medium,Frustrated,Solved,Murfreesboro,Tennessee,Customer Care Call,2026-06-03 09:00:14
TC-326309,Customer_326309,subscriber_326309@telecom-domain.com,Over charging for Internet,"Subscriber report regarding Over charging for Internet. Filing Channel: Customer Care Call. Location: Murfreesboro, Tennessee. Current Resolution Status: Solved.",Service Request,Medium,Frustrated,Solved,Murfreesboro,Tennessee,Customer Care Call,2026-05-31 11:02:14
TC-354336,Customer_354336,subscriber_354336@telecom-domain.com,Comcast Data Policy and Lies,"Subscriber report regarding Comcast Data Policy and Lies. Filing Channel: Customer Care Call. Location: Murfreesboro, Tennessee. Current Resolution Status: Solved.",Service Request,Medium,Frustrated,Solved,Murfreesboro,Tennessee,Customer Care Call,2026-04-23 07:52:14
TC-357373,Customer_357373,subscriber_357373@telecom-domain.com,Comcast/Xfinity customer service and billing,"Subscriber report regarding Comcast/Xfinity customer service and billing. Filing Channel: Internet. Location: Murfreesboro, Tennessee. Current Resolution Status: Solved.",Billing Dispute,Medium,Frustrated,Solved,Murfreesboro,Tennessee,Internet,2026-04-28 10:52:14
TC-373211,Customer_373211,subscriber_373211@telecom-domain.com,Comcast Data Cap,"Subscriber report regarding Comcast Data Cap. Filing Channel: Internet. Location: Murfreesboro, Tennessee. Current Resolution Status: Open.",Data / Usage Issue,Medium,Frustrated,Open,Murfreesboro,Tennessee,Internet,2026-03-28 22:33:14
TC-360476,Customer_360476,subscriber_360476@telecom-domain.com,Throttling bandwidth.,"Subscriber report regarding Throttling bandwidth.. Filing Channel: Customer Care Call. Location: Murfressboro, Tennessee. Current Resolution Status: Solved.",Broadband Performance,Medium,Frustrated,Solved,Murfressboro,Tennessee,Customer Care Call,2026-06-22 16:26:14
TC-330284,Customer_330284,subscriber_330284@telecom-domain.com,Comcast billing,"Subscriber report regarding Comcast billing. Filing Channel: Internet. Location: Murphys, California. Current Resolution Status: Solved.",Billing Dispute,Medium,Frustrated,Solved,Murphys,California,Internet,2026-05-23 23:36:14
TC-315456,Customer_315456,subscriber_315456@telecom-domain.com,Comcast service,"Subscriber report regarding Comcast service. Filing Channel: Internet. Location: Murray, Utah. Current Resolution Status: Open.",Service Request,Medium,Frustrated,Open,Murray,Utah,Internet,2026-06-09 06:12:14
TC-299334,Customer_299334,subscriber_299334@telecom-domain.com,Comcast Data Overage Charges,"Subscriber report regarding Comcast Data Overage Charges. Filing Channel: Internet. Location: Muscle Shoals, Alabama. Current Resolution Status: Open.",Data / Usage Issue,Medium,Negative,Open,Muscle Shoals,Alabama,Internet,2026-08-14 11:44:14
TC-244072,Customer_244072,subscriber_244072@telecom-domain.com,Dishonest Billing Practices,"Subscriber report regarding Dishonest Billing Practices. Filing Channel: Customer Care Call. Location: Muskegon, Michigan. Current Resolution Status: Solved.",Billing Dispute,Medium,Frustrated,Solved,Muskegon,Michigan,Customer Care Call,2026-06-29 00:07:14
TC-260444,Customer_260444,subscriber_260444@telecom-domain.com,Dishonest Billing Practices and Lying,"Subscriber report regarding Dishonest Billing Practices and Lying. Filing Channel: Customer Care Call. Location: Muskegon, Michigan. Current Resolution Status: Solved.",Billing Dispute,Medium,Frustrated,Solved,Muskegon,Michigan,Customer Care Call,2026-05-22 04:18:14
TC-338510,Customer_338510,subscriber_338510@telecom-domain.com,Comcast,"Subscriber report regarding Comcast. Filing Channel: Internet. Location: Muskegon, Michigan. Current Resolution Status: Solved.",Service Request,Medium,Frustrated,Solved,Muskegon,Michigan,Internet,2026-03-13 18:24:14
TC-364033,Customer_364033,subscriber_364033@telecom-domain.com,comcast lowering internet speeds on constant basis,"Subscriber report regarding comcast lowering internet speeds on constant basis. Filing Channel: Customer Care Call. Location: Muskegon, Michigan. Current Resolution Status: Solved.",Broadband Performance,Medium,Frustrated,Solved,Muskegon,Michigan,Customer Care Call,2026-07-18 08:35:14
TC-352201,Customer_352201,subscriber_352201@telecom-domain.com,Comcast lies to the customer just to get them off the phone,"Subscriber report regarding Comcast lies to the customer just to get them off the phone. Filing Channel: Internet. Location: My. Juliet, Tennessee. Current Resolution Status: Solved.",Call Drops,Medium,Frustrated,Solved,My. Juliet,Tennessee,Internet,2026-08-18 23:11:14
TC-363200,Customer_363200,subscriber_363200@telecom-domain.com,Internet,"Subscriber report regarding Internet. Filing Channel: Customer Care Call. Location: Nanticoke, Pennsylvania. Current Resolution Status: Solved.",Service Request,Medium,Frustrated,Solved,Nanticoke,Pennsylvania,Customer Care Call,2026-06-27 20:39:14
TC-253407,Customer_253407,subscriber_253407@telecom-domain.com,No package/pricing information from Comcast for San Francisco,"Subscriber report regarding No package/pricing information from Comcast for San Francisco. Filing Channel: Internet. Location: Napa, California. Current Resolution Status: Solved.",Billing Dispute,Medium,Frustrated,Solved,Napa,California,Internet,2026-03-03 03:57:14
TC-218000,Customer_218000,subscriber_218000@telecom-domain.com,Fraudulent charges and poor or no service,"Subscriber report regarding Fraudulent charges and poor or no service. Filing Channel: Internet. Location: Naperville, Illinois. Current Resolution Status: Solved.",Billing Dispute,High,Angry,Solved,Naperville,Illinois,Internet,2026-08-07 06:12:14
TC-342174,Customer_342174,subscriber_342174@telecom-domain.com,Speed for internet nowhere close to claims,"Subscriber report regarding Speed for internet nowhere close to claims. Filing Channel: Internet. Location: Naperville, Illinois. Current Resolution Status: Solved.",Broadband Performance,Medium,Frustrated,Solved,Naperville,Illinois,Internet,2026-07-25 00:37:14
TC-224670,Customer_224670,subscriber_224670@telecom-domain.com,Comcast took my account info,"Subscriber report regarding Comcast took my account info. Filing Channel: Internet. Location: Naples, Florida. Current Resolution Status: Solved.",Service Request,Medium,Frustrated,Solved,Naples,Florida,Internet,2026-02-23 17:08:14
TC-227819,Customer_227819,subscriber_227819@telecom-domain.com,"Over Billing, No reason code for excess billing, fraud - IMO","Subscriber report regarding Over Billing, No reason code for excess billing, fraud - IMO. Filing Channel: Internet. Location: Naples, Florida. Current Resolution Status: Solved.",Billing Dispute,High,Angry,Solved,Naples,Florida,Internet,2026-04-02 14:58:14
TC-234527,Customer_234527,subscriber_234527@telecom-domain.com,Unreliable Internet Service,"Subscriber report regarding Unreliable Internet Service. Filing Channel: Internet. Location: Naples, Florida. Current Resolution Status: Solved.",Service Request,Medium,Frustrated,Solved,Naples,Florida,Internet,2026-07-27 11:59:14
TC-223053,Customer_223053,subscriber_223053@telecom-domain.com,Comcast caught in 3 lies,"Subscriber report regarding Comcast caught in 3 lies. Filing Channel: Internet. Location: Naples, Florida. Current Resolution Status: Solved.",Service Request,Medium,Frustrated,Solved,Naples,Florida,Internet,2026-05-04 21:20:14
TC-257986,Customer_257986,subscriber_257986@telecom-domain.com,no bill,"Subscriber report regarding no bill. Filing Channel: Customer Care Call. Location: Naples, Florida. Current Resolution Status: Solved.",Billing Dispute,Medium,Frustrated,Solved,Naples,Florida,Customer Care Call,2026-03-09 08:02:14
TC-309173,Customer_309173,subscriber_309173@telecom-domain.com,BAIT and SWITCH Product Offerings for Internet BLAST Service,"Subscriber report regarding BAIT and SWITCH Product Offerings for Internet BLAST Service. Filing Channel: Customer Care Call. Location: Naples, Florida. Current Resolution Status: Solved.",Service Request,Medium,Frustrated,Solved,Naples,Florida,Customer Care Call,2026-06-30 03:33:14
TC-324913,Customer_324913,subscriber_324913@telecom-domain.com,Comcast Charges Modem Rental But Modem was Returned 3 Years Ago,"Subscriber report regarding Comcast Charges Modem Rental But Modem was Returned 3 Years Ago. Filing Channel: Internet. Location: Naples, Florida. Current Resolution Status: Solved.",Billing Dispute,High,Negative,Solved,Naples,Florida,Internet,2026-04-23 04:11:14
TC-334798,Customer_334798,subscriber_334798@telecom-domain.com,Comcast internet,"Subscriber report regarding Comcast internet. Filing Channel: Internet. Location: Naples, Florida. Current Resolution Status: Solved.",Service Request,Medium,Frustrated,Solved,Naples,Florida,Internet,2026-08-14 00:14:14
TC-349460,Customer_349460,subscriber_349460@telecom-domain.com,Comcast Bundle Availability Complaint,"Subscriber report regarding Comcast Bundle Availability Complaint. Filing Channel: Customer Care Call. Location: Naples, Florida. Current Resolution Status: Open.",Service Request,Medium,Frustrated,Open,Naples,Florida,Customer Care Call,2026-04-10 08:46:14
TC-217806,Customer_217806,subscriber_217806@telecom-domain.com,comcast connection issues,"Subscriber report regarding comcast connection issues. Filing Channel: Internet. Location: Nashville, Tennessee. Current Resolution Status: Solved.",Service Request,Medium,Negative,Solved,Nashville,Tennessee,Internet,2026-03-29 12:44:14
TC-224049,Customer_224049,subscriber_224049@telecom-domain.com,Unauthorized change in charges,"Subscriber report regarding Unauthorized change in charges. Filing Channel: Internet. Location: Nashville, Tennessee. Current Resolution Status: Solved.",Billing Dispute,High,Negative,Solved,Nashville,Tennessee,Internet,2026-06-09 22:43:14
TC-237368,Customer_237368,subscriber_237368@telecom-domain.com,availabilty,"Subscriber report regarding availabilty. Filing Channel: Internet. Location: Nashville, Tennessee. Current Resolution Status: Solved.",Service Request,Medium,Frustrated,Solved,Nashville,Tennessee,Internet,2026-07-22 00:40:14
TC-243615,Customer_243615,subscriber_243615@telecom-domain.com,data allowance,"Subscriber report regarding data allowance. Filing Channel: Customer Care Call. Location: Nashville, Tennessee. Current Resolution Status: Solved.",Service Request,Medium,Frustrated,Solved,Nashville,Tennessee,Customer Care Call,2026-04-08 11:08:14
TC-273991,Customer_273991,subscriber_273991@telecom-domain.com,Comcast Billing Issues,"Subscriber report regarding Comcast Billing Issues. Filing Channel: Customer Care Call. Location: Nashville, Tennessee. Current Resolution Status: Solved.",Billing Dispute,High,Negative,Solved,Nashville,Tennessee,Customer Care Call,2026-07-04 05:26:14
TC-293999,Customer_293999,subscriber_293999@telecom-domain.com,Comcast Data Usage - Deceptive Practice,"Subscriber report regarding Comcast Data Usage - Deceptive Practice. Filing Channel: Customer Care Call. Location: Nashville, Tennessee. Current Resolution Status: Solved.",Data / Usage Issue,Medium,Frustrated,Solved,Nashville,Tennessee,Customer Care Call,2026-05-28 07:58:14
TC-294329,Customer_294329,subscriber_294329@telecom-domain.com,Comcast's Data Cap,"Subscriber report regarding Comcast's Data Cap. Filing Channel: Internet. Location: Nashville, Tennessee. Current Resolution Status: Pending.",Data / Usage Issue,Medium,Frustrated,Pending,Nashville,Tennessee,Internet,2026-08-02 14:03:14
TC-306848,Customer_306848,subscriber_306848@telecom-domain.com,"Comcast is limiting my access to data by using ""Data Caps""","Subscriber report regarding Comcast is limiting my access to data by using ""Data Caps"". Filing Channel: Internet. Location: Nashville, Tennessee. Current Resolution Status: Solved.",Data / Usage Issue,Medium,Negative,Solved,Nashville,Tennessee,Internet,2026-06-15 22:49:14
TC-325552,Customer_325552,subscriber_325552@telecom-domain.com,Comcast attempting to circumvent net Neutrality policies,"Subscriber report regarding Comcast attempting to circumvent net Neutrality policies. Filing Channel: Customer Care Call. Location: Nashville, Tennessee. Current Resolution Status: Solved.",Service Request,Medium,Frustrated,Solved,Nashville,Tennessee,Customer Care Call,2026-02-25 22:39:14
TC-337027,Customer_337027,subscriber_337027@telecom-domain.com,Comcast data cap,"Subscriber report regarding Comcast data cap. Filing Channel: Customer Care Call. Location: Nashville, Tennessee. Current Resolution Status: Solved.",Data / Usage Issue,Medium,Frustrated,Solved,Nashville,Tennessee,Customer Care Call,2026-08-05 03:24:14
TC-341949,Customer_341949,subscriber_341949@telecom-domain.com,Comcast Downgraded service with no notification,"Subscriber report regarding Comcast Downgraded service with no notification. Filing Channel: Customer Care Call. Location: Nashville, Tennessee. Current Resolution Status: Solved.",Service Outage,High,Angry,Solved,Nashville,Tennessee,Customer Care Call,2026-06-20 17:41:14
TC-345677,Customer_345677,subscriber_345677@telecom-domain.com,Comcast Internet,"Subscriber report regarding Comcast Internet. Filing Channel: Customer Care Call. Location: Nashville, Tennessee. Current Resolution Status: Open.",Service Request,Medium,Frustrated,Open,Nashville,Tennessee,Customer Care Call,2026-08-09 17:56:14
TC-347734,Customer_347734,subscriber_347734@telecom-domain.com,Comcast data caps in currently uncompetitive Nashville market,"Subscriber report regarding Comcast data caps in currently uncompetitive Nashville market. Filing Channel: Customer Care Call. Location: Nashville, Tennessee. Current Resolution Status: Open.",Data / Usage Issue,Medium,Negative,Open,Nashville,Tennessee,Customer Care Call,2026-07-27 17:44:14
TC-355447,Customer_355447,subscriber_355447@telecom-domain.com,Comcast- not responsive to multiple requests for service,"Subscriber report regarding Comcast- not responsive to multiple requests for service. Filing Channel: Customer Care Call. Location: Nashville, Tennessee. Current Resolution Status: Solved.",Service Request,Medium,Frustrated,Solved,Nashville,Tennessee,Customer Care Call,2026-03-05 23:50:14
TC-360239,Customer_360239,subscriber_360239@telecom-domain.com,Comcast is stealing from me,"Subscriber report regarding Comcast is stealing from me. Filing Channel: Customer Care Call. Location: Nashville, Tennessee. Current Resolution Status: Solved.",Service Request,Medium,Frustrated,Solved,Nashville,Tennessee,Customer Care Call,2026-06-10 23:43:14
TC-358345,Customer_358345,subscriber_358345@telecom-domain.com,Comcast horrible service,"Subscriber report regarding Comcast horrible service. Filing Channel: Internet. Location: Nashville, Tennessee. Current Resolution Status: Solved.",Service Request,High,Angry,Solved,Nashville,Tennessee,Internet,2026-07-29 11:26:14
TC-363629,Customer_363629,subscriber_363629@telecom-domain.com,Intermittent drops of service,"Subscriber report regarding Intermittent drops of service. Filing Channel: Customer Care Call. Location: Nashville, Tennessee. Current Resolution Status: Open.",Service Request,Medium,Frustrated,Open,Nashville,Tennessee,Customer Care Call,2026-05-01 19:19:14
TC-360837,Customer_360837,subscriber_360837@telecom-domain.com,Overage charges,"Subscriber report regarding Overage charges. Filing Channel: Internet. Location: Nashville, Tennessee. Current Resolution Status: Solved.",Data / Usage Issue,Medium,Negative,Solved,Nashville,Tennessee,Internet,2026-06-15 19:18:14
TC-362276,Customer_362276,subscriber_362276@telecom-domain.com,Comcast refund,"Subscriber report regarding Comcast refund. Filing Channel: Internet. Location: Nashville, Tennessee. Current Resolution Status: Solved.",Billing Dispute,Medium,Frustrated,Solved,Nashville,Tennessee,Internet,2026-07-27 15:12:14
TC-362982,Customer_362982,subscriber_362982@telecom-domain.com,Comcast Speeds Not as Advertised,"Subscriber report regarding Comcast Speeds Not as Advertised. Filing Channel: Customer Care Call. Location: Nashville, Tennessee. Current Resolution Status: Open.",Broadband Performance,Medium,Frustrated,Open,Nashville,Tennessee,Customer Care Call,2026-07-20 06:17:14
TC-368055,Customer_368055,subscriber_368055@telecom-domain.com,comcast data cap,"Subscriber report regarding comcast data cap. Filing Channel: Customer Care Call. Location: Nashville, Tennessee. Current Resolution Status: Pending.",Data / Usage Issue,Medium,Frustrated,Pending,Nashville,Tennessee,Customer Care Call,2026-07-24 15:59:14
TC-376303,Customer_376303,subscriber_376303@telecom-domain.com,Comcast Internet,"Subscriber report regarding Comcast Internet. Filing Channel: Customer Care Call. Location: Nashville, Tennessee. Current Resolution Status: Open.",Service Request,Medium,Frustrated,Open,Nashville,Tennessee,Customer Care Call,2026-03-20 16:09:14
TC-293734,Customer_293734,subscriber_293734@telecom-domain.com,Lost Internet Service,"Subscriber report regarding Lost Internet Service. Filing Channel: Internet. Location: Naugatuck, Connecticut. Current Resolution Status: Open.",Service Request,Medium,Frustrated,Open,Naugatuck,Connecticut,Internet,2026-04-06 22:11:14
TC-245435,Customer_245435,subscriber_245435@telecom-domain.com,Low wifi,"Subscriber report regarding Low wifi. Filing Channel: Internet. Location: New Bedford, Massachusetts. Current Resolution Status: Solved.",Network Connectivity,Medium,Frustrated,Solved,New Bedford,Massachusetts,Internet,2026-07-17 01:38:14
TC-289153,Customer_289153,subscriber_289153@telecom-domain.com,Issue with Internet speed,"Subscriber report regarding Issue with Internet speed. Filing Channel: Customer Care Call. Location: New Bedford, Massachusetts. Current Resolution Status: Solved.",Broadband Performance,Medium,Negative,Solved,New Bedford,Massachusetts,Customer Care Call,2026-07-02 07:18:14
TC-337555,Customer_337555,subscriber_337555@telecom-domain.com,Comcast Internet Complaint,"Subscriber report regarding Comcast Internet Complaint. Filing Channel: Customer Care Call. Location: New Bedford, Massachusetts. Current Resolution Status: Open.",Service Request,Medium,Frustrated,Open,New Bedford,Massachusetts,Customer Care Call,2026-06-03 03:14:14
TC-257189,Customer_257189,subscriber_257189@telecom-domain.com,internet problems,"Subscriber report regarding internet problems. Filing Channel: Internet. Location: New Buffalo, Michigan. Current Resolution Status: Solved.",Service Request,Medium,Negative,Solved,New Buffalo,Michigan,Internet,2026-06-19 15:07:14
TC-256792,Customer_256792,subscriber_256792@telecom-domain.com,Comcast service problems for months; charging without fixng the issue,"Subscriber report regarding Comcast service problems for months; charging without fixng the issue. Filing Channel: Internet. Location: New Haven, Connecticut. Current Resolution Status: Solved.",Service Request,Medium,Negative,Solved,New Haven,Connecticut,Internet,2026-08-12 20:17:14
TC-352910,Customer_352910,subscriber_352910@telecom-domain.com,Horrible customer service; could not help me - lied to by supervisor,"Subscriber report regarding Horrible customer service; could not help me - lied to by supervisor. Filing Channel: Customer Care Call. Location: New Haven, Connecticut. Current Resolution Status: Solved.",Customer Service,High,Angry,Solved,New Haven,Connecticut,Customer Care Call,2026-08-05 02:40:14
TC-352186,Customer_352186,subscriber_352186@telecom-domain.com,Comcast false advertising,"Subscriber report regarding Comcast false advertising. Filing Channel: Internet. Location: New Hudson, Michigan. Current Resolution Status: Solved.",Service Request,Medium,Frustrated,Solved,New Hudson,Michigan,Internet,2026-07-28 22:26:14
TC-260134,Customer_260134,subscriber_260134@telecom-domain.com,Comcast Business internet,"Subscriber report regarding Comcast Business internet. Filing Channel: Customer Care Call. Location: New Palestine, Indiana. Current Resolution Status: Solved.",Service Request,Medium,Frustrated,Solved,New Palestine,Indiana,Customer Care Call,2026-07-07 00:26:14
TC-212228,Customer_212228,subscriber_212228@telecom-domain.com,Comcast Lied About Pricing And Installation,"Subscriber report regarding Comcast Lied About Pricing And Installation. Filing Channel: Customer Care Call. Location: Newark, California. Current Resolution Status: Solved.",Billing Dispute,Medium,Frustrated,Solved,Newark,California,Customer Care Call,2026-03-01 00:13:14
TC-358644,Customer_358644,subscriber_358644@telecom-domain.com,Comcast- Unfair Pricing Tactics,"Subscriber report regarding Comcast- Unfair Pricing Tactics. Filing Channel: Internet. Location: Newark, California. Current Resolution Status: Solved.",Billing Dispute,Medium,Frustrated,Solved,Newark,California,Internet,2026-04-24 12:12:14
TC-337000,Customer_337000,subscriber_337000@telecom-domain.com,overcharges,"Subscriber report regarding overcharges. Filing Channel: Internet. Location: Newark, Delaware. Current Resolution Status: Solved.",Billing Dispute,High,Negative,Solved,Newark,Delaware,Internet,2026-03-27 05:51:14
TC-360928,Customer_360928,subscriber_360928@telecom-domain.com,Comcast is a monopoly,"Subscriber report regarding Comcast is a monopoly. Filing Channel: Internet. Location: Newburyport, Massachusetts. Current Resolution Status: Solved.",Service Request,Medium,Frustrated,Solved,Newburyport,Massachusetts,Internet,2026-04-13 18:29:14
TC-267727,Customer_267727,subscriber_267727@telecom-domain.com,Comcast is cheating me,"Subscriber report regarding Comcast is cheating me. Filing Channel: Internet. Location: Newcastle, Washington. Current Resolution Status: Solved.",Service Request,Medium,Frustrated,Solved,Newcastle,Washington,Internet,2026-03-15 02:40:14
TC-212595,Customer_212595,subscriber_212595@telecom-domain.com,overcharged,"Subscriber report regarding overcharged. Filing Channel: Internet. Location: Newman, California. Current Resolution Status: Solved.",Billing Dispute,High,Negative,Solved,Newman,California,Internet,2026-03-27 09:51:14
TC-218108,Customer_218108,subscriber_218108@telecom-domain.com,Comcast Business Phone/Internet Contract Disagreement,"Subscriber report regarding Comcast Business Phone/Internet Contract Disagreement. Filing Channel: Internet. Location: Newnan, Georgia. Current Resolution Status: Solved.",Call Drops,Medium,Frustrated,Solved,Newnan,Georgia,Internet,2026-02-28 10:11:14
TC-234888,Customer_234888,subscriber_234888@telecom-domain.com,Unable to cancel comcast service,"Subscriber report regarding Unable to cancel comcast service. Filing Channel: Customer Care Call. Location: Newtown, Pennsylvania. Current Resolution Status: Solved.",Cancellation,Medium,Frustrated,Solved,Newtown,Pennsylvania,Customer Care Call,2026-08-15 13:29:14
TC-353376,Customer_353376,subscriber_353376@telecom-domain.com,Misleading information regarding contract leads to $200 unresolved early term fee,"Subscriber report regarding Misleading information regarding contract leads to $200 unresolved early term fee. Filing Channel: Internet. Location: Nicholls, Georgia. Current Resolution Status: Solved.",Billing Dispute,Medium,Frustrated,Solved,Nicholls,Georgia,Internet,2026-07-22 00:11:14
TC-337050,Customer_337050,subscriber_337050@telecom-domain.com,Comcast Issues,"Subscriber report regarding Comcast Issues. Filing Channel: Internet. Location: Noblesville, Indiana. Current Resolution Status: Solved.",Service Request,Medium,Negative,Solved,Noblesville,Indiana,Internet,2026-04-19 12:20:14
TC-340657,Customer_340657,subscriber_340657@telecom-domain.com,Internet Down,"Subscriber report regarding Internet Down. Filing Channel: Internet. Location: Norcross, Georgia. Current Resolution Status: Solved.",Service Outage,High,Angry,Solved,Norcross,Georgia,Internet,2026-04-09 16:44:14
TC-375155,Customer_375155,subscriber_375155@telecom-domain.com,Comcast Failure of Service,"Subscriber report regarding Comcast Failure of Service. Filing Channel: Internet. Location: Norcross, Georgia. Current Resolution Status: Open.",Service Request,Medium,Negative,Open,Norcross,Georgia,Internet,2026-07-12 21:24:14
TC-370502,Customer_370502,subscriber_370502@telecom-domain.com,Comcast Throttling my Internet Connection,"Subscriber report regarding Comcast Throttling my Internet Connection. Filing Channel: Customer Care Call. Location: Norristown, Pennsylvania. Current Resolution Status: Pending.",Broadband Performance,Medium,Frustrated,Pending,Norristown,Pennsylvania,Customer Care Call,2026-04-29 09:56:14
TC-250239,Customer_250239,subscriber_250239@telecom-domain.com,billing/service issues,"Subscriber report regarding billing/service issues. Filing Channel: Customer Care Call. Location: North Augusta, South Carolina. Current Resolution Status: Solved.",Billing Dispute,High,Negative,Solved,North Augusta,South Carolina,Customer Care Call,2026-07-31 14:15:14
TC-370575,Customer_370575,subscriber_370575@telecom-domain.com,10 Days No Service - 12 Appointments Comcast Hasn't Shown Up - Comcast Has Not Fixed Home Infinity X1 - In 10 Days- Cannot Make 911 Calls,"Subscriber report regarding 10 Days No Service - 12 Appointments Comcast Hasn't Shown Up - Comcast Has Not Fixed Home Infinity X1 - In 10 Days- Cannot Make 911 Calls. Filing Channel: Customer Care Call. Location: North Charleston, South Carolina. Current Resolution Status: Open.",Service Outage,Medium,Frustrated,Open,North Charleston,South Carolina,Customer Care Call,2026-04-21 19:14:14
TC-329597,Customer_329597,subscriber_329597@telecom-domain.com,Internet Outages,"Subscriber report regarding Internet Outages. Filing Channel: Customer Care Call. Location: North Dartmouth, Massachusetts. Current Resolution Status: Solved.",Service Outage,High,Angry,Solved,North Dartmouth,Massachusetts,Customer Care Call,2026-03-05 17:53:14
TC-270762,Customer_270762,subscriber_270762@telecom-domain.com,High Speed Internet Awful,"Subscriber report regarding High Speed Internet Awful. Filing Channel: Customer Care Call. Location: North Dinwiddie, Virginia. Current Resolution Status: Solved.",Broadband Performance,Medium,Frustrated,Solved,North Dinwiddie,Virginia,Customer Care Call,2026-03-21 23:44:14
TC-313043,Customer_313043,subscriber_313043@telecom-domain.com,"rude, nasty, customer service behavior, and a three year failure to deliver the business Internet services paid for","Subscriber report regarding rude, nasty, customer service behavior, and a three year failure to deliver the business Internet services paid for. Filing Channel: Internet. Location: North Fort Myers, Florida. Current Resolution Status: Open.",Customer Service,Medium,Negative,Open,North Fort Myers,Florida,Internet,2026-03-29 03:47:14
TC-358157,Customer_358157,subscriber_358157@telecom-domain.com,comcast failing still,"Subscriber report regarding comcast failing still. Filing Channel: Internet. Location: North Fort Myers, Florida. Current Resolution Status: Solved.",Service Request,Medium,Negative,Solved,North Fort Myers,Florida,Internet,2026-05-25 09:06:14
TC-369686,Customer_369686,subscriber_369686@telecom-domain.com,The WORST customer service team and negative outlook on customers!!!,"Subscriber report regarding The WORST customer service team and negative outlook on customers!!!. Filing Channel: Internet. Location: North Fort Myers, Florida. Current Resolution Status: Solved.",Customer Service,High,Angry,Solved,North Fort Myers,Florida,Internet,2026-05-18 12:14:14
TC-211478,Customer_211478,subscriber_211478@telecom-domain.com,Comcast,"Subscriber report regarding Comcast. Filing Channel: Internet. Location: North Huntingdon, Pennsylvania. Current Resolution Status: Solved.",Service Request,Medium,Frustrated,Solved,North Huntingdon,Pennsylvania,Internet,2026-08-07 20:48:14
TC-337767,Customer_337767,subscriber_337767@telecom-domain.com,Comcast/Xfinity,"Subscriber report regarding Comcast/Xfinity. Filing Channel: Internet. Location: North Little Rock, Arkansas. Current Resolution Status: Solved.",Service Request,Medium,Frustrated,Solved,North Little Rock,Arkansas,Internet,2026-06-29 01:29:14
TC-305998,Customer_305998,subscriber_305998@telecom-domain.com,Internet problems,"Subscriber report regarding Internet problems. Filing Channel: Customer Care Call. Location: North Miami, Florida. Current Resolution Status: Solved.",Service Request,Medium,Negative,Solved,North Miami,Florida,Customer Care Call,2026-07-14 02:57:14
TC-224074,Customer_224074,subscriber_224074@telecom-domain.com,Improper billing,"Subscriber report regarding Improper billing. Filing Channel: Internet. Location: North Miami Beach, Florida. Current Resolution Status: Solved.",Billing Dispute,Medium,Frustrated,Solved,North Miami Beach,Florida,Internet,2026-02-22 11:02:14
TC-373161,Customer_373161,subscriber_373161@telecom-domain.com,Internet being slowed.,"Subscriber report regarding Internet being slowed.. Filing Channel: Internet. Location: North Miami Beach, Florida. Current Resolution Status: Pending.",Broadband Performance,Medium,Negative,Pending,North Miami Beach,Florida,Internet,2026-05-12 13:04:14
TC-309939,Customer_309939,subscriber_309939@telecom-domain.com,Spotty service Business class internet,"Subscriber report regarding Spotty service Business class internet. Filing Channel: Internet. Location: North Miami Beach Fl, Florida. Current Resolution Status: Solved.",Service Request,Medium,Frustrated,Solved,North Miami Beach Fl,Florida,Internet,2026-04-23 22:52:14
TC-295439,Customer_295439,subscriber_295439@telecom-domain.com,Bundled cable and internet,"Subscriber report regarding Bundled cable and internet. Filing Channel: Internet. Location: North Port, Florida. Current Resolution Status: Solved.",Service Request,Medium,Frustrated,Solved,North Port,Florida,Internet,2026-03-06 08:10:14
TC-228818,Customer_228818,subscriber_228818@telecom-domain.com,Comcast Dishonest Marketing Scheme,"Subscriber report regarding Comcast Dishonest Marketing Scheme. Filing Channel: Internet. Location: North Wales, Pennsylvania. Current Resolution Status: Solved.",Service Request,Medium,Frustrated,Solved,North Wales,Pennsylvania,Internet,2026-03-09 13:28:14
TC-334975,Customer_334975,subscriber_334975@telecom-domain.com,"Sold one service, received another","Subscriber report regarding Sold one service, received another. Filing Channel: Customer Care Call. Location: Northport, Alabama. Current Resolution Status: Solved.",Service Request,Medium,Frustrated,Solved,Northport,Alabama,Customer Care Call,2026-04-13 13:08:14
TC-365088,Customer_365088,subscriber_365088@telecom-domain.com,Internet Speed,"Subscriber report regarding Internet Speed. Filing Channel: Internet. Location: Northville, Michigan. Current Resolution Status: Pending.",Broadband Performance,Medium,Frustrated,Pending,Northville,Michigan,Internet,2026-06-09 02:51:14
TC-226989,Customer_226989,subscriber_226989@telecom-domain.com,Home Shopping Network Emails,"Subscriber report regarding Home Shopping Network Emails. Filing Channel: Customer Care Call. Location: Norton, Massachusetts. Current Resolution Status: Solved.",Network Connectivity,Medium,Frustrated,Solved,Norton,Massachusetts,Customer Care Call,2026-05-03 09:22:14
TC-231122,Customer_231122,subscriber_231122@telecom-domain.com,comcast,"Subscriber report regarding comcast. Filing Channel: Customer Care Call. Location: Nottingham, Maryland. Current Resolution Status: Solved.",Service Request,Medium,Frustrated,Solved,Nottingham,Maryland,Customer Care Call,2026-05-01 18:35:14
TC-360296,Customer_360296,subscriber_360296@telecom-domain.com,Internet speed,"Subscriber report regarding Internet speed. Filing Channel: Internet. Location: Novato, California. Current Resolution Status: Open.",Broadband Performance,Medium,Frustrated,Open,Novato,California,Internet,2026-05-14 17:51:14
TC-281553,Customer_281553,subscriber_281553@telecom-domain.com,Comcast Charging Too Much and Internet Speed Lower than Ordered,"Subscriber report regarding Comcast Charging Too Much and Internet Speed Lower than Ordered. Filing Channel: Internet. Location: Oak Park, Illinois. Current Resolution Status: Solved.",Broadband Performance,Medium,Frustrated,Solved,Oak Park,Illinois,Internet,2026-03-02 06:05:14
TC-305260,Customer_305260,subscriber_305260@telecom-domain.com,Ask Comcast to fix internet connection of my home,"Subscriber report regarding Ask Comcast to fix internet connection of my home. Filing Channel: Customer Care Call. Location: Oak Park, Illinois. Current Resolution Status: Open.",Service Request,Medium,Frustrated,Open,Oak Park,Illinois,Customer Care Call,2026-03-20 22:21:14
TC-307912,Customer_307912,subscriber_307912@telecom-domain.com,Comcast scam,"Subscriber report regarding Comcast scam. Filing Channel: Internet. Location: Oak Park, Illinois. Current Resolution Status: Solved.",Service Request,High,Angry,Solved,Oak Park,Illinois,Internet,2026-05-20 02:08:14
TC-316495,Customer_316495,subscriber_316495@telecom-domain.com,Comcast service and billing issue,"Subscriber report regarding Comcast service and billing issue. Filing Channel: Internet. Location: Oak Park, Illinois. Current Resolution Status: Solved.",Billing Dispute,High,Negative,Solved,Oak Park,Illinois,Internet,2026-05-25 04:50:14
TC-363554,Customer_363554,subscriber_363554@telecom-domain.com,Speed throttling,"Subscriber report regarding Speed throttling. Filing Channel: Customer Care Call. Location: Oak Park, Illinois. Current Resolution Status: Open.",Broadband Performance,Medium,Frustrated,Open,Oak Park,Illinois,Customer Care Call,2026-02-23 18:56:14
TC-361503,Customer_361503,subscriber_361503@telecom-domain.com,bill to damn high,"Subscriber report regarding bill to damn high. Filing Channel: Internet. Location: Oak Park, Michigan. Current Resolution Status: Solved.",Billing Dispute,Medium,Frustrated,Solved,Oak Park,Michigan,Internet,2026-03-31 04:05:14
TC-257680,Customer_257680,subscriber_257680@telecom-domain.com,Comcast data usage cap,"Subscriber report regarding Comcast data usage cap. Filing Channel: Customer Care Call. Location: Oak Ridge, Tennessee. Current Resolution Status: Solved.",Data / Usage Issue,Medium,Frustrated,Solved,Oak Ridge,Tennessee,Customer Care Call,2026-04-29 22:47:14
TC-363533,Customer_363533,subscriber_363533@telecom-domain.com,Comcast - Internet Data Cap,"Subscriber report regarding Comcast - Internet Data Cap. Filing Channel: Internet. Location: Oak Ridge, Tennessee. Current Resolution Status: Solved.",Data / Usage Issue,Medium,Frustrated,Solved,Oak Ridge,Tennessee,Internet,2026-08-17 03:07:14
TC-225624,Customer_225624,subscriber_225624@telecom-domain.com,Comcast Service and Billing Issues,"Subscriber report regarding Comcast Service and Billing Issues. Filing Channel: Internet. Location: Oakland, California. Current Resolution Status: Solved.",Billing Dispute,High,Negative,Solved,Oakland,California,Internet,2026-03-26 04:13:14
TC-308616,Customer_308616,subscriber_308616@telecom-domain.com,Illegal Charges from Comcast,"Subscriber report regarding Illegal Charges from Comcast. Filing Channel: Customer Care Call. Location: Oakland, California. Current Resolution Status: Solved.",Billing Dispute,High,Angry,Solved,Oakland,California,Customer Care Call,2026-03-02 19:34:14
TC-326074,Customer_326074,subscriber_326074@telecom-domain.com,Comcast,"Subscriber report regarding Comcast. Filing Channel: Internet. Location: Oakland, California. Current Resolution Status: Solved.",Service Request,Medium,Frustrated,Solved,Oakland,California,Internet,2026-04-02 01:52:14
TC-337953,Customer_337953,subscriber_337953@telecom-domain.com,"Inconsistent, low speeds that are overpriced","Subscriber report regarding Inconsistent, low speeds that are overpriced. Filing Channel: Internet. Location: Oakland, California. Current Resolution Status: Solved.",Billing Dispute,Medium,Frustrated,Solved,Oakland,California,Internet,2026-04-09 22:34:14
TC-338270,Customer_338270,subscriber_338270@telecom-domain.com,Bad Customer Service,"Subscriber report regarding Bad Customer Service. Filing Channel: Customer Care Call. Location: Oakland, California. Current Resolution Status: Solved.",Customer Service,Medium,Frustrated,Solved,Oakland,California,Customer Care Call,2026-03-28 09:05:14
TC-339206,Customer_339206,subscriber_339206@telecom-domain.com,Unable to cancel poor internet service,"Subscriber report regarding Unable to cancel poor internet service. Filing Channel: Internet. Location: Oakland, California. Current Resolution Status: Solved.",Cancellation,Medium,Frustrated,Solved,Oakland,California,Internet,2026-07-11 21:30:14
TC-339936,Customer_339936,subscriber_339936@telecom-domain.com,microsoft is limiting service,"Subscriber report regarding microsoft is limiting service. Filing Channel: Customer Care Call. Location: Oakland, California. Current Resolution Status: Solved.",Service Request,Medium,Frustrated,Solved,Oakland,California,Customer Care Call,2026-08-04 22:20:14
TC-344269,Customer_344269,subscriber_344269@telecom-domain.com,Unethical Behavior: Comcast Requesting Credit Check or Deposit,"Subscriber report regarding Unethical Behavior: Comcast Requesting Credit Check or Deposit. Filing Channel: Internet. Location: Oakland, California. Current Resolution Status: Solved.",Billing Dispute,Medium,Frustrated,Solved,Oakland,California,Internet,2026-07-26 13:56:14
TC-360338,Customer_360338,subscriber_360338@telecom-domain.com,Unfair bundles,"Subscriber report regarding Unfair bundles. Filing Channel: Customer Care Call. Location: Oakland, California. Current Resolution Status: Open.",Service Request,Medium,Frustrated,Open,Oakland,California,Customer Care Call,2026-05-20 05:51:14
TC-363044,Customer_363044,subscriber_363044@telecom-domain.com,comcast,"Subscriber report regarding comcast. Filing Channel: Customer Care Call. Location: Oakland, California. Current Resolution Status: Open.",Service Request,Medium,Frustrated,Open,Oakland,California,Customer Care Call,2026-08-01 06:49:14
TC-295447,Customer_295447,subscriber_295447@telecom-domain.com,Years of packet loss and downtime,"Subscriber report regarding Years of packet loss and downtime. Filing Channel: Internet. Location: Oakland Park, Florida. Current Resolution Status: Solved.",Service Outage,High,Angry,Solved,Oakland Park,Florida,Internet,2026-05-31 08:01:14
TC-365565,Customer_365565,subscriber_365565@telecom-domain.com,Comcast run around,"Subscriber report regarding Comcast run around. Filing Channel: Internet. Location: Oakland Park, Florida. Current Resolution Status: Solved.",Service Request,Medium,Frustrated,Solved,Oakland Park,Florida,Internet,2026-06-30 21:10:14
TC-222212,Customer_222212,subscriber_222212@telecom-domain.com,Comcast Cablevision Florida,"Subscriber report regarding Comcast Cablevision Florida. Filing Channel: Customer Care Call. Location: Ocala, Florida. Current Resolution Status: Solved.",Service Request,Medium,Frustrated,Solved,Ocala,Florida,Customer Care Call,2026-05-13 15:21:14
TC-319428,Customer_319428,subscriber_319428@telecom-domain.com,comcast,"Subscriber report regarding comcast. Filing Channel: Customer Care Call. Location: Ocala, Florida. Current Resolution Status: Solved.",Service Request,Medium,Frustrated,Solved,Ocala,Florida,Customer Care Call,2026-05-06 11:51:14
TC-305229,Customer_305229,subscriber_305229@telecom-domain.com,Poor Quality Service and Unauthorized Charges,"Subscriber report regarding Poor Quality Service and Unauthorized Charges. Filing Channel: Internet. Location: Ocean City, New Jersey. Current Resolution Status: Solved.",Billing Dispute,High,Negative,Solved,Ocean City,New Jersey,Internet,2026-07-17 23:44:14
TC-250828,Customer_250828,subscriber_250828@telecom-domain.com,Comcast/Xfinity cancellation fee,"Subscriber report regarding Comcast/Xfinity cancellation fee. Filing Channel: Internet. Location: Olathe, Kansas. Current Resolution Status: Solved.",Billing Dispute,Medium,Frustrated,Solved,Olathe,Kansas,Internet,2026-06-14 08:46:14
TC-360680,Customer_360680,subscriber_360680@telecom-domain.com,Comcast billing and speed.,"Subscriber report regarding Comcast billing and speed.. Filing Channel: Internet. Location: Olathe, Kansas. Current Resolution Status: Pending.",Billing Dispute,Medium,Frustrated,Pending,Olathe,Kansas,Internet,2026-06-03 10:19:14
TC-330392,Customer_330392,subscriber_330392@telecom-domain.com,Data Cap Overages,"Subscriber report regarding Data Cap Overages. Filing Channel: Customer Care Call. Location: Old Hickory, Tennessee. Current Resolution Status: Solved.",Data / Usage Issue,Medium,Frustrated,Solved,Old Hickory,Tennessee,Customer Care Call,2026-06-11 06:21:14
TC-224243,Customer_224243,subscriber_224243@telecom-domain.com,Comcast data caps are killing the internet,"Subscriber report regarding Comcast data caps are killing the internet. Filing Channel: Internet. Location: Olive Branch, Mississippi. Current Resolution Status: Solved.",Data / Usage Issue,Medium,Negative,Solved,Olive Branch,Mississippi,Internet,2026-06-24 20:16:14
TC-284592,Customer_284592,subscriber_284592@telecom-domain.com,Lied to by Comcast,"Subscriber report regarding Lied to by Comcast. Filing Channel: Internet. Location: Olive Branch, Mississippi. Current Resolution Status: Open.",Service Request,Medium,Frustrated,Open,Olive Branch,Mississippi,Internet,2026-03-16 14:29:14
TC-329737,Customer_329737,subscriber_329737@telecom-domain.com,Data Cap in Olive Branch MS with Comcast,"Subscriber report regarding Data Cap in Olive Branch MS with Comcast. Filing Channel: Customer Care Call. Location: Olive Branch, Mississippi. Current Resolution Status: Solved.",Data / Usage Issue,Medium,Frustrated,Solved,Olive Branch,Mississippi,Customer Care Call,2026-08-02 03:47:14
TC-367256,Customer_367256,subscriber_367256@telecom-domain.com,Data Cap,"Subscriber report regarding Data Cap. Filing Channel: Internet. Location: Olive Branch, Mississippi. Current Resolution Status: Solved.",Data / Usage Issue,Medium,Frustrated,Solved,Olive Branch,Mississippi,Internet,2026-04-28 15:34:14
TC-371075,Customer_371075,subscriber_371075@telecom-domain.com,Comcast Internet Data Cap Segregation,"Subscriber report regarding Comcast Internet Data Cap Segregation. Filing Channel: Internet. Location: Olive Branch, Mississippi. Current Resolution Status: Pending.",Data / Usage Issue,Medium,Frustrated,Pending,Olive Branch,Mississippi,Internet,2026-04-17 10:07:14
TC-224932,Customer_224932,subscriber_224932@telecom-domain.com,Inconsistent Internet Service,"Subscriber report regarding Inconsistent Internet Service. Filing Channel: Internet. Location: Olympia, Washington. Current Resolution Status: Solved.",Service Request,Medium,Frustrated,Solved,Olympia,Washington,Internet,2026-08-11 00:27:14
TC-224605,Customer_224605,subscriber_224605@telecom-domain.com,"Comcast - Fraudulent Billing Practices, Unwilling to resolve situation","Subscriber report regarding Comcast - Fraudulent Billing Practices, Unwilling to resolve situation. Filing Channel: Customer Care Call. Location: Olympia, Washington. Current Resolution Status: Solved.",Billing Dispute,High,Angry,Solved,Olympia,Washington,Customer Care Call,2026-05-31 13:53:14
TC-337209,Customer_337209,subscriber_337209@telecom-domain.com,Billing and slowing of internet,"Subscriber report regarding Billing and slowing of internet. Filing Channel: Internet. Location: Olympia, Washington. Current Resolution Status: Solved.",Billing Dispute,High,Negative,Solved,Olympia,Washington,Internet,2026-05-19 04:44:14
TC-350252,Customer_350252,subscriber_350252@telecom-domain.com,internet and tv problems.,"Subscriber report regarding internet and tv problems.. Filing Channel: Internet. Location: Olympia, Washington. Current Resolution Status: Solved.",Service Request,Medium,Negative,Solved,Olympia,Washington,Internet,2026-03-18 17:28:14
TC-350931,Customer_350931,subscriber_350931@telecom-domain.com,day 3 of Internet going down and disconnect support calls,"Subscriber report regarding day 3 of Internet going down and disconnect support calls. Filing Channel: Internet. Location: Olympia, Washington. Current Resolution Status: Solved.",Service Outage,High,Angry,Solved,Olympia,Washington,Internet,2026-07-28 03:12:14
TC-358592,Customer_358592,subscriber_358592@telecom-domain.com,Internet Service Billing,"Subscriber report regarding Internet Service Billing. Filing Channel: Internet. Location: Orange, Virginia. Current Resolution Status: Solved.",Billing Dispute,Medium,Frustrated,Solved,Orange,Virginia,Internet,2026-06-14 11:03:14
TC-363610,Customer_363610,subscriber_363610@telecom-domain.com,Forcing Customer to Pay an Incorrect Bill to get it Fixed,"Subscriber report regarding Forcing Customer to Pay an Incorrect Bill to get it Fixed. Filing Channel: Internet. Location: Orange Park, Florida. Current Resolution Status: Open.",Billing Dispute,Medium,Frustrated,Open,Orange Park,Florida,Internet,2026-03-06 07:47:14
TC-370168,Customer_370168,subscriber_370168@telecom-domain.com,Comcast Billing/Pricing Practices,"Subscriber report regarding Comcast Billing/Pricing Practices. Filing Channel: Internet. Location: Orange Park, Florida. Current Resolution Status: Open.",Billing Dispute,Medium,Frustrated,Open,Orange Park,Florida,Internet,2026-05-19 04:48:14
TC-272794,Customer_272794,subscriber_272794@telecom-domain.com,Comcast terrible service #2,"Subscriber report regarding Comcast terrible service #2. Filing Channel: Customer Care Call. Location: Orangevale, California. Current Resolution Status: Solved.",Service Request,High,Angry,Solved,Orangevale,California,Customer Care Call,2026-06-02 08:19:14
TC-217985,Customer_217985,subscriber_217985@telecom-domain.com,bait and switch services for monetary gain,"Subscriber report regarding bait and switch services for monetary gain. Filing Channel: Internet. Location: Orcutt, California. Current Resolution Status: Solved.",Service Request,Medium,Frustrated,Solved,Orcutt,California,Internet,2026-06-22 16:02:14
TC-357126,Customer_357126,subscriber_357126@telecom-domain.com,Comcast XFINITY Internet Performance,"Subscriber report regarding Comcast XFINITY Internet Performance. Filing Channel: Customer Care Call. Location: Oreland, Pennsylvania. Current Resolution Status: Open.",Service Request,Medium,Frustrated,Open,Oreland,Pennsylvania,Customer Care Call,2026-08-07 20:31:14
TC-359697,Customer_359697,subscriber_359697@telecom-domain.com,outrageous internet bill adjustments from Comcast,"Subscriber report regarding outrageous internet bill adjustments from Comcast. Filing Channel: Customer Care Call. Location: Orland Park, Illinois. Current Resolution Status: Solved.",Billing Dispute,Medium,Frustrated,Solved,Orland Park,Illinois,Customer Care Call,2026-04-11 11:38:14
TC-226150,Customer_226150,subscriber_226150@telecom-domain.com,Comcast cable/phone/internet complaint,"Subscriber report regarding Comcast cable/phone/internet complaint. Filing Channel: Internet. Location: Orlando, Florida. Current Resolution Status: Solved.",Call Drops,Medium,Frustrated,Solved,Orlando,Florida,Internet,2026-08-13 07:51:14
TC-300869,Customer_300869,subscriber_300869@telecom-domain.com,Comcast Data Usage - Additional Fee for Internet Usage but not TV,"Subscriber report regarding Comcast Data Usage - Additional Fee for Internet Usage but not TV. Filing Channel: Internet. Location: Oro Valley, Arizona. Current Resolution Status: Solved.",Data / Usage Issue,Medium,Frustrated,Solved,Oro Valley,Arizona,Internet,2026-03-14 12:09:14
TC-359803,Customer_359803,subscriber_359803@telecom-domain.com,Billing Complaint,"Subscriber report regarding Billing Complaint. Filing Channel: Internet. Location: Oroville, California. Current Resolution Status: Solved.",Billing Dispute,Medium,Frustrated,Solved,Oroville,California,Internet,2026-05-24 01:38:14
TC-346047,Customer_346047,subscriber_346047@telecom-domain.com,comcast,"Subscriber report regarding comcast. Filing Channel: Customer Care Call. Location: Osceola, Indiana. Current Resolution Status: Solved.",Service Request,Medium,Frustrated,Solved,Osceola,Indiana,Customer Care Call,2026-02-21 23:17:14
TC-246213,Customer_246213,subscriber_246213@telecom-domain.com,"Abysmal customer service, do not approve merger with Time Warner","Subscriber report regarding Abysmal customer service, do not approve merger with Time Warner. Filing Channel: Internet. Location: Owens Cross Roads, Alabama. Current Resolution Status: Solved.",Customer Service,Medium,Frustrated,Solved,Owens Cross Roads,Alabama,Internet,2026-08-15 18:55:14
TC-225791,Customer_225791,subscriber_225791@telecom-domain.com,Comcast business internet service down for 6 Days,"Subscriber report regarding Comcast business internet service down for 6 Days. Filing Channel: Customer Care Call. Location: Owings Mills, Maryland. Current Resolution Status: Solved.",Service Outage,High,Angry,Solved,Owings Mills,Maryland,Customer Care Call,2026-03-29 13:26:14
TC-296660,Customer_296660,subscriber_296660@telecom-domain.com,Billing,"Subscriber report regarding Billing. Filing Channel: Customer Care Call. Location: Owings Mills, Maryland. Current Resolution Status: Solved.",Billing Dispute,Medium,Frustrated,Solved,Owings Mills,Maryland,Customer Care Call,2026-03-22 01:56:14
TC-335204,Customer_335204,subscriber_335204@telecom-domain.com,Problems with Comcast,"Subscriber report regarding Problems with Comcast. Filing Channel: Customer Care Call. Location: Owins Mills, Maryland. Current Resolution Status: Solved.",Service Request,Medium,Negative,Solved,Owins Mills,Maryland,Customer Care Call,2026-08-01 23:05:14
TC-294812,Customer_294812,subscriber_294812@telecom-domain.com,Internet Billing,"Subscriber report regarding Internet Billing. Filing Channel: Internet. Location: Oxon Hill, Maryland. Current Resolution Status: Solved.",Billing Dispute,Medium,Frustrated,Solved,Oxon Hill,Maryland,Internet,2026-04-28 17:07:14
TC-358836,Customer_358836,subscriber_358836@telecom-domain.com,Comcast Billing,"Subscriber report regarding Comcast Billing. Filing Channel: Customer Care Call. Location: Pacheco, California. Current Resolution Status: Solved.",Billing Dispute,Medium,Frustrated,Solved,Pacheco,California,Customer Care Call,2026-06-24 10:49:14
TC-345351,Customer_345351,subscriber_345351@telecom-domain.com,COMCAST,"Subscriber report regarding COMCAST. Filing Channel: Internet. Location: Pacific, Washington. Current Resolution Status: Solved.",Service Request,Medium,Frustrated,Solved,Pacific,Washington,Internet,2026-05-17 10:06:14
TC-251736,Customer_251736,subscriber_251736@telecom-domain.com,Comcast billing,"Subscriber report regarding Comcast billing. Filing Channel: Customer Care Call. Location: Paducah, Kentucky. Current Resolution Status: Solved.",Billing Dispute,Medium,Frustrated,Solved,Paducah,Kentucky,Customer Care Call,2026-03-19 21:58:14
TC-293051,Customer_293051,subscriber_293051@telecom-domain.com,Data usage limit,"Subscriber report regarding Data usage limit. Filing Channel: Customer Care Call. Location: Paducah, Kentucky. Current Resolution Status: Solved.",Data / Usage Issue,Medium,Frustrated,Solved,Paducah,Kentucky,Customer Care Call,2026-05-03 19:17:14
TC-359239,Customer_359239,subscriber_359239@telecom-domain.com,Data Cap Limitations,"Subscriber report regarding Data Cap Limitations. Filing Channel: Customer Care Call. Location: Paducah, Kentucky. Current Resolution Status: Pending.",Data / Usage Issue,Medium,Frustrated,Pending,Paducah,Kentucky,Customer Care Call,2026-05-21 22:52:14
TC-371160,Customer_371160,subscriber_371160@telecom-domain.com,Comcast Service Rep Missed appointment. I missed a very important family gathering because I was waiting on the worker to show.,"Subscriber report regarding Comcast Service Rep Missed appointment. I missed a very important family gathering because I was waiting on the worker to show.. Filing Channel: Internet. Location: Pahokee, Florida. Current Resolution Status: Solved.",Installation,Medium,Frustrated,Solved,Pahokee,Florida,Internet,2026-06-12 00:40:14
TC-358772,Customer_358772,subscriber_358772@telecom-domain.com,Unfair Billing,"Subscriber report regarding Unfair Billing. Filing Channel: Internet. Location: Palatine, Illinois. Current Resolution Status: Solved.",Billing Dispute,Medium,Frustrated,Solved,Palatine,Illinois,Internet,2026-04-03 14:53:14
TC-358707,Customer_358707,subscriber_358707@telecom-domain.com,Throttle internet,"Subscriber report regarding Throttle internet. Filing Channel: Internet. Location: Palatine, Illinois. Current Resolution Status: Solved.",Broadband Performance,Medium,Frustrated,Solved,Palatine,Illinois,Internet,2026-07-17 00:58:14
TC-244230,Customer_244230,subscriber_244230@telecom-domain.com,"Comcast Phone, Internet and TV","Subscriber report regarding Comcast Phone, Internet and TV. Filing Channel: Customer Care Call. Location: Palm Beach, Florida. Current Resolution Status: Solved.",Call Drops,Medium,Frustrated,Solved,Palm Beach,Florida,Customer Care Call,2026-03-02 12:04:14
TC-251802,Customer_251802,subscriber_251802@telecom-domain.com,Erroneous charges on Comcast bill,"Subscriber report regarding Erroneous charges on Comcast bill. Filing Channel: Customer Care Call. Location: Palm Beach Gardens, Florida. Current Resolution Status: Solved.",Billing Dispute,High,Negative,Solved,Palm Beach Gardens,Florida,Customer Care Call,2026-03-03 05:07:14
TC-301499,Customer_301499,subscriber_301499@telecom-domain.com,Deceptive and false contract on Business Comcast for Service Call,"Subscriber report regarding Deceptive and false contract on Business Comcast for Service Call. Filing Channel: Internet. Location: Palm Beach Gardens, Florida. Current Resolution Status: Open.",Call Drops,Medium,Frustrated,Open,Palm Beach Gardens,Florida,Internet,2026-08-11 05:38:14
TC-326788,Customer_326788,subscriber_326788@telecom-domain.com,poor service; inaccurate billing,"Subscriber report regarding poor service; inaccurate billing. Filing Channel: Customer Care Call. Location: Palm Beach Gardens, Florida. Current Resolution Status: Open.",Billing Dispute,Medium,Frustrated,Open,Palm Beach Gardens,Florida,Customer Care Call,2026-05-13 11:39:14
TC-360595,Customer_360595,subscriber_360595@telecom-domain.com,My Comcast Nightmare,"Subscriber report regarding My Comcast Nightmare. Filing Channel: Customer Care Call. Location: Palm Beach Gardens, Florida. Current Resolution Status: Solved.",Service Request,Medium,Frustrated,Solved,Palm Beach Gardens,Florida,Customer Care Call,2026-06-24 15:13:14
TC-335844,Customer_335844,subscriber_335844@telecom-domain.com,Comcast Internet Bait and Switch,"Subscriber report regarding Comcast Internet Bait and Switch. Filing Channel: Customer Care Call. Location: Palm City, Florida. Current Resolution Status: Solved.",Service Request,Medium,Frustrated,Solved,Palm City,Florida,Customer Care Call,2026-04-24 18:27:14
TC-214664,Customer_214664,subscriber_214664@telecom-domain.com,"No Service, no assistance","Subscriber report regarding No Service, no assistance. Filing Channel: Internet. Location: Palmetto Bay, Florida. Current Resolution Status: Solved.",Service Outage,Medium,Frustrated,Solved,Palmetto Bay,Florida,Internet,2026-03-05 20:11:14
TC-243742,Customer_243742,subscriber_243742@telecom-domain.com,Comcast is a terrible service,"Subscriber report regarding Comcast is a terrible service. Filing Channel: Customer Care Call. Location: Palo Alto, California. Current Resolution Status: Solved.",Service Request,High,Angry,Solved,Palo Alto,California,Customer Care Call,2026-07-26 20:50:14
TC-339241,Customer_339241,subscriber_339241@telecom-domain.com,Comcast High-Speed Internet Does Not Work,"Subscriber report regarding Comcast High-Speed Internet Does Not Work. Filing Channel: Internet. Location: Palo Alto, California. Current Resolution Status: Solved.",Broadband Performance,Medium,Frustrated,Solved,Palo Alto,California,Internet,2026-07-25 07:48:14
TC-300119,Customer_300119,subscriber_300119@telecom-domain.com,Comcast Billing & Customer Service,"Subscriber report regarding Comcast Billing & Customer Service. Filing Channel: Customer Care Call. Location: Panama City Beach, Florida. Current Resolution Status: Solved.",Billing Dispute,Medium,Frustrated,Solved,Panama City Beach,Florida,Customer Care Call,2026-04-18 14:30:14
TC-226539,Customer_226539,subscriber_226539@telecom-domain.com,Failure to Cancel Service,"Subscriber report regarding Failure to Cancel Service. Filing Channel: Internet. Location: Parkland, Florida. Current Resolution Status: Solved.",Cancellation,Medium,Negative,Solved,Parkland,Florida,Internet,2026-07-31 15:44:14
TC-362807,Customer_362807,subscriber_362807@telecom-domain.com,Unable to Return Equipment,"Subscriber report regarding Unable to Return Equipment. Filing Channel: Customer Care Call. Location: Pasadena, Maryland. Current Resolution Status: Solved.",Equipment / Router,Medium,Frustrated,Solved,Pasadena,Maryland,Customer Care Call,2026-03-21 21:43:14
TC-362820,Customer_362820,subscriber_362820@telecom-domain.com,Unable to Return Equipment,"Subscriber report regarding Unable to Return Equipment. Filing Channel: Customer Care Call. Location: Pasadena, Maryland. Current Resolution Status: Solved.",Equipment / Router,Medium,Frustrated,Solved,Pasadena,Maryland,Customer Care Call,2026-05-04 09:26:14
TC-360349,Customer_360349,subscriber_360349@telecom-domain.com,Slow Internet Speeds,"Subscriber report regarding Slow Internet Speeds. Filing Channel: Customer Care Call. Location: Patterson, California. Current Resolution Status: Pending.",Broadband Performance,Medium,Negative,Pending,Patterson,California,Customer Care Call,2026-08-07 14:58:14
TC-298618,Customer_298618,subscriber_298618@telecom-domain.com,Comcast keeps hiking my bill for no reason !!,"Subscriber report regarding Comcast keeps hiking my bill for no reason !!. Filing Channel: Internet. Location: Paw Paw, Michigan. Current Resolution Status: Solved.",Billing Dispute,Medium,Frustrated,Solved,Paw Paw,Michigan,Internet,2026-04-02 12:42:14
TC-315865,Customer_315865,subscriber_315865@telecom-domain.com,Questionable internet slowdown,"Subscriber report regarding Questionable internet slowdown. Filing Channel: Customer Care Call. Location: Peabody, Massachusetts. Current Resolution Status: Solved.",Broadband Performance,High,Angry,Solved,Peabody,Massachusetts,Customer Care Call,2026-04-17 20:00:14
TC-214079,Customer_214079,subscriber_214079@telecom-domain.com,comcast,"Subscriber report regarding comcast. Filing Channel: Internet. Location: Peachtree City, Georgia. Current Resolution Status: Solved.",Service Request,Medium,Frustrated,Solved,Peachtree City,Georgia,Internet,2026-06-26 15:49:14
TC-339017,Customer_339017,subscriber_339017@telecom-domain.com,Advertised Internet price not honored,"Subscriber report regarding Advertised Internet price not honored. Filing Channel: Internet. Location: Peachtree City, Georgia. Current Resolution Status: Solved.",Billing Dispute,Medium,Frustrated,Solved,Peachtree City,Georgia,Internet,2026-03-04 11:19:14
TC-341442,Customer_341442,subscriber_341442@telecom-domain.com,Data Cap problems,"Subscriber report regarding Data Cap problems. Filing Channel: Customer Care Call. Location: Peachtree City, Georgia. Current Resolution Status: Solved.",Data / Usage Issue,Medium,Negative,Solved,Peachtree City,Georgia,Customer Care Call,2026-06-04 01:24:14
TC-354431,Customer_354431,subscriber_354431@telecom-domain.com,Comcast internet overage charges,"Subscriber report regarding Comcast internet overage charges. Filing Channel: Internet. Location: Pearl, Mississippi. Current Resolution Status: Pending.",Data / Usage Issue,Medium,Negative,Pending,Pearl,Mississippi,Internet,2026-07-06 02:14:14
TC-356720,Customer_356720,subscriber_356720@telecom-domain.com,Surprise Data Caps from Comcast,"Subscriber report regarding Surprise Data Caps from Comcast. Filing Channel: Internet. Location: Pearl, Mississippi. Current Resolution Status: Pending.",Data / Usage Issue,Medium,Negative,Pending,Pearl,Mississippi,Internet,2026-04-09 01:00:14
TC-215830,Customer_215830,subscriber_215830@telecom-domain.com,Price increase while on a fixed price plan,"Subscriber report regarding Price increase while on a fixed price plan. Filing Channel: Internet. Location: Pearland, Texas. Current Resolution Status: Solved.",Billing Dispute,Medium,Frustrated,Solved,Pearland,Texas,Internet,2026-04-28 00:43:14
TC-360771,Customer_360771,subscriber_360771@telecom-domain.com,"internet price went up, offered lower price deal with cable tv...","Subscriber report regarding internet price went up, offered lower price deal with cable tv.... Filing Channel: Internet. Location: Pearland, Texas. Current Resolution Status: Open.",Billing Dispute,Medium,Frustrated,Open,Pearland,Texas,Internet,2026-05-25 17:58:14
TC-243166,Customer_243166,subscriber_243166@telecom-domain.com,comcast,"Subscriber report regarding comcast. Filing Channel: Internet. Location: Pembroke Pines, Florida. Current Resolution Status: Solved.",Service Request,Medium,Frustrated,Solved,Pembroke Pines,Florida,Internet,2026-03-23 18:44:14
TC-309754,Customer_309754,subscriber_309754@telecom-domain.com,Comcast Metro Fiber,"Subscriber report regarding Comcast Metro Fiber. Filing Channel: Customer Care Call. Location: Pembroke Pines, Florida. Current Resolution Status: Open.",Service Request,Medium,Frustrated,Open,Pembroke Pines,Florida,Customer Care Call,2026-07-27 08:35:14
TC-225735,Customer_225735,subscriber_225735@telecom-domain.com,Comcast,"Subscriber report regarding Comcast. Filing Channel: Internet. Location: Peoria, Illinois. Current Resolution Status: Solved.",Service Request,Medium,Frustrated,Solved,Peoria,Illinois,Internet,2026-08-11 10:40:14
TC-300472,Customer_300472,subscriber_300472@telecom-domain.com,Terrible Experience with Comcast,"Subscriber report regarding Terrible Experience with Comcast. Filing Channel: Customer Care Call. Location: Peoria, Illinois. Current Resolution Status: Solved.",Service Request,High,Angry,Solved,Peoria,Illinois,Customer Care Call,2026-03-27 21:43:14
TC-324988,Customer_324988,subscriber_324988@telecom-domain.com,promotion ended in one month,"Subscriber report regarding promotion ended in one month. Filing Channel: Customer Care Call. Location: Peoria, Illinois. Current Resolution Status: Solved.",Service Request,Medium,Frustrated,Solved,Peoria,Illinois,Customer Care Call,2026-03-01 10:25:14
TC-338830,Customer_338830,subscriber_338830@telecom-domain.com,Metered bandwidth with no data meter,"Subscriber report regarding Metered bandwidth with no data meter. Filing Channel: Internet. Location: Petal, Mississippi. Current Resolution Status: Solved.",Broadband Performance,Medium,Frustrated,Solved,Petal,Mississippi,Internet,2026-03-04 10:16:14
TC-361391,Customer_361391,subscriber_361391@telecom-domain.com,Comcast Data Cap,"Subscriber report regarding Comcast Data Cap. Filing Channel: Customer Care Call. Location: Petal, Mississippi. Current Resolution Status: Pending.",Data / Usage Issue,Medium,Frustrated,Pending,Petal,Mississippi,Customer Care Call,2026-02-23 04:03:14
TC-365061,Customer_365061,subscriber_365061@telecom-domain.com,speed,"Subscriber report regarding speed. Filing Channel: Internet. Location: Phila, Pennsylvania. Current Resolution Status: Solved.",Broadband Performance,Medium,Frustrated,Solved,Phila,Pennsylvania,Internet,2026-02-26 04:35:14
TC-213735,Customer_213735,subscriber_213735@telecom-domain.com,Comcast (Xfinity); Larger withdrawal on automatic payment than billed,"Subscriber report regarding Comcast (Xfinity); Larger withdrawal on automatic payment than billed. Filing Channel: Customer Care Call. Location: Philadelphia, Pennsylvania. Current Resolution Status: Solved.",Billing Dispute,Medium,Frustrated,Solved,Philadelphia,Pennsylvania,Customer Care Call,2026-05-18 11:51:14
TC-263884,Customer_263884,subscriber_263884@telecom-domain.com,inability to add service,"Subscriber report regarding inability to add service. Filing Channel: Customer Care Call. Location: Philadelphia, Pennsylvania. Current Resolution Status: Solved.",Service Request,Medium,Frustrated,Solved,Philadelphia,Pennsylvania,Customer Care Call,2026-07-08 03:35:14
TC-212079,Customer_212079,subscriber_212079@telecom-domain.com,No Internet service,"Subscriber report regarding No Internet service. Filing Channel: Internet. Location: Philadelphia, Pennsylvania. Current Resolution Status: Solved.",Service Request,Medium,Frustrated,Solved,Philadelphia,Pennsylvania,Internet,2026-06-30 16:42:14
TC-212701,Customer_212701,subscriber_212701@telecom-domain.com,Comcast Customer Service; Theft; Inconsistency,"Subscriber report regarding Comcast Customer Service; Theft; Inconsistency. Filing Channel: Customer Care Call. Location: Philadelphia, Pennsylvania. Current Resolution Status: Solved.",Customer Service,Medium,Frustrated,Solved,Philadelphia,Pennsylvania,Customer Care Call,2026-03-14 22:31:14
TC-264664,Customer_264664,subscriber_264664@telecom-domain.com,comcast,"Subscriber report regarding comcast. Filing Channel: Customer Care Call. Location: Philadelphia, Pennsylvania. Current Resolution Status: Solved.",Service Request,Medium,Frustrated,Solved,Philadelphia,Pennsylvania,Customer Care Call,2026-04-30 06:58:14
TC-273392,Customer_273392,subscriber_273392@telecom-domain.com,Terrible Comcast experience - No end in sight,"Subscriber report regarding Terrible Comcast experience - No end in sight. Filing Channel: Customer Care Call. Location: Philadelphia, Pennsylvania. Current Resolution Status: Solved.",Service Request,High,Angry,Solved,Philadelphia,Pennsylvania,Customer Care Call,2026-05-14 20:07:14
TC-281631,Customer_281631,subscriber_281631@telecom-domain.com,Comcast/Xfinity Customer Service,"Subscriber report regarding Comcast/Xfinity Customer Service. Filing Channel: Internet. Location: Philadelphia, Pennsylvania. Current Resolution Status: Solved.",Customer Service,Medium,Frustrated,Solved,Philadelphia,Pennsylvania,Internet,2026-03-01 19:13:14
TC-312204,Customer_312204,subscriber_312204@telecom-domain.com,Comcast is blocking HBO Go in Sony platforms,"Subscriber report regarding Comcast is blocking HBO Go in Sony platforms. Filing Channel: Internet. Location: Philadelphia, Pennsylvania. Current Resolution Status: Solved.",Service Request,Medium,Frustrated,Solved,Philadelphia,Pennsylvania,Internet,2026-07-24 17:16:14
TC-319019,Customer_319019,subscriber_319019@telecom-domain.com,Bundle,"Subscriber report regarding Bundle. Filing Channel: Internet. Location: Philadelphia, Pennsylvania. Current Resolution Status: Solved.",Service Request,Medium,Frustrated,Solved,Philadelphia,Pennsylvania,Internet,2026-05-21 17:21:14
TC-325903,Customer_325903,subscriber_325903@telecom-domain.com,Comcast Blocking HBO Go from Playstation 3 and 4,"Subscriber report regarding Comcast Blocking HBO Go from Playstation 3 and 4. Filing Channel: Customer Care Call. Location: Philadelphia, Pennsylvania. Current Resolution Status: Solved.",Service Request,Medium,Frustrated,Solved,Philadelphia,Pennsylvania,Customer Care Call,2026-05-07 04:23:14
TC-326369,Customer_326369,subscriber_326369@telecom-domain.com,Cancelled Comcast Internet - Service and Billing was never cancelled,"Subscriber report regarding Cancelled Comcast Internet - Service and Billing was never cancelled. Filing Channel: Customer Care Call. Location: Philadelphia, Pennsylvania. Current Resolution Status: Solved.",Billing Dispute,Medium,Frustrated,Solved,Philadelphia,Pennsylvania,Customer Care Call,2026-07-02 19:32:14
TC-326570,Customer_326570,subscriber_326570@telecom-domain.com,Terrible Service,"Subscriber report regarding Terrible Service. Filing Channel: Internet. Location: Philadelphia, Pennsylvania. Current Resolution Status: Solved.",Service Request,High,Angry,Solved,Philadelphia,Pennsylvania,Internet,2026-06-21 02:12:14
TC-333951,Customer_333951,subscriber_333951@telecom-domain.com,Internet connectivity and speed,"Subscriber report regarding Internet connectivity and speed. Filing Channel: Internet. Location: Philadelphia, Pennsylvania. Current Resolution Status: Solved.",Broadband Performance,Medium,Frustrated,Solved,Philadelphia,Pennsylvania,Internet,2026-04-04 11:16:14
TC-331921,Customer_331921,subscriber_331921@telecom-domain.com,Bad Internet Speeds,"Subscriber report regarding Bad Internet Speeds. Filing Channel: Internet. Location: Philadelphia, Pennsylvania. Current Resolution Status: Solved.",Broadband Performance,Medium,Frustrated,Solved,Philadelphia,Pennsylvania,Internet,2026-03-03 12:05:14
TC-333086,Customer_333086,subscriber_333086@telecom-domain.com,Comcast,"Subscriber report regarding Comcast. Filing Channel: Internet. Location: Philadelphia, Pennsylvania. Current Resolution Status: Solved.",Service Request,Medium,Frustrated,Solved,Philadelphia,Pennsylvania,Internet,2026-07-02 17:08:14
TC-343874,Customer_343874,subscriber_343874@telecom-domain.com,Comcast Billing Issues,"Subscriber report regarding Comcast Billing Issues. Filing Channel: Customer Care Call. Location: Philadelphia, Pennsylvania. Current Resolution Status: Solved.",Billing Dispute,High,Negative,Solved,Philadelphia,Pennsylvania,Customer Care Call,2026-04-05 19:45:14
TC-346005,Customer_346005,subscriber_346005@telecom-domain.com,Comcast refuses to recognize our same sex marriage,"Subscriber report regarding Comcast refuses to recognize our same sex marriage. Filing Channel: Internet. Location: Philadelphia, Pennsylvania. Current Resolution Status: Solved.",Service Request,High,Angry,Solved,Philadelphia,Pennsylvania,Internet,2026-08-16 00:13:14
TC-347054,Customer_347054,subscriber_347054@telecom-domain.com,Comcast Wifi Service,"Subscriber report regarding Comcast Wifi Service. Filing Channel: Internet. Location: Philadelphia, Pennsylvania. Current Resolution Status: Solved.",Network Connectivity,Medium,Frustrated,Solved,Philadelphia,Pennsylvania,Internet,2026-08-01 00:08:14
TC-354027,Customer_354027,subscriber_354027@telecom-domain.com,terrible internet quality,"Subscriber report regarding terrible internet quality. Filing Channel: Customer Care Call. Location: Philadelphia, Pennsylvania. Current Resolution Status: Solved.",Service Request,High,Angry,Solved,Philadelphia,Pennsylvania,Customer Care Call,2026-06-05 19:46:14
TC-360405,Customer_360405,subscriber_360405@telecom-domain.com,Comcast billing and services,"Subscriber report regarding Comcast billing and services. Filing Channel: Customer Care Call. Location: Philadelphia, Pennsylvania. Current Resolution Status: Solved.",Billing Dispute,Medium,Frustrated,Solved,Philadelphia,Pennsylvania,Customer Care Call,2026-06-20 08:39:14
TC-362208,Customer_362208,subscriber_362208@telecom-domain.com,Unfair Billing at Comcast,"Subscriber report regarding Unfair Billing at Comcast. Filing Channel: Customer Care Call. Location: Philadelphia, Pennsylvania. Current Resolution Status: Solved.",Billing Dispute,Medium,Frustrated,Solved,Philadelphia,Pennsylvania,Customer Care Call,2026-06-29 10:59:14
TC-363147,Customer_363147,subscriber_363147@telecom-domain.com,Comcast complaint,"Subscriber report regarding Comcast complaint. Filing Channel: Internet. Location: Philadelphia, Pennsylvania. Current Resolution Status: Open.",Service Request,Medium,Frustrated,Open,Philadelphia,Pennsylvania,Internet,2026-08-17 09:01:14
TC-369527,Customer_369527,subscriber_369527@telecom-domain.com,internet service provider billing increase,"Subscriber report regarding internet service provider billing increase. Filing Channel: Internet. Location: Philadelphia, Pennsylvania. Current Resolution Status: Solved.",Billing Dispute,Medium,Frustrated,Solved,Philadelphia,Pennsylvania,Internet,2026-05-07 19:57:14
TC-373795,Customer_373795,subscriber_373795@telecom-domain.com,Was liked to about the speed and the price that was offered to me.,"Subscriber report regarding Was liked to about the speed and the price that was offered to me.. Filing Channel: Customer Care Call. Location: Philadelphia, Pennsylvania. Current Resolution Status: Solved.",Billing Dispute,Medium,Frustrated,Solved,Philadelphia,Pennsylvania,Customer Care Call,2026-04-05 00:17:14
TC-374002,Customer_374002,subscriber_374002@telecom-domain.com,COMCAST,"Subscriber report regarding COMCAST. Filing Channel: Internet. Location: Philadelphia, Pennsylvania. Current Resolution Status: Solved.",Service Request,Medium,Frustrated,Solved,Philadelphia,Pennsylvania,Internet,2026-07-10 11:31:14
TC-290941,Customer_290941,subscriber_290941@telecom-domain.com,Stop The CAP,"Subscriber report regarding Stop The CAP. Filing Channel: Customer Care Call. Location: Phoenixville, Pennsylvania. Current Resolution Status: Open.",Data / Usage Issue,Medium,Frustrated,Open,Phoenixville,Pennsylvania,Customer Care Call,2026-04-06 11:04:14
TC-272020,Customer_272020,subscriber_272020@telecom-domain.com,Comcast quoted one price then billed another,"Subscriber report regarding Comcast quoted one price then billed another. Filing Channel: Internet. Location: Pigeon Forge, Tennessee. Current Resolution Status: Solved.",Billing Dispute,Medium,Frustrated,Solved,Pigeon Forge,Tennessee,Internet,2026-07-22 07:11:14
TC-365068,Customer_365068,subscriber_365068@telecom-domain.com,Poor internet quality,"Subscriber report regarding Poor internet quality. Filing Channel: Customer Care Call. Location: Pikesville, Maryland. Current Resolution Status: Solved.",Service Request,Medium,Frustrated,Solved,Pikesville,Maryland,Customer Care Call,2026-06-11 14:48:14
TC-214948,Customer_214948,subscriber_214948@telecom-domain.com,Comcast Terrible Experience with no resolution,"Subscriber report regarding Comcast Terrible Experience with no resolution. Filing Channel: Internet. Location: Pittsburgh, Pennsylvania. Current Resolution Status: Solved.",Service Request,High,Angry,Solved,Pittsburgh,Pennsylvania,Internet,2026-03-04 13:22:14
TC-214952,Customer_214952,subscriber_214952@telecom-domain.com,Comcast Terrible Experience with no resolution,"Subscriber report regarding Comcast Terrible Experience with no resolution. Filing Channel: Customer Care Call. Location: Pittsburgh, Pennsylvania. Current Resolution Status: Solved.",Service Request,High,Angry,Solved,Pittsburgh,Pennsylvania,Customer Care Call,2026-05-31 03:41:14
TC-233656,Customer_233656,subscriber_233656@telecom-domain.com,Comcast Throttling Connection Speeds,"Subscriber report regarding Comcast Throttling Connection Speeds. Filing Channel: Customer Care Call. Location: Pittsburgh, Pennsylvania. Current Resolution Status: Solved.",Broadband Performance,Medium,Frustrated,Solved,Pittsburgh,Pennsylvania,Customer Care Call,2026-08-17 20:27:14
TC-233422,Customer_233422,subscriber_233422@telecom-domain.com,Comcast,"Subscriber report regarding Comcast. Filing Channel: Internet. Location: Pittsburgh, Pennsylvania. Current Resolution Status: Solved.",Service Request,Medium,Frustrated,Solved,Pittsburgh,Pennsylvania,Internet,2026-07-12 20:35:14
TC-321302,Customer_321302,subscriber_321302@telecom-domain.com,COMCAST FRAUDULENT BILLING & CHARGES,"Subscriber report regarding COMCAST FRAUDULENT BILLING & CHARGES. Filing Channel: Internet. Location: Pittsburgh, Pennsylvania. Current Resolution Status: Solved.",Billing Dispute,High,Angry,Solved,Pittsburgh,Pennsylvania,Internet,2026-06-02 07:44:14
TC-360149,Customer_360149,subscriber_360149@telecom-domain.com,Unfair pricing,"Subscriber report regarding Unfair pricing. Filing Channel: Internet. Location: Pittsburgh, Pennsylvania. Current Resolution Status: Solved.",Billing Dispute,Medium,Frustrated,Solved,Pittsburgh,Pennsylvania,Internet,2026-05-20 21:47:14
TC-360394,Customer_360394,subscriber_360394@telecom-domain.com,Comcast's Unfair Billing and Pricing Practices,"Subscriber report regarding Comcast's Unfair Billing and Pricing Practices. Filing Channel: Customer Care Call. Location: Pittsburgh, Pennsylvania. Current Resolution Status: Pending.",Billing Dispute,Medium,Frustrated,Pending,Pittsburgh,Pennsylvania,Customer Care Call,2026-08-04 05:39:14
TC-360348,Customer_360348,subscriber_360348@telecom-domain.com,Slowed Internet Speeds,"Subscriber report regarding Slowed Internet Speeds. Filing Channel: Customer Care Call. Location: Pittsburgh, Pennsylvania. Current Resolution Status: Solved.",Broadband Performance,Medium,Negative,Solved,Pittsburgh,Pennsylvania,Customer Care Call,2026-04-30 18:00:14
TC-364134,Customer_364134,subscriber_364134@telecom-domain.com,Comcast -- Throttling Connection,"Subscriber report regarding Comcast -- Throttling Connection. Filing Channel: Customer Care Call. Location: Pittsburgh, Pennsylvania. Current Resolution Status: Solved.",Broadband Performance,Medium,Frustrated,Solved,Pittsburgh,Pennsylvania,Customer Care Call,2026-06-27 03:12:14
TC-373203,Customer_373203,subscriber_373203@telecom-domain.com,"No internet, phone or cable service","Subscriber report regarding No internet, phone or cable service. Filing Channel: Internet. Location: Pittsburgh, Pennsylvania. Current Resolution Status: Solved.",Call Drops,Medium,Frustrated,Solved,Pittsburgh,Pennsylvania,Internet,2026-06-29 13:50:14
TC-372830,Customer_372830,subscriber_372830@telecom-domain.com,Comcast bundling of internet and tv services and deceptive sales practices,"Subscriber report regarding Comcast bundling of internet and tv services and deceptive sales practices. Filing Channel: Internet. Location: Pittsburgh, Pennsylvania. Current Resolution Status: Solved.",Service Request,Medium,Frustrated,Solved,Pittsburgh,Pennsylvania,Internet,2026-07-05 06:28:14
TC-374131,Customer_374131,subscriber_374131@telecom-domain.com,Comcast price inflation,"Subscriber report regarding Comcast price inflation. Filing Channel: Customer Care Call. Location: Pittsburgh, Pennsylvania. Current Resolution Status: Solved.",Billing Dispute,Medium,Frustrated,Solved,Pittsburgh,Pennsylvania,Customer Care Call,2026-08-08 09:01:14
TC-258748,Customer_258748,subscriber_258748@telecom-domain.com,Comcast,"Subscriber report regarding Comcast. Filing Channel: Customer Care Call. Location: Placida, Florida. Current Resolution Status: Solved.",Service Request,Medium,Frustrated,Solved,Placida,Florida,Customer Care Call,2026-03-11 06:59:14
TC-320484,Customer_320484,subscriber_320484@telecom-domain.com,Comcast,"Subscriber report regarding Comcast. Filing Channel: Customer Care Call. Location: Placida, Florida. Current Resolution Status: Solved.",Service Request,Medium,Frustrated,Solved,Placida,Florida,Customer Care Call,2026-04-16 04:05:14
TC-224912,Customer_224912,subscriber_224912@telecom-domain.com,Slow internet speeds,"Subscriber report regarding Slow internet speeds. Filing Channel: Customer Care Call. Location: Plainfield, Illinois. Current Resolution Status: Solved.",Broadband Performance,Medium,Negative,Solved,Plainfield,Illinois,Customer Care Call,2026-08-05 05:55:14
TC-323616,Customer_323616,subscriber_323616@telecom-domain.com,bill payment,"Subscriber report regarding bill payment. Filing Channel: Internet. Location: Plainfield, Illinois. Current Resolution Status: Solved.",Billing Dispute,Medium,Frustrated,Solved,Plainfield,Illinois,Internet,2026-07-29 00:37:14
TC-330481,Customer_330481,subscriber_330481@telecom-domain.com,Comcast service,"Subscriber report regarding Comcast service. Filing Channel: Internet. Location: Plainsboro, New Jersey. Current Resolution Status: Open.",Service Request,Medium,Frustrated,Open,Plainsboro,New Jersey,Internet,2026-02-23 04:51:14
TC-356971,Customer_356971,subscriber_356971@telecom-domain.com,comcast is not providing service for bad internet,"Subscriber report regarding comcast is not providing service for bad internet. Filing Channel: Internet. Location: Plainsboro, New Jersey. Current Resolution Status: Solved.",Service Request,Medium,Frustrated,Solved,Plainsboro,New Jersey,Internet,2026-05-03 06:39:14
TC-213665,Customer_213665,subscriber_213665@telecom-domain.com,billing/service issues,"Subscriber report regarding billing/service issues. Filing Channel: Internet. Location: Plantation, Florida. Current Resolution Status: Solved.",Billing Dispute,High,Negative,Solved,Plantation,Florida,Internet,2026-03-27 10:01:14
TC-218057,Customer_218057,subscriber_218057@telecom-domain.com,comcast billing increase,"Subscriber report regarding comcast billing increase. Filing Channel: Customer Care Call. Location: Plantation, Florida. Current Resolution Status: Solved.",Billing Dispute,Medium,Frustrated,Solved,Plantation,Florida,Customer Care Call,2026-08-09 00:57:14
TC-281634,Customer_281634,subscriber_281634@telecom-domain.com,Charging for service with out fixing the problem,"Subscriber report regarding Charging for service with out fixing the problem. Filing Channel: Customer Care Call. Location: Plantation, Florida. Current Resolution Status: Solved.",Service Request,Medium,Negative,Solved,Plantation,Florida,Customer Care Call,2026-04-06 00:12:14
TC-313324,Customer_313324,subscriber_313324@telecom-domain.com,I DO NOT HAVE INTERNET AND WORK FROM HOME,"Subscriber report regarding I DO NOT HAVE INTERNET AND WORK FROM HOME. Filing Channel: Internet. Location: Plantation, Florida. Current Resolution Status: Open.",Service Request,Medium,Frustrated,Open,Plantation,Florida,Internet,2026-03-31 05:14:14
TC-252312,Customer_252312,subscriber_252312@telecom-domain.com,Terrible customer service from Comcast,"Subscriber report regarding Terrible customer service from Comcast. Filing Channel: Customer Care Call. Location: Pleasanton, California. Current Resolution Status: Solved.",Customer Service,High,Angry,Solved,Pleasanton,California,Customer Care Call,2026-03-22 18:41:14
TC-267413,Customer_267413,subscriber_267413@telecom-domain.com,internet not working,"Subscriber report regarding internet not working. Filing Channel: Internet. Location: Pleasanton, California. Current Resolution Status: Solved.",Service Outage,Medium,Frustrated,Solved,Pleasanton,California,Internet,2026-04-30 00:20:14
TC-360170,Customer_360170,subscriber_360170@telecom-domain.com,"expensive service, capped","Subscriber report regarding expensive service, capped. Filing Channel: Customer Care Call. Location: Pleasanton, California. Current Resolution Status: Solved.",Data / Usage Issue,Medium,Frustrated,Solved,Pleasanton,California,Customer Care Call,2026-08-15 10:43:14
TC-216947,Customer_216947,subscriber_216947@telecom-domain.com,Comcast email service,"Subscriber report regarding Comcast email service. Filing Channel: Customer Care Call. Location: Plymouth, Massachusetts. Current Resolution Status: Solved.",Service Request,Medium,Frustrated,Solved,Plymouth,Massachusetts,Customer Care Call,2026-06-30 10:36:14
TC-301470,Customer_301470,subscriber_301470@telecom-domain.com,Comcast deceptive billing practices,"Subscriber report regarding Comcast deceptive billing practices. Filing Channel: Internet. Location: Plymouth, Michigan. Current Resolution Status: Solved.",Billing Dispute,Medium,Frustrated,Solved,Plymouth,Michigan,Internet,2026-04-09 03:21:14
TC-335960,Customer_335960,subscriber_335960@telecom-domain.com,Broadband Internet Service,"Subscriber report regarding Broadband Internet Service. Filing Channel: Internet. Location: Plymouth, Michigan. Current Resolution Status: Solved.",Service Request,Medium,Frustrated,Solved,Plymouth,Michigan,Internet,2026-06-20 21:31:14
TC-332047,Customer_332047,subscriber_332047@telecom-domain.com,Comcast blocks HBOGO from Sony PS4 and PS3 devices,"Subscriber report regarding Comcast blocks HBOGO from Sony PS4 and PS3 devices. Filing Channel: Customer Care Call. Location: Plymouth, Minnesota. Current Resolution Status: Solved.",Service Request,Medium,Frustrated,Solved,Plymouth,Minnesota,Customer Care Call,2026-02-20 05:50:14
TC-339985,Customer_339985,subscriber_339985@telecom-domain.com,Communication problem,"Subscriber report regarding Communication problem. Filing Channel: Customer Care Call. Location: Plymouth, Minnesota. Current Resolution Status: Solved.",Service Request,Medium,Negative,Solved,Plymouth,Minnesota,Customer Care Call,2026-07-03 09:16:14
TC-357898,Customer_357898,subscriber_357898@telecom-domain.com,Comcast - Unfair billing policies,"Subscriber report regarding Comcast - Unfair billing policies. Filing Channel: Internet. Location: Plymouth, Minnesota. Current Resolution Status: Solved.",Billing Dispute,Medium,Frustrated,Solved,Plymouth,Minnesota,Internet,2026-07-22 07:36:14
TC-360397,Customer_360397,subscriber_360397@telecom-domain.com,Bundle Bull S...,"Subscriber report regarding Bundle Bull S.... Filing Channel: Internet. Location: Plymouth, Minnesota. Current Resolution Status: Solved.",Service Request,Medium,Frustrated,Solved,Plymouth,Minnesota,Internet,2026-07-24 22:29:14
TC-360290,Customer_360290,subscriber_360290@telecom-domain.com,Unwarranted Charges by Comcast for Internet,"Subscriber report regarding Unwarranted Charges by Comcast for Internet. Filing Channel: Customer Care Call. Location: Plymouth, Minnesota. Current Resolution Status: Solved.",Billing Dispute,High,Negative,Solved,Plymouth,Minnesota,Customer Care Call,2026-06-25 11:47:14
TC-299364,Customer_299364,subscriber_299364@telecom-domain.com,"Outage of Internet service 5/19/2015, and attitude of Cust Svc rep","Subscriber report regarding Outage of Internet service 5/19/2015, and attitude of Cust Svc rep. Filing Channel: Customer Care Call. Location: Pompano Beach, Florida. Current Resolution Status: Open.",Service Outage,High,Angry,Open,Pompano Beach,Florida,Customer Care Call,2026-08-11 00:32:14
TC-304543,Customer_304543,subscriber_304543@telecom-domain.com,No Internet Service,"Subscriber report regarding No Internet Service. Filing Channel: Internet. Location: Pompano Beach, Florida. Current Resolution Status: Solved.",Service Request,Medium,Frustrated,Solved,Pompano Beach,Florida,Internet,2026-03-26 23:49:14
TC-324059,Customer_324059,subscriber_324059@telecom-domain.com,Comcast mislead me and cost my business,"Subscriber report regarding Comcast mislead me and cost my business. Filing Channel: Customer Care Call. Location: Pompano Beach, Florida. Current Resolution Status: Solved.",Billing Dispute,Medium,Frustrated,Solved,Pompano Beach,Florida,Customer Care Call,2026-04-27 10:58:14
TC-327358,Customer_327358,subscriber_327358@telecom-domain.com,Comcast,"Subscriber report regarding Comcast. Filing Channel: Internet. Location: Pompano Beach, Florida. Current Resolution Status: Solved.",Service Request,Medium,Frustrated,Solved,Pompano Beach,Florida,Internet,2026-03-01 04:33:14
TC-358992,Customer_358992,subscriber_358992@telecom-domain.com,Comcast billing,"Subscriber report regarding Comcast billing. Filing Channel: Internet. Location: Pompano Beach, Florida. Current Resolution Status: Solved.",Billing Dispute,Medium,Frustrated,Solved,Pompano Beach,Florida,Internet,2026-04-23 18:13:14
TC-373882,Customer_373882,subscriber_373882@telecom-domain.com,COMCAST MISSES 4 APPOINTMENTS,"Subscriber report regarding COMCAST MISSES 4 APPOINTMENTS. Filing Channel: Internet. Location: Pompano Beach, Florida. Current Resolution Status: Open.",Installation,Medium,Frustrated,Open,Pompano Beach,Florida,Internet,2026-04-29 07:05:14
TC-330109,Customer_330109,subscriber_330109@telecom-domain.com,Internet and Phone Service,"Subscriber report regarding Internet and Phone Service. Filing Channel: Customer Care Call. Location: Pompano Beach, New York. Current Resolution Status: Solved.",Call Drops,Medium,Frustrated,Solved,Pompano Beach,New York,Customer Care Call,2026-05-25 01:01:14
TC-337691,Customer_337691,subscriber_337691@telecom-domain.com,Comcast Billing (primary) Service (secondary),"Subscriber report regarding Comcast Billing (primary) Service (secondary). Filing Channel: Customer Care Call. Location: Pontiac, Michigan. Current Resolution Status: Solved.",Billing Dispute,Medium,Frustrated,Solved,Pontiac,Michigan,Customer Care Call,2026-07-19 11:37:14
TC-371309,Customer_371309,subscriber_371309@telecom-domain.com,Comcast's Deceptive Billing,"Subscriber report regarding Comcast's Deceptive Billing. Filing Channel: Customer Care Call. Location: Pontiac, Michigan. Current Resolution Status: Open.",Billing Dispute,Medium,Frustrated,Open,Pontiac,Michigan,Customer Care Call,2026-02-25 09:23:14
TC-291155,Customer_291155,subscriber_291155@telecom-domain.com,Comcast Internet,"Subscriber report regarding Comcast Internet. Filing Channel: Internet. Location: Pooler, Georgia. Current Resolution Status: Solved.",Service Request,Medium,Frustrated,Solved,Pooler,Georgia,Internet,2026-07-14 04:45:14
TC-357139,Customer_357139,subscriber_357139@telecom-domain.com,Comcast Internet Data Cap,"Subscriber report regarding Comcast Internet Data Cap. Filing Channel: Customer Care Call. Location: Pooler, Georgia. Current Resolution Status: Pending.",Data / Usage Issue,Medium,Frustrated,Pending,Pooler,Georgia,Customer Care Call,2026-08-16 18:21:14
TC-334196,Customer_334196,subscriber_334196@telecom-domain.com,comcast blocking HBO content for streaming.,"Subscriber report regarding comcast blocking HBO content for streaming.. Filing Channel: Customer Care Call. Location: Port At Lucie, Florida. Current Resolution Status: Solved.",Service Request,Medium,Frustrated,Solved,Port At Lucie,Florida,Customer Care Call,2026-03-24 12:51:14
TC-319491,Customer_319491,subscriber_319491@telecom-domain.com,Billing Issue,"Subscriber report regarding Billing Issue. Filing Channel: Internet. Location: Port Barrington, Illinois. Current Resolution Status: Solved.",Billing Dispute,High,Negative,Solved,Port Barrington,Illinois,Internet,2026-04-23 15:24:14
TC-307604,Customer_307604,subscriber_307604@telecom-domain.com,Comcast has a monopoly on our internet,"Subscriber report regarding Comcast has a monopoly on our internet. Filing Channel: Internet. Location: Port Hope, Michigan. Current Resolution Status: Open.",Service Request,Medium,Frustrated,Open,Port Hope,Michigan,Internet,2026-06-27 21:16:14
TC-232040,Customer_232040,subscriber_232040@telecom-domain.com,Bait and Switch again,"Subscriber report regarding Bait and Switch again. Filing Channel: Internet. Location: Port Saint Lucie, Florida. Current Resolution Status: Solved.",Service Request,Medium,Frustrated,Solved,Port Saint Lucie,Florida,Internet,2026-06-26 19:20:14
TC-240905,Customer_240905,subscriber_240905@telecom-domain.com,Comcast Deceptive Business Class Billing,"Subscriber report regarding Comcast Deceptive Business Class Billing. Filing Channel: Customer Care Call. Location: Port Saint Lucie, Florida. Current Resolution Status: Solved.",Billing Dispute,Medium,Frustrated,Solved,Port Saint Lucie,Florida,Customer Care Call,2026-06-11 04:23:14
TC-317888,Customer_317888,subscriber_317888@telecom-domain.com,Billing,"Subscriber report regarding Billing. Filing Channel: Customer Care Call. Location: Port St Lucie, Florida. Current Resolution Status: Solved.",Billing Dispute,Medium,Frustrated,Solved,Port St Lucie,Florida,Customer Care Call,2026-03-05 09:11:14
TC-255867,Customer_255867,subscriber_255867@telecom-domain.com,internet/cable service,"Subscriber report regarding internet/cable service. Filing Channel: Customer Care Call. Location: Port St. Lucie, Florida. Current Resolution Status: Solved.",Service Request,Medium,Frustrated,Solved,Port St. Lucie,Florida,Customer Care Call,2026-06-16 10:28:14
TC-214498,Customer_214498,subscriber_214498@telecom-domain.com,"Comcast theft, lying, horrible service and deception","Subscriber report regarding Comcast theft, lying, horrible service and deception. Filing Channel: Customer Care Call. Location: Portland, Oregon. Current Resolution Status: Solved.",Service Request,High,Angry,Solved,Portland,Oregon,Customer Care Call,2026-08-13 22:01:14
TC-243904,Customer_243904,subscriber_243904@telecom-domain.com,invalid sercvice charge,"Subscriber report regarding invalid sercvice charge. Filing Channel: Internet. Location: Portland, Oregon. Current Resolution Status: Solved.",Billing Dispute,High,Negative,Solved,Portland,Oregon,Internet,2026-06-29 09:37:14
TC-253872,Customer_253872,subscriber_253872@telecom-domain.com,Comcast Billing Complaint,"Subscriber report regarding Comcast Billing Complaint. Filing Channel: Internet. Location: Portland, Oregon. Current Resolution Status: Solved.",Billing Dispute,Medium,Frustrated,Solved,Portland,Oregon,Internet,2026-06-18 06:59:14
TC-287805,Customer_287805,subscriber_287805@telecom-domain.com,Comcast/Xfinity Blast Internet,"Subscriber report regarding Comcast/Xfinity Blast Internet. Filing Channel: Customer Care Call. Location: Portland, Oregon. Current Resolution Status: Solved.",Service Request,Medium,Frustrated,Solved,Portland,Oregon,Customer Care Call,2026-04-20 22:13:14
TC-303539,Customer_303539,subscriber_303539@telecom-domain.com,Comcast,"Subscriber report regarding Comcast. Filing Channel: Internet. Location: Portland, Oregon. Current Resolution Status: Open.",Service Request,Medium,Frustrated,Open,Portland,Oregon,Internet,2026-04-11 19:12:14
TC-310722,Customer_310722,subscriber_310722@telecom-domain.com,Comcast Bandwidth Availability,"Subscriber report regarding Comcast Bandwidth Availability. Filing Channel: Internet. Location: Portland, Oregon. Current Resolution Status: Solved.",Broadband Performance,Medium,Frustrated,Solved,Portland,Oregon,Internet,2026-06-10 13:01:14
TC-310714,Customer_310714,subscriber_310714@telecom-domain.com,Data limit with Comcast,"Subscriber report regarding Data limit with Comcast. Filing Channel: Customer Care Call. Location: Portland, Oregon. Current Resolution Status: Open.",Data / Usage Issue,Medium,Frustrated,Open,Portland,Oregon,Customer Care Call,2026-04-16 18:30:14
TC-322226,Customer_322226,subscriber_322226@telecom-domain.com,excessive billing,"Subscriber report regarding excessive billing. Filing Channel: Internet. Location: Portland, Oregon. Current Resolution Status: Solved.",Billing Dispute,Medium,Frustrated,Solved,Portland,Oregon,Internet,2026-03-04 10:08:14
TC-331755,Customer_331755,subscriber_331755@telecom-domain.com,Unable to get Comcast to provide me with broadband,"Subscriber report regarding Unable to get Comcast to provide me with broadband. Filing Channel: Internet. Location: Portland, Oregon. Current Resolution Status: Solved.",Service Request,Medium,Frustrated,Solved,Portland,Oregon,Internet,2026-04-12 22:15:14
TC-347742,Customer_347742,subscriber_347742@telecom-domain.com,loss connection internet many time in a day.,"Subscriber report regarding loss connection internet many time in a day.. Filing Channel: Internet. Location: Portland, Oregon. Current Resolution Status: Solved.",Service Request,Medium,Frustrated,Solved,Portland,Oregon,Internet,2026-07-05 01:36:14
TC-359828,Customer_359828,subscriber_359828@telecom-domain.com,No way to see when promotions end,"Subscriber report regarding No way to see when promotions end. Filing Channel: Customer Care Call. Location: Portland, Oregon. Current Resolution Status: Solved.",Service Request,Medium,Frustrated,Solved,Portland,Oregon,Customer Care Call,2026-07-14 16:53:14
TC-360020,Customer_360020,subscriber_360020@telecom-domain.com,Comcast not connecting me to cancel service and raising prices unfairly,"Subscriber report regarding Comcast not connecting me to cancel service and raising prices unfairly. Filing Channel: Customer Care Call. Location: Portland, Oregon. Current Resolution Status: Solved.",Billing Dispute,Medium,Frustrated,Solved,Portland,Oregon,Customer Care Call,2026-02-21 09:44:14
TC-360155,Customer_360155,subscriber_360155@telecom-domain.com,Comcast - I've been paying for unnecessary speeds when they knew and I did not,"Subscriber report regarding Comcast - I've been paying for unnecessary speeds when they knew and I did not. Filing Channel: Internet. Location: Portland, Oregon. Current Resolution Status: Solved.",Broadband Performance,Medium,Frustrated,Solved,Portland,Oregon,Internet,2026-07-11 17:22:14
TC-366906,Customer_366906,subscriber_366906@telecom-domain.com,Comcast,"Subscriber report regarding Comcast. Filing Channel: Internet. Location: Portland, Oregon. Current Resolution Status: Solved.",Service Request,Medium,Frustrated,Solved,Portland,Oregon,Internet,2026-04-14 00:33:14
TC-367326,Customer_367326,subscriber_367326@telecom-domain.com,internet bill increase,"Subscriber report regarding internet bill increase. Filing Channel: Internet. Location: Portland, Oregon. Current Resolution Status: Solved.",Billing Dispute,Medium,Frustrated,Solved,Portland,Oregon,Internet,2026-05-26 17:31:14
TC-375583,Customer_375583,subscriber_375583@telecom-domain.com,Comcast bait and switch,"Subscriber report regarding Comcast bait and switch. Filing Channel: Customer Care Call. Location: Portland, Oregon. Current Resolution Status: Solved.",Service Request,Medium,Frustrated,Solved,Portland,Oregon,Customer Care Call,2026-03-28 05:37:14
TC-251236,Customer_251236,subscriber_251236@telecom-domain.com,comcast,"Subscriber report regarding comcast. Filing Channel: Customer Care Call. Location: Potomac, Maryland. Current Resolution Status: Solved.",Service Request,Medium,Frustrated,Solved,Potomac,Maryland,Customer Care Call,2026-06-05 12:13:14
TC-214443,Customer_214443,subscriber_214443@telecom-domain.com,Comcast Shut-off Notice -Internet/TV,"Subscriber report regarding Comcast Shut-off Notice -Internet/TV. Filing Channel: Internet. Location: Pottstown, Pennsylvania. Current Resolution Status: Solved.",Service Request,Medium,Frustrated,Solved,Pottstown,Pennsylvania,Internet,2026-03-17 21:11:14
TC-294317,Customer_294317,subscriber_294317@telecom-domain.com,Cable Splitter without Consent from customer( Comcast),"Subscriber report regarding Cable Splitter without Consent from customer( Comcast). Filing Channel: Customer Care Call. Location: Pottsville, Pennsylvania. Current Resolution Status: Solved.",Service Request,Medium,Frustrated,Solved,Pottsville,Pennsylvania,Customer Care Call,2026-03-26 19:43:14
TC-229794,Customer_229794,subscriber_229794@telecom-domain.com,E-mail,"Subscriber report regarding E-mail. Filing Channel: Internet. Location: Poulsbo, Washington. Current Resolution Status: Solved.",Service Request,Medium,Frustrated,Solved,Poulsbo,Washington,Internet,2026-07-12 10:48:14
TC-264875,Customer_264875,subscriber_264875@telecom-domain.com,Comcast complaint,"Subscriber report regarding Comcast complaint. Filing Channel: Customer Care Call. Location: Poulsbo, Washington. Current Resolution Status: Solved.",Service Request,Medium,Frustrated,Solved,Poulsbo,Washington,Customer Care Call,2026-07-31 22:42:14
TC-214665,Customer_214665,subscriber_214665@telecom-domain.com,"service, billing","Subscriber report regarding service, billing. Filing Channel: Customer Care Call. Location: Powder Springs, Georgia. Current Resolution Status: Solved.",Billing Dispute,Medium,Frustrated,Solved,Powder Springs,Georgia,Customer Care Call,2026-08-04 13:33:14
TC-314814,Customer_314814,subscriber_314814@telecom-domain.com,Comcast overcharges for internet charges,"Subscriber report regarding Comcast overcharges for internet charges. Filing Channel: Internet. Location: Powder Springs, Georgia. Current Resolution Status: Pending.",Billing Dispute,High,Negative,Pending,Powder Springs,Georgia,Internet,2026-05-05 01:44:14
TC-330062,Customer_330062,subscriber_330062@telecom-domain.com,Comcast,"Subscriber report regarding Comcast. Filing Channel: Internet. Location: Powder Springs, Georgia. Current Resolution Status: Solved.",Service Request,Medium,Frustrated,Solved,Powder Springs,Georgia,Internet,2026-04-09 21:42:14
TC-336624,Customer_336624,subscriber_336624@telecom-domain.com,Comcast DATA Caps,"Subscriber report regarding Comcast DATA Caps. Filing Channel: Customer Care Call. Location: Powell, Tennessee. Current Resolution Status: Solved.",Data / Usage Issue,Medium,Negative,Solved,Powell,Tennessee,Customer Care Call,2026-03-15 16:42:14
TC-347688,Customer_347688,subscriber_347688@telecom-domain.com,Comcast Data usage caps,"Subscriber report regarding Comcast Data usage caps. Filing Channel: Internet. Location: Powell, Tennessee. Current Resolution Status: Open.",Data / Usage Issue,Medium,Negative,Open,Powell,Tennessee,Internet,2026-04-07 05:20:14
TC-361151,Customer_361151,subscriber_361151@telecom-domain.com,Data caps and monthly fees,"Subscriber report regarding Data caps and monthly fees. Filing Channel: Internet. Location: Powell, Tennessee. Current Resolution Status: Solved.",Data / Usage Issue,Medium,Negative,Solved,Powell,Tennessee,Internet,2026-03-15 04:01:14
TC-372230,Customer_372230,subscriber_372230@telecom-domain.com,"Comcast Monopoly in Calvert County, Maryland","Subscriber report regarding Comcast Monopoly in Calvert County, Maryland. Filing Channel: Customer Care Call. Location: Prince Frederick, Maryland. Current Resolution Status: Open.",Service Request,Medium,Frustrated,Open,Prince Frederick,Maryland,Customer Care Call,2026-06-10 04:29:14
TC-360688,Customer_360688,subscriber_360688@telecom-domain.com,Comcast Speed,"Subscriber report regarding Comcast Speed. Filing Channel: Internet. Location: Prince George, Virginia. Current Resolution Status: Solved.",Broadband Performance,Medium,Frustrated,Solved,Prince George,Virginia,Internet,2026-04-02 06:41:14
TC-238990,Customer_238990,subscriber_238990@telecom-domain.com,Comcast Internet Billing,"Subscriber report regarding Comcast Internet Billing. Filing Channel: Customer Care Call. Location: Provincetown, Massachusetts. Current Resolution Status: Solved.",Billing Dispute,Medium,Frustrated,Solved,Provincetown,Massachusetts,Customer Care Call,2026-08-17 13:31:14
TC-263143,Customer_263143,subscriber_263143@telecom-domain.com,Comcast Corporation,"Subscriber report regarding Comcast Corporation. Filing Channel: Internet. Location: Pueblo, Colorado. Current Resolution Status: Solved.",Service Request,Medium,Frustrated,Solved,Pueblo,Colorado,Internet,2026-05-08 06:10:14
TC-361682,Customer_361682,subscriber_361682@telecom-domain.com,comcast,"Subscriber report regarding comcast. Filing Channel: Customer Care Call. Location: Pueblo, Colorado. Current Resolution Status: Solved.",Service Request,Medium,Frustrated,Solved,Pueblo,Colorado,Customer Care Call,2026-07-15 18:48:14
TC-223816,Customer_223816,subscriber_223816@telecom-domain.com,Comcast/Xfinity Customer Service,"Subscriber report regarding Comcast/Xfinity Customer Service. Filing Channel: Customer Care Call. Location: Putnam Valley, New York. Current Resolution Status: Solved.",Customer Service,Medium,Frustrated,Solved,Putnam Valley,New York,Customer Care Call,2026-05-28 20:58:14
TC-360504,Customer_360504,subscriber_360504@telecom-domain.com,Intermittent Expensive Connection,"Subscriber report regarding Intermittent Expensive Connection. Filing Channel: Customer Care Call. Location: Puyallup, Washington. Current Resolution Status: Solved.",Service Request,Medium,Frustrated,Solved,Puyallup,Washington,Customer Care Call,2026-03-29 06:43:14
TC-362454,Customer_362454,subscriber_362454@telecom-domain.com,Slower internet speeds than what i was promised for my pay.,"Subscriber report regarding Slower internet speeds than what i was promised for my pay.. Filing Channel: Internet. Location: Puyallup, Washington. Current Resolution Status: Solved.",Broadband Performance,Medium,Negative,Solved,Puyallup,Washington,Internet,2026-04-08 11:48:14
TC-370107,Customer_370107,subscriber_370107@telecom-domain.com,"Internet connectivity loss, over 1000ms latency, under 1Mbps speeds","Subscriber report regarding Internet connectivity loss, over 1000ms latency, under 1Mbps speeds. Filing Channel: Internet. Location: Quincy, Massachusetts. Current Resolution Status: Open.",Broadband Performance,Medium,Frustrated,Open,Quincy,Massachusetts,Internet,2026-05-12 07:29:14
TC-369648,Customer_369648,subscriber_369648@telecom-domain.com,Comcast Throttling,"Subscriber report regarding Comcast Throttling. Filing Channel: Customer Care Call. Location: Quincy, Massachusetts. Current Resolution Status: Pending.",Broadband Performance,Medium,Frustrated,Pending,Quincy,Massachusetts,Customer Care Call,2026-06-01 20:40:14
TC-308646,Customer_308646,subscriber_308646@telecom-domain.com,Comcast data caps are an end-run around Net Neutrality,"Subscriber report regarding Comcast data caps are an end-run around Net Neutrality. Filing Channel: Internet. Location: Radcliff, Kentucky. Current Resolution Status: Pending.",Data / Usage Issue,Medium,Negative,Pending,Radcliff,Kentucky,Internet,2026-05-19 07:34:14
TC-308439,Customer_308439,subscriber_308439@telecom-domain.com,Comcast Internet Disconnection,"Subscriber report regarding Comcast Internet Disconnection. Filing Channel: Internet. Location: Raeford, North Carolina. Current Resolution Status: Solved.",Service Outage,Medium,Frustrated,Solved,Raeford,North Carolina,Internet,2026-08-07 14:03:14
TC-372741,Customer_372741,subscriber_372741@telecom-domain.com,Non working service,"Subscriber report regarding Non working service. Filing Channel: Customer Care Call. Location: Rahway, New Jersey. Current Resolution Status: Solved.",Service Request,Medium,Frustrated,Solved,Rahway,New Jersey,Customer Care Call,2026-04-12 10:43:14
TC-245893,Customer_245893,subscriber_245893@telecom-domain.com,internet pricing /competition,"Subscriber report regarding internet pricing /competition. Filing Channel: Customer Care Call. Location: Ramsey, New Jersey. Current Resolution Status: Solved.",Billing Dispute,Medium,Frustrated,Solved,Ramsey,New Jersey,Customer Care Call,2026-08-18 00:19:14
TC-358902,Customer_358902,subscriber_358902@telecom-domain.com,Comcast Conplaints,"Subscriber report regarding Comcast Conplaints. Filing Channel: Customer Care Call. Location: Rancho Cordova, California. Current Resolution Status: Solved.",Service Request,Medium,Frustrated,Solved,Rancho Cordova,California,Customer Care Call,2026-06-25 23:39:14
TC-249712,Customer_249712,subscriber_249712@telecom-domain.com,comcast throttling PlayStation.and blocking hbo go,"Subscriber report regarding comcast throttling PlayStation.and blocking hbo go. Filing Channel: Internet. Location: Ranson, West Virginia. Current Resolution Status: Solved.",Broadband Performance,Medium,Frustrated,Solved,Ranson,West Virginia,Internet,2026-08-15 08:46:14
TC-240942,Customer_240942,subscriber_240942@telecom-domain.com,Comcast/ Xfinity unethical business practice,"Subscriber report regarding Comcast/ Xfinity unethical business practice. Filing Channel: Customer Care Call. Location: Red Lion, Pennsylvania. Current Resolution Status: Solved.",Service Request,Medium,Frustrated,Solved,Red Lion,Pennsylvania,Customer Care Call,2026-02-26 06:32:14
TC-257323,Customer_257323,subscriber_257323@telecom-domain.com,Comcast blocking HBO Go on Playstation systems,"Subscriber report regarding Comcast blocking HBO Go on Playstation systems. Filing Channel: Customer Care Call. Location: Redmond, Washington. Current Resolution Status: Open.",Service Request,Medium,Frustrated,Open,Redmond,Washington,Customer Care Call,2026-06-01 23:37:14
TC-337972,Customer_337972,subscriber_337972@telecom-domain.com,Comcast is a downright awful service provider.,"Subscriber report regarding Comcast is a downright awful service provider.. Filing Channel: Internet. Location: Redmond, Washington. Current Resolution Status: Open.",Service Outage,High,Angry,Open,Redmond,Washington,Internet,2026-08-01 03:12:14
TC-362298,Customer_362298,subscriber_362298@telecom-domain.com,Comcast screwed me,"Subscriber report regarding Comcast screwed me. Filing Channel: Internet. Location: Redmond, Washington. Current Resolution Status: Solved.",Service Request,Medium,Frustrated,Solved,Redmond,Washington,Internet,2026-04-29 12:14:14
TC-353018,Customer_353018,subscriber_353018@telecom-domain.com,"Comcast speed not matching, blocked phone number","Subscriber report regarding Comcast speed not matching, blocked phone number. Filing Channel: Internet. Location: Redwood City, California. Current Resolution Status: Open.",Broadband Performance,Medium,Frustrated,Open,Redwood City,California,Internet,2026-03-30 03:35:14
TC-347829,Customer_347829,subscriber_347829@telecom-domain.com,Comcast,"Subscriber report regarding Comcast. Filing Channel: Customer Care Call. Location: Remington, Virginia. Current Resolution Status: Solved.",Service Request,Medium,Frustrated,Solved,Remington,Virginia,Customer Care Call,2026-06-10 00:00:14
TC-268362,Customer_268362,subscriber_268362@telecom-domain.com,tInternet Service Provider Complaint,"Subscriber report regarding tInternet Service Provider Complaint. Filing Channel: Customer Care Call. Location: Renton, Washington. Current Resolution Status: Open.",Service Request,Medium,Frustrated,Open,Renton,Washington,Customer Care Call,2026-04-03 09:10:14
TC-293685,Customer_293685,subscriber_293685@telecom-domain.com,High Speed internet,"Subscriber report regarding High Speed internet. Filing Channel: Customer Care Call. Location: Reston, Virginia. Current Resolution Status: Open.",Broadband Performance,Medium,Frustrated,Open,Reston,Virginia,Customer Care Call,2026-06-19 03:42:14
TC-339735,Customer_339735,subscriber_339735@telecom-domain.com,Complaint about Comcast's Hidden Fees and Unauthorized Charges,"Subscriber report regarding Complaint about Comcast's Hidden Fees and Unauthorized Charges. Filing Channel: Customer Care Call. Location: Reston, Virginia. Current Resolution Status: Solved.",Billing Dispute,High,Negative,Solved,Reston,Virginia,Customer Care Call,2026-06-20 09:50:14
TC-319302,Customer_319302,subscriber_319302@telecom-domain.com,Issues with service and payments,"Subscriber report regarding Issues with service and payments. Filing Channel: Customer Care Call. Location: Rex, Georgia. Current Resolution Status: Solved.",Billing Dispute,High,Negative,Solved,Rex,Georgia,Customer Care Call,2026-05-28 18:06:14
TC-253161,Customer_253161,subscriber_253161@telecom-domain.com,Comcast Billing dispute - Wireless service,"Subscriber report regarding Comcast Billing dispute - Wireless service. Filing Channel: Internet. Location: Richaland, Michigan. Current Resolution Status: Solved.",Billing Dispute,High,Negative,Solved,Richaland,Michigan,Internet,2026-07-12 21:25:14
TC-285046,Customer_285046,subscriber_285046@telecom-domain.com,Comcast Service Inadequacies,"Subscriber report regarding Comcast Service Inadequacies. Filing Channel: Internet. Location: Richfield, Minnesota. Current Resolution Status: Solved.",Service Request,Medium,Frustrated,Solved,Richfield,Minnesota,Internet,2026-06-03 19:31:14
TC-232972,Customer_232972,subscriber_232972@telecom-domain.com,Internet Speed,"Subscriber report regarding Internet Speed. Filing Channel: Internet. Location: Richmond, Indiana. Current Resolution Status: Solved.",Broadband Performance,Medium,Frustrated,Solved,Richmond,Indiana,Internet,2026-04-06 14:10:14
TC-368709,Customer_368709,subscriber_368709@telecom-domain.com,internet/tv bundle service,"Subscriber report regarding internet/tv bundle service. Filing Channel: Customer Care Call. Location: Richmond, Michigan. Current Resolution Status: Solved.",Service Request,Medium,Frustrated,Solved,Richmond,Michigan,Customer Care Call,2026-07-03 08:24:14
TC-318093,Customer_318093,subscriber_318093@telecom-domain.com,Comcast Set Up,"Subscriber report regarding Comcast Set Up. Filing Channel: Internet. Location: Richmond, Virginia. Current Resolution Status: Solved.",Service Request,Medium,Frustrated,Solved,Richmond,Virginia,Internet,2026-03-26 07:54:14
TC-342659,Customer_342659,subscriber_342659@telecom-domain.com,Unacceptable Business Internet Service from Comcast,"Subscriber report regarding Unacceptable Business Internet Service from Comcast. Filing Channel: Customer Care Call. Location: Richmond, Virginia. Current Resolution Status: Open.",Service Request,High,Angry,Open,Richmond,Virginia,Customer Care Call,2026-03-22 17:05:14
TC-348029,Customer_348029,subscriber_348029@telecom-domain.com,Poor Speed and Reliability,"Subscriber report regarding Poor Speed and Reliability. Filing Channel: Internet. Location: Richmond, Virginia. Current Resolution Status: Open.",Broadband Performance,Medium,Frustrated,Open,Richmond,Virginia,Internet,2026-04-27 08:30:14
TC-358970,Customer_358970,subscriber_358970@telecom-domain.com,"Possible Speed Throttling: Comcast Xfinity Richmond, VA","Subscriber report regarding Possible Speed Throttling: Comcast Xfinity Richmond, VA. Filing Channel: Internet. Location: Richmond, Virginia. Current Resolution Status: Solved.",Broadband Performance,Medium,Frustrated,Solved,Richmond,Virginia,Internet,2026-07-12 03:59:14
TC-360546,Customer_360546,subscriber_360546@telecom-domain.com,Comcast Speed Throttling and more,"Subscriber report regarding Comcast Speed Throttling and more. Filing Channel: Internet. Location: Richmond, Virginia. Current Resolution Status: Pending.",Broadband Performance,Medium,Frustrated,Pending,Richmond,Virginia,Internet,2026-06-18 14:36:14
TC-361235,Customer_361235,subscriber_361235@telecom-domain.com,Comcast ending promotion and contract early. Directing customer to resolve disputes in person at their office.,"Subscriber report regarding Comcast ending promotion and contract early. Directing customer to resolve disputes in person at their office.. Filing Channel: Internet. Location: Richmond, Virginia. Current Resolution Status: Solved.",Service Request,Medium,Negative,Solved,Richmond,Virginia,Internet,2026-08-10 08:22:14
TC-363355,Customer_363355,subscriber_363355@telecom-domain.com,Shady Internet Billing Practices from Comcast,"Subscriber report regarding Shady Internet Billing Practices from Comcast. Filing Channel: Internet. Location: Richmond, Virginia. Current Resolution Status: Open.",Billing Dispute,Medium,Frustrated,Open,Richmond,Virginia,Internet,2026-04-16 14:55:14
TC-367108,Customer_367108,subscriber_367108@telecom-domain.com,Comcast Internet,"Subscriber report regarding Comcast Internet. Filing Channel: Internet. Location: Richmond, Virginia. Current Resolution Status: Solved.",Service Request,Medium,Frustrated,Solved,Richmond,Virginia,Internet,2026-04-26 15:18:14
TC-268789,Customer_268789,subscriber_268789@telecom-domain.com,about comcast,"Subscriber report regarding about comcast. Filing Channel: Internet. Location: Richmond Hill, Georgia. Current Resolution Status: Open.",Service Request,Medium,Frustrated,Open,Richmond Hill,Georgia,Internet,2026-05-15 19:31:14
TC-314257,Customer_314257,subscriber_314257@telecom-domain.com,About Comcast,"Subscriber report regarding About Comcast. Filing Channel: Internet. Location: Richmond Hill, Georgia. Current Resolution Status: Solved.",Service Request,Medium,Frustrated,Solved,Richmond Hill,Georgia,Internet,2026-03-20 05:26:14
TC-369100,Customer_369100,subscriber_369100@telecom-domain.com,Comcast Data Cap,"Subscriber report regarding Comcast Data Cap. Filing Channel: Internet. Location: Richmond Hill, Georgia. Current Resolution Status: Solved.",Data / Usage Issue,Medium,Frustrated,Solved,Richmond Hill,Georgia,Internet,2026-04-18 22:09:14
TC-276668,Customer_276668,subscriber_276668@telecom-domain.com,INTERNET SERVICE IS DOWN FOR THREE WEEKS NOW.,"Subscriber report regarding INTERNET SERVICE IS DOWN FOR THREE WEEKS NOW.. Filing Channel: Customer Care Call. Location: Richton Park, Illinois. Current Resolution Status: Solved.",Service Outage,High,Angry,Solved,Richton Park,Illinois,Customer Care Call,2026-04-14 21:16:14
TC-317911,Customer_317911,subscriber_317911@telecom-domain.com,HBO Go on PS3,"Subscriber report regarding HBO Go on PS3. Filing Channel: Internet. Location: Ridgeland, Mississippi. Current Resolution Status: Solved.",Service Request,Medium,Frustrated,Solved,Ridgeland,Mississippi,Internet,2026-04-12 00:47:14
TC-241252,Customer_241252,subscriber_241252@telecom-domain.com,Unfair Charges,"Subscriber report regarding Unfair Charges. Filing Channel: Customer Care Call. Location: Ridley Park, Pennsylvania. Current Resolution Status: Solved.",Billing Dispute,High,Negative,Solved,Ridley Park,Pennsylvania,Customer Care Call,2026-04-07 06:53:14
TC-358361,Customer_358361,subscriber_358361@telecom-domain.com,Data Cap on Internet Downloads?,"Subscriber report regarding Data Cap on Internet Downloads?. Filing Channel: Customer Care Call. Location: Rincon, Georgia. Current Resolution Status: Pending.",Data / Usage Issue,High,Angry,Pending,Rincon,Georgia,Customer Care Call,2026-05-19 23:58:14
TC-360077,Customer_360077,subscriber_360077@telecom-domain.com,Comcast speed,"Subscriber report regarding Comcast speed. Filing Channel: Customer Care Call. Location: Rincon, Georgia. Current Resolution Status: Solved.",Broadband Performance,Medium,Frustrated,Solved,Rincon,Georgia,Customer Care Call,2026-04-02 16:19:14
TC-355105,Customer_355105,subscriber_355105@telecom-domain.com,Comcast has been over charging us.,"Subscriber report regarding Comcast has been over charging us.. Filing Channel: Internet. Location: Rio Grande, New Jersey. Current Resolution Status: Solved.",Service Request,Medium,Frustrated,Solved,Rio Grande,New Jersey,Internet,2026-05-19 02:39:14
TC-241834,Customer_241834,subscriber_241834@telecom-domain.com,Billing issues,"Subscriber report regarding Billing issues. Filing Channel: Customer Care Call. Location: Riverdale, Georgia. Current Resolution Status: Solved.",Billing Dispute,High,Negative,Solved,Riverdale,Georgia,Customer Care Call,2026-05-16 15:02:14
TC-297208,Customer_297208,subscriber_297208@telecom-domain.com,Comcast internet service,"Subscriber report regarding Comcast internet service. Filing Channel: Internet. Location: Rochester, Illinois. Current Resolution Status: Solved.",Service Request,Medium,Frustrated,Solved,Rochester,Illinois,Internet,2026-06-22 06:50:14
TC-348033,Customer_348033,subscriber_348033@telecom-domain.com,Comcast Billing and Service Issues,"Subscriber report regarding Comcast Billing and Service Issues. Filing Channel: Customer Care Call. Location: Rochester, Pennsylvania. Current Resolution Status: Solved.",Billing Dispute,High,Negative,Solved,Rochester,Pennsylvania,Customer Care Call,2026-08-06 21:14:14
TC-288793,Customer_288793,subscriber_288793@telecom-domain.com,internet and customer service problem with Comcast,"Subscriber report regarding internet and customer service problem with Comcast. Filing Channel: Internet. Location: Rochester Hills, Michigan. Current Resolution Status: Solved.",Customer Service,Medium,Negative,Solved,Rochester Hills,Michigan,Internet,2026-07-17 12:31:14
TC-364028,Customer_364028,subscriber_364028@telecom-domain.com,Lack of consistent service,"Subscriber report regarding Lack of consistent service. Filing Channel: Internet. Location: Rock Falls, Illinois. Current Resolution Status: Solved.",Service Request,Medium,Frustrated,Solved,Rock Falls,Illinois,Internet,2026-04-03 23:14:14
TC-234479,Customer_234479,subscriber_234479@telecom-domain.com,interne speed,"Subscriber report regarding interne speed. Filing Channel: Internet. Location: Rockford, Illinois. Current Resolution Status: Open.",Broadband Performance,Medium,Frustrated,Open,Rockford,Illinois,Internet,2026-06-03 02:40:14
TC-279634,Customer_279634,subscriber_279634@telecom-domain.com,Comcast,"Subscriber report regarding Comcast. Filing Channel: Internet. Location: Rockford, Illinois. Current Resolution Status: Solved.",Service Request,Medium,Frustrated,Solved,Rockford,Illinois,Internet,2026-06-14 06:03:14
TC-321250,Customer_321250,subscriber_321250@telecom-domain.com,Comcast ordered services that we never agreed to,"Subscriber report regarding Comcast ordered services that we never agreed to. Filing Channel: Customer Care Call. Location: Rockford, Illinois. Current Resolution Status: Open.",Service Request,Medium,Frustrated,Open,Rockford,Illinois,Customer Care Call,2026-08-09 10:04:14
TC-324947,Customer_324947,subscriber_324947@telecom-domain.com,Billing Dispute,"Subscriber report regarding Billing Dispute. Filing Channel: Customer Care Call. Location: Rockford, Illinois. Current Resolution Status: Solved.",Billing Dispute,High,Negative,Solved,Rockford,Illinois,Customer Care Call,2026-06-26 12:01:14
TC-339920,Customer_339920,subscriber_339920@telecom-domain.com,Comcast.net,"Subscriber report regarding Comcast.net. Filing Channel: Customer Care Call. Location: Rockford, Illinois. Current Resolution Status: Open.",Service Request,Medium,Frustrated,Open,Rockford,Illinois,Customer Care Call,2026-07-22 03:48:14
TC-282767,Customer_282767,subscriber_282767@telecom-domain.com,Comcast Taking almost 9 Days to solve My Internet issue,"Subscriber report regarding Comcast Taking almost 9 Days to solve My Internet issue. Filing Channel: Customer Care Call. Location: Rockvale, Tennessee. Current Resolution Status: Solved.",Service Request,Medium,Negative,Solved,Rockvale,Tennessee,Customer Care Call,2026-03-01 14:06:14
TC-353906,Customer_353906,subscriber_353906@telecom-domain.com,failure to provide imstallation .... Rockville Maryland 20852,"Subscriber report regarding failure to provide imstallation .... Rockville Maryland 20852. Filing Channel: Customer Care Call. Location: Rockville, Maryland. Current Resolution Status: Solved.",Service Request,Medium,Negative,Solved,Rockville,Maryland,Customer Care Call,2026-02-27 02:10:14
TC-354916,Customer_354916,subscriber_354916@telecom-domain.com,Internet slow,"Subscriber report regarding Internet slow. Filing Channel: Internet. Location: Rockville, Maryland. Current Resolution Status: Solved.",Broadband Performance,Medium,Negative,Solved,Rockville,Maryland,Internet,2026-03-02 09:22:14
TC-360993,Customer_360993,subscriber_360993@telecom-domain.com,Predatory billing by Comcast,"Subscriber report regarding Predatory billing by Comcast. Filing Channel: Customer Care Call. Location: Rockville, Maryland. Current Resolution Status: Solved.",Billing Dispute,Medium,Frustrated,Solved,Rockville,Maryland,Customer Care Call,2026-06-17 09:04:14
TC-363593,Customer_363593,subscriber_363593@telecom-domain.com,Comcast Xfinity barely ever works and speed sucks,"Subscriber report regarding Comcast Xfinity barely ever works and speed sucks. Filing Channel: Internet. Location: Rohnert Park, California. Current Resolution Status: Solved.",Broadband Performance,Medium,Frustrated,Solved,Rohnert Park,California,Internet,2026-05-24 03:39:14
TC-322276,Customer_322276,subscriber_322276@telecom-domain.com,Email transfer/ problems,"Subscriber report regarding Email transfer/ problems. Filing Channel: Internet. Location: Rolling Meadows, Illinois. Current Resolution Status: Solved.",Service Request,Medium,Negative,Solved,Rolling Meadows,Illinois,Internet,2026-03-30 11:52:14
TC-320264,Customer_320264,subscriber_320264@telecom-domain.com,cramming charges on my phone/internet bill,"Subscriber report regarding cramming charges on my phone/internet bill. Filing Channel: Internet. Location: Rome, Georgia. Current Resolution Status: Solved.",Billing Dispute,High,Negative,Solved,Rome,Georgia,Internet,2026-05-20 22:53:14
TC-361980,Customer_361980,subscriber_361980@telecom-domain.com,Throttled Internet Speeds,"Subscriber report regarding Throttled Internet Speeds. Filing Channel: Internet. Location: Roseville, California. Current Resolution Status: Pending.",Broadband Performance,Medium,Frustrated,Pending,Roseville,California,Internet,2026-04-29 11:46:14
TC-365185,Customer_365185,subscriber_365185@telecom-domain.com,Comcast billing problem,"Subscriber report regarding Comcast billing problem. Filing Channel: Internet. Location: Roseville, Michigan. Current Resolution Status: Solved.",Billing Dispute,High,Negative,Solved,Roseville,Michigan,Internet,2026-06-29 16:44:14
TC-222735,Customer_222735,subscriber_222735@telecom-domain.com,Comcast Over Charges with No Notification,"Subscriber report regarding Comcast Over Charges with No Notification. Filing Channel: Internet. Location: Roswell, Georgia. Current Resolution Status: Solved.",Billing Dispute,High,Negative,Solved,Roswell,Georgia,Internet,2026-03-02 22:28:14
TC-351135,Customer_351135,subscriber_351135@telecom-domain.com,Internet Availability,"Subscriber report regarding Internet Availability. Filing Channel: Internet. Location: Roswell, Georgia. Current Resolution Status: Solved.",Service Request,Medium,Frustrated,Solved,Roswell,Georgia,Internet,2026-02-24 05:22:14
TC-371928,Customer_371928,subscriber_371928@telecom-domain.com,Comcast Internet usage caps,"Subscriber report regarding Comcast Internet usage caps. Filing Channel: Internet. Location: Roswell, Georgia. Current Resolution Status: Solved.",Data / Usage Issue,Medium,Negative,Solved,Roswell,Georgia,Internet,2026-06-25 06:52:14
TC-280344,Customer_280344,subscriber_280344@telecom-domain.com,Comcast Service and Billing Issues,"Subscriber report regarding Comcast Service and Billing Issues. Filing Channel: Internet. Location: Round Lake Beach, Illinois. Current Resolution Status: Solved.",Billing Dispute,High,Negative,Solved,Round Lake Beach,Illinois,Internet,2026-05-20 18:35:14
TC-359822,Customer_359822,subscriber_359822@telecom-domain.com,Internet Outages,"Subscriber report regarding Internet Outages. Filing Channel: Internet. Location: Round Lake Beach, Illinois. Current Resolution Status: Solved.",Service Outage,High,Angry,Solved,Round Lake Beach,Illinois,Internet,2026-04-04 17:47:14
TC-335619,Customer_335619,subscriber_335619@telecom-domain.com,Comcast Internet - Horrible Customer Service,"Subscriber report regarding Comcast Internet - Horrible Customer Service. Filing Channel: Customer Care Call. Location: Roxbury, Massachusetts. Current Resolution Status: Solved.",Customer Service,High,Angry,Solved,Roxbury,Massachusetts,Customer Care Call,2026-07-31 03:08:14
TC-244304,Customer_244304,subscriber_244304@telecom-domain.com,Comcast's customer service is awful,"Subscriber report regarding Comcast's customer service is awful. Filing Channel: Internet. Location: Royal Oak, Michigan. Current Resolution Status: Solved.",Customer Service,Medium,Frustrated,Solved,Royal Oak,Michigan,Internet,2026-07-29 10:27:14
TC-252363,Customer_252363,subscriber_252363@telecom-domain.com,Manipulative billing issue,"Subscriber report regarding Manipulative billing issue. Filing Channel: Internet. Location: Royal Oak, Michigan. Current Resolution Status: Solved.",Billing Dispute,High,Negative,Solved,Royal Oak,Michigan,Internet,2026-03-04 00:27:14
TC-262918,Customer_262918,subscriber_262918@telecom-domain.com,Comcast Advertised Wifi Internet speed not provided False Advertisment,"Subscriber report regarding Comcast Advertised Wifi Internet speed not provided False Advertisment. Filing Channel: Customer Care Call. Location: Royal Oak, Michigan. Current Resolution Status: Solved.",Broadband Performance,Medium,Frustrated,Solved,Royal Oak,Michigan,Customer Care Call,2026-03-16 08:35:14
TC-361212,Customer_361212,subscriber_361212@telecom-domain.com,Comcast's Internet is Slower Than What I Pay For,"Subscriber report regarding Comcast's Internet is Slower Than What I Pay For. Filing Channel: Internet. Location: Royal Oak, Michigan. Current Resolution Status: Open.",Broadband Performance,Medium,Negative,Open,Royal Oak,Michigan,Internet,2026-05-09 00:31:14
TC-294188,Customer_294188,subscriber_294188@telecom-domain.com,Bad Practices,"Subscriber report regarding Bad Practices. Filing Channel: Customer Care Call. Location: Royal Palm Beach, Florida. Current Resolution Status: Solved.",Service Request,Medium,Frustrated,Solved,Royal Palm Beach,Florida,Customer Care Call,2026-06-25 00:49:14
TC-306039,Customer_306039,subscriber_306039@telecom-domain.com,Over billing Comcast,"Subscriber report regarding Over billing Comcast. Filing Channel: Customer Care Call. Location: Royal Palm Beach, Florida. Current Resolution Status: Open.",Billing Dispute,Medium,Frustrated,Open,Royal Palm Beach,Florida,Customer Care Call,2026-04-30 11:46:14
TC-363286,Customer_363286,subscriber_363286@telecom-domain.com,refusal to rectify,"Subscriber report regarding refusal to rectify. Filing Channel: Customer Care Call. Location: Royal Palm Beach, Florida. Current Resolution Status: Solved.",Service Request,Medium,Frustrated,Solved,Royal Palm Beach,Florida,Customer Care Call,2026-05-19 03:30:14
TC-213537,Customer_213537,subscriber_213537@telecom-domain.com,Comcast,"Subscriber report regarding Comcast. Filing Channel: Internet. Location: Rumford, Rhode Island. Current Resolution Status: Solved.",Service Request,Medium,Frustrated,Solved,Rumford,Rhode Island,Internet,2026-06-30 08:10:14
TC-275479,Customer_275479,subscriber_275479@telecom-domain.com,Cable availability,"Subscriber report regarding Cable availability. Filing Channel: Internet. Location: Rural Valley, Pennsylvania. Current Resolution Status: Solved.",Service Request,Medium,Frustrated,Solved,Rural Valley,Pennsylvania,Internet,2026-07-25 16:12:14
TC-213725,Customer_213725,subscriber_213725@telecom-domain.com,Data usage with Comcast,"Subscriber report regarding Data usage with Comcast. Filing Channel: Internet. Location: Rydal, Georgia. Current Resolution Status: Solved.",Data / Usage Issue,Medium,Frustrated,Solved,Rydal,Georgia,Internet,2026-04-19 04:25:14
TC-231133,Customer_231133,subscriber_231133@telecom-domain.com,Billing Dispute,"Subscriber report regarding Billing Dispute. Filing Channel: Internet. Location: Sacramento, California. Current Resolution Status: Solved.",Billing Dispute,High,Negative,Solved,Sacramento,California,Internet,2026-05-17 02:45:14
TC-238470,Customer_238470,subscriber_238470@telecom-domain.com,re complain against comcast email and telephone for home service,"Subscriber report regarding re complain against comcast email and telephone for home service. Filing Channel: Internet. Location: Sacramento, California. Current Resolution Status: Solved.",Call Drops,Medium,Frustrated,Solved,Sacramento,California,Internet,2026-05-03 09:41:14
TC-274654,Customer_274654,subscriber_274654@telecom-domain.com,False Service,"Subscriber report regarding False Service. Filing Channel: Customer Care Call. Location: Sacramento, California. Current Resolution Status: Solved.",Service Request,Medium,Frustrated,Solved,Sacramento,California,Customer Care Call,2026-07-16 04:38:14
TC-286377,Customer_286377,subscriber_286377@telecom-domain.com,Misinformed Over and Over Again,"Subscriber report regarding Misinformed Over and Over Again. Filing Channel: Customer Care Call. Location: Sacramento, California. Current Resolution Status: Solved.",Service Request,Medium,Frustrated,Solved,Sacramento,California,Customer Care Call,2026-07-18 13:41:14
TC-313938,Customer_313938,subscriber_313938@telecom-domain.com,Comcast/Xfinity,"Subscriber report regarding Comcast/Xfinity. Filing Channel: Internet. Location: Sacramento, California. Current Resolution Status: Solved.",Service Request,Medium,Frustrated,Solved,Sacramento,California,Internet,2026-08-08 12:35:14
TC-339611,Customer_339611,subscriber_339611@telecom-domain.com,Comcast blocking HBOGO on Playstation 4 Consoles,"Subscriber report regarding Comcast blocking HBOGO on Playstation 4 Consoles. Filing Channel: Customer Care Call. Location: Sacramento, California. Current Resolution Status: Open.",Service Request,Medium,Frustrated,Open,Sacramento,California,Customer Care Call,2026-05-29 01:23:14
TC-354734,Customer_354734,subscriber_354734@telecom-domain.com,Comcast Internet Online Streaming,"Subscriber report regarding Comcast Internet Online Streaming. Filing Channel: Customer Care Call. Location: Sacramento, California. Current Resolution Status: Solved.",Service Request,Medium,Frustrated,Solved,Sacramento,California,Customer Care Call,2026-08-18 05:58:14
TC-362180,Customer_362180,subscriber_362180@telecom-domain.com,False Information Given Just To Get Me Set Up Service,"Subscriber report regarding False Information Given Just To Get Me Set Up Service. Filing Channel: Internet. Location: Sacramento, California. Current Resolution Status: Solved.",Service Request,Medium,Frustrated,Solved,Sacramento,California,Internet,2026-08-06 19:53:14
TC-360778,Customer_360778,subscriber_360778@telecom-domain.com,Comcast speed throttling internet,"Subscriber report regarding Comcast speed throttling internet. Filing Channel: Customer Care Call. Location: Sacramento, California. Current Resolution Status: Pending.",Broadband Performance,Medium,Frustrated,Pending,Sacramento,California,Customer Care Call,2026-06-01 13:36:14
TC-367371,Customer_367371,subscriber_367371@telecom-domain.com,Possible throttle,"Subscriber report regarding Possible throttle. Filing Channel: Customer Care Call. Location: Sacramento, California. Current Resolution Status: Pending.",Broadband Performance,Medium,Frustrated,Pending,Sacramento,California,Customer Care Call,2026-05-07 16:52:14
TC-373782,Customer_373782,subscriber_373782@telecom-domain.com,throttling and disconnections,"Subscriber report regarding throttling and disconnections. Filing Channel: Customer Care Call. Location: Sacramento, California. Current Resolution Status: Pending.",Broadband Performance,Medium,Frustrated,Pending,Sacramento,California,Customer Care Call,2026-06-10 07:37:14
TC-287937,Customer_287937,subscriber_287937@telecom-domain.com,Internet offer rescinded,"Subscriber report regarding Internet offer rescinded. Filing Channel: Internet. Location: Sacremento, California. Current Resolution Status: Solved.",Service Request,Medium,Frustrated,Solved,Sacremento,California,Internet,2026-05-07 07:26:14
TC-339548,Customer_339548,subscriber_339548@telecom-domain.com,Internet Throttling,"Subscriber report regarding Internet Throttling. Filing Channel: Internet. Location: Saint Albans, Vermont. Current Resolution Status: Open.",Broadband Performance,Medium,Frustrated,Open,Saint Albans,Vermont,Internet,2026-05-14 23:56:14
TC-361124,Customer_361124,subscriber_361124@telecom-domain.com,Comcast,"Subscriber report regarding Comcast. Filing Channel: Internet. Location: Saint Anthony, Minnesota. Current Resolution Status: Solved.",Service Request,Medium,Frustrated,Solved,Saint Anthony,Minnesota,Internet,2026-03-29 16:37:14
TC-276683,Customer_276683,subscriber_276683@telecom-domain.com,comcast are crooks,"Subscriber report regarding comcast are crooks. Filing Channel: Internet. Location: Saint Cloud, Florida. Current Resolution Status: Solved.",Service Request,Medium,Frustrated,Solved,Saint Cloud,Florida,Internet,2026-06-07 15:36:14
TC-357746,Customer_357746,subscriber_357746@telecom-domain.com,Comcast price increase not in line with advertisement,"Subscriber report regarding Comcast price increase not in line with advertisement. Filing Channel: Customer Care Call. Location: Saint Paul, Minnesota. Current Resolution Status: Open.",Billing Dispute,Medium,Frustrated,Open,Saint Paul,Minnesota,Customer Care Call,2026-02-27 18:31:14
TC-235807,Customer_235807,subscriber_235807@telecom-domain.com,Comcast internet service,"Subscriber report regarding Comcast internet service. Filing Channel: Internet. Location: Salem, Massachusetts. Current Resolution Status: Solved.",Service Request,Medium,Frustrated,Solved,Salem,Massachusetts,Internet,2026-07-08 08:37:14
TC-222366,Customer_222366,subscriber_222366@telecom-domain.com,intermittant phone and internet,"Subscriber report regarding intermittant phone and internet. Filing Channel: Customer Care Call. Location: Salem, New Hampshire. Current Resolution Status: Solved.",Call Drops,Medium,Frustrated,Solved,Salem,New Hampshire,Customer Care Call,2026-06-18 23:47:14
TC-326985,Customer_326985,subscriber_326985@telecom-domain.com,Comcast ETF charge,"Subscriber report regarding Comcast ETF charge. Filing Channel: Internet. Location: Salem, Oregon. Current Resolution Status: Solved.",Billing Dispute,High,Negative,Solved,Salem,Oregon,Internet,2026-02-27 10:22:14
TC-262660,Customer_262660,subscriber_262660@telecom-domain.com,Being charged for a technician fee,"Subscriber report regarding Being charged for a technician fee. Filing Channel: Customer Care Call. Location: Salinas, California. Current Resolution Status: Solved.",Billing Dispute,High,Negative,Solved,Salinas,California,Customer Care Call,2026-04-26 18:40:14
TC-311883,Customer_311883,subscriber_311883@telecom-domain.com,Comcast Internet Service,"Subscriber report regarding Comcast Internet Service. Filing Channel: Customer Care Call. Location: Saline, Michigan. Current Resolution Status: Open.",Service Request,Medium,Frustrated,Open,Saline,Michigan,Customer Care Call,2026-08-04 04:33:14
TC-255516,Customer_255516,subscriber_255516@telecom-domain.com,availabilty,"Subscriber report regarding availabilty. Filing Channel: Customer Care Call. Location: Salisbury, Maryland. Current Resolution Status: Solved.",Service Request,Medium,Frustrated,Solved,Salisbury,Maryland,Customer Care Call,2026-06-02 16:54:14
TC-344563,Customer_344563,subscriber_344563@telecom-domain.com,Internet,"Subscriber report regarding Internet. Filing Channel: Customer Care Call. Location: Salisbury, Maryland. Current Resolution Status: Solved.",Service Request,Medium,Frustrated,Solved,Salisbury,Maryland,Customer Care Call,2026-06-17 08:49:14
TC-233296,Customer_233296,subscriber_233296@telecom-domain.com,Unauthorized 2-Year Contract With Comcast,"Subscriber report regarding Unauthorized 2-Year Contract With Comcast. Filing Channel: Internet. Location: Salt Lake City, Utah. Current Resolution Status: Solved.",Service Request,Medium,Frustrated,Solved,Salt Lake City,Utah,Internet,2026-03-02 08:24:14
TC-226023,Customer_226023,subscriber_226023@telecom-domain.com,Unwanted Email with no opt out options,"Subscriber report regarding Unwanted Email with no opt out options. Filing Channel: Customer Care Call. Location: Salt Lake City, Utah. Current Resolution Status: Solved.",Service Request,Medium,Frustrated,Solved,Salt Lake City,Utah,Customer Care Call,2026-05-24 23:25:14
TC-253290,Customer_253290,subscriber_253290@telecom-domain.com,Waive the Reoccuring charges,"Subscriber report regarding Waive the Reoccuring charges. Filing Channel: Customer Care Call. Location: Salt Lake City, Utah. Current Resolution Status: Solved.",Billing Dispute,High,Negative,Solved,Salt Lake City,Utah,Customer Care Call,2026-04-09 18:22:14
TC-261940,Customer_261940,subscriber_261940@telecom-domain.com,Difficulty with internet speeds,"Subscriber report regarding Difficulty with internet speeds. Filing Channel: Internet. Location: Salt Lake City, Utah. Current Resolution Status: Solved.",Broadband Performance,Medium,Frustrated,Solved,Salt Lake City,Utah,Internet,2026-06-09 13:53:14
TC-279007,Customer_279007,subscriber_279007@telecom-domain.com,Comcast move,"Subscriber report regarding Comcast move. Filing Channel: Internet. Location: Salt Lake City, Utah. Current Resolution Status: Open.",Service Request,Medium,Frustrated,Open,Salt Lake City,Utah,Internet,2026-05-28 13:00:14
TC-359071,Customer_359071,subscriber_359071@telecom-domain.com,Monopolistic Billing,"Subscriber report regarding Monopolistic Billing. Filing Channel: Customer Care Call. Location: Salt Lake City, Utah. Current Resolution Status: Solved.",Billing Dispute,Medium,Frustrated,Solved,Salt Lake City,Utah,Customer Care Call,2026-05-10 10:44:14
TC-359367,Customer_359367,subscriber_359367@telecom-domain.com,Uncompetitive pricing of Comcast Internet services,"Subscriber report regarding Uncompetitive pricing of Comcast Internet services. Filing Channel: Customer Care Call. Location: Salt Lake City, Utah. Current Resolution Status: Solved.",Billing Dispute,Medium,Frustrated,Solved,Salt Lake City,Utah,Customer Care Call,2026-07-30 02:01:14
TC-360219,Customer_360219,subscriber_360219@telecom-domain.com,Comcast forced me into a contract,"Subscriber report regarding Comcast forced me into a contract. Filing Channel: Internet. Location: Salt Lake City, Utah. Current Resolution Status: Solved.",Service Request,Medium,Frustrated,Solved,Salt Lake City,Utah,Internet,2026-07-20 18:22:14
TC-363567,Customer_363567,subscriber_363567@telecom-domain.com,Comcast,"Subscriber report regarding Comcast. Filing Channel: Customer Care Call. Location: Salt Lake City, Utah. Current Resolution Status: Solved.",Service Request,Medium,Frustrated,Solved,Salt Lake City,Utah,Customer Care Call,2026-07-29 12:56:14
TC-264258,Customer_264258,subscriber_264258@telecom-domain.com,Repeated installation issue with Comcast Internet service,"Subscriber report regarding Repeated installation issue with Comcast Internet service. Filing Channel: Internet. Location: Sammamish, Washington. Current Resolution Status: Solved.",Installation,Medium,Negative,Solved,Sammamish,Washington,Internet,2026-05-15 11:56:14
TC-242509,Customer_242509,subscriber_242509@telecom-domain.com,Ecobill discount,"Subscriber report regarding Ecobill discount. Filing Channel: Internet. Location: San Francisco, California. Current Resolution Status: Solved.",Billing Dispute,Medium,Frustrated,Solved,San Francisco,California,Internet,2026-07-31 23:53:14
TC-245779,Customer_245779,subscriber_245779@telecom-domain.com,Horrible customer service from Comcast,"Subscriber report regarding Horrible customer service from Comcast. Filing Channel: Internet. Location: San Francisco, California. Current Resolution Status: Solved.",Customer Service,High,Angry,Solved,San Francisco,California,Internet,2026-04-08 17:44:14
TC-242571,Customer_242571,subscriber_242571@telecom-domain.com,Comcast Internet,"Subscriber report regarding Comcast Internet. Filing Channel: Internet. Location: San Francisco, California. Current Resolution Status: Solved.",Service Request,Medium,Frustrated,Solved,San Francisco,California,Internet,2026-07-17 14:26:14
TC-268669,Customer_268669,subscriber_268669@telecom-domain.com,Comcast,"Subscriber report regarding Comcast. Filing Channel: Internet. Location: San Francisco, California. Current Resolution Status: Solved.",Service Request,Medium,Frustrated,Solved,San Francisco,California,Internet,2026-07-17 23:24:14
TC-281353,Customer_281353,subscriber_281353@telecom-domain.com,Comcast/Xfinity: Poor internet connection speed and poor customer service,"Subscriber report regarding Comcast/Xfinity: Poor internet connection speed and poor customer service. Filing Channel: Customer Care Call. Location: San Francisco, California. Current Resolution Status: Solved.",Broadband Performance,Medium,Frustrated,Solved,San Francisco,California,Customer Care Call,2026-06-10 05:00:14
TC-308648,Customer_308648,subscriber_308648@telecom-domain.com,I pay for 25Mbps internet but get less than 3Mbps,"Subscriber report regarding I pay for 25Mbps internet but get less than 3Mbps. Filing Channel: Internet. Location: San Francisco, California. Current Resolution Status: Open.",Broadband Performance,Medium,Frustrated,Open,San Francisco,California,Internet,2026-03-11 22:26:14
TC-328364,Customer_328364,subscriber_328364@telecom-domain.com,Comcast - Billing for service that they cannot provide,"Subscriber report regarding Comcast - Billing for service that they cannot provide. Filing Channel: Internet. Location: San Francisco, California. Current Resolution Status: Solved.",Billing Dispute,Medium,Frustrated,Solved,San Francisco,California,Internet,2026-05-14 05:37:14
TC-331768,Customer_331768,subscriber_331768@telecom-domain.com,Comcast Illegally Introduces Service Fees Without Notice or Customer Consent,"Subscriber report regarding Comcast Illegally Introduces Service Fees Without Notice or Customer Consent. Filing Channel: Internet. Location: San Francisco, California. Current Resolution Status: Solved.",Billing Dispute,High,Angry,Solved,San Francisco,California,Internet,2026-03-13 09:52:14
TC-333882,Customer_333882,subscriber_333882@telecom-domain.com,Comcast changed my package and wants me to pay more,"Subscriber report regarding Comcast changed my package and wants me to pay more. Filing Channel: Customer Care Call. Location: San Francisco, California. Current Resolution Status: Solved.",Service Request,Medium,Frustrated,Solved,San Francisco,California,Customer Care Call,2026-08-16 02:49:14
TC-352492,Customer_352492,subscriber_352492@telecom-domain.com,Comcast throttling or otherwise under-delivering internet service.,"Subscriber report regarding Comcast throttling or otherwise under-delivering internet service.. Filing Channel: Customer Care Call. Location: San Francisco, California. Current Resolution Status: Open.",Broadband Performance,Medium,Frustrated,Open,San Francisco,California,Customer Care Call,2026-03-15 09:08:14
TC-359857,Customer_359857,subscriber_359857@telecom-domain.com,Comcast refuses to lower my bill to prevoius agreement,"Subscriber report regarding Comcast refuses to lower my bill to prevoius agreement. Filing Channel: Customer Care Call. Location: San Francisco, California. Current Resolution Status: Solved.",Billing Dispute,High,Angry,Solved,San Francisco,California,Customer Care Call,2026-06-29 21:47:14
TC-359987,Customer_359987,subscriber_359987@telecom-domain.com,Billing and deceitful practices by Comcast,"Subscriber report regarding Billing and deceitful practices by Comcast. Filing Channel: Internet. Location: San Francisco, California. Current Resolution Status: Solved.",Billing Dispute,Medium,Frustrated,Solved,San Francisco,California,Internet,2026-04-30 02:41:14
TC-361965,Customer_361965,subscriber_361965@telecom-domain.com,Unfair Billing Practices engaged by Comcast/XFinity,"Subscriber report regarding Unfair Billing Practices engaged by Comcast/XFinity. Filing Channel: Customer Care Call. Location: San Francisco, California. Current Resolution Status: Solved.",Billing Dispute,Medium,Frustrated,Solved,San Francisco,California,Customer Care Call,2026-04-04 15:59:14
TC-362015,Customer_362015,subscriber_362015@telecom-domain.com,"Comcast overcharging, despite regular calls and agreed upon price","Subscriber report regarding Comcast overcharging, despite regular calls and agreed upon price. Filing Channel: Customer Care Call. Location: San Francisco, California. Current Resolution Status: Solved.",Billing Dispute,Medium,Frustrated,Solved,San Francisco,California,Customer Care Call,2026-03-01 15:34:14
TC-362908,Customer_362908,subscriber_362908@telecom-domain.com,Unclear Quoted Speeds and Prices,"Subscriber report regarding Unclear Quoted Speeds and Prices. Filing Channel: Internet. Location: San Francisco, California. Current Resolution Status: Solved.",Billing Dispute,Medium,Frustrated,Solved,San Francisco,California,Internet,2026-07-16 20:00:14
TC-362981,Customer_362981,subscriber_362981@telecom-domain.com,Comcast billing practices,"Subscriber report regarding Comcast billing practices. Filing Channel: Customer Care Call. Location: San Francisco, California. Current Resolution Status: Solved.",Billing Dispute,Medium,Frustrated,Solved,San Francisco,California,Customer Care Call,2026-05-18 21:31:14
TC-360757,Customer_360757,subscriber_360757@telecom-domain.com,Internet Issues With Comcast,"Subscriber report regarding Internet Issues With Comcast. Filing Channel: Customer Care Call. Location: San Francisco, California. Current Resolution Status: Solved.",Service Request,Medium,Negative,Solved,San Francisco,California,Customer Care Call,2026-05-13 18:16:14
TC-363743,Customer_363743,subscriber_363743@telecom-domain.com,Internet speed,"Subscriber report regarding Internet speed. Filing Channel: Customer Care Call. Location: San Francisco, California. Current Resolution Status: Open.",Broadband Performance,Medium,Frustrated,Open,San Francisco,California,Customer Care Call,2026-05-12 22:10:14
TC-368787,Customer_368787,subscriber_368787@telecom-domain.com,Awful Internet,"Subscriber report regarding Awful Internet. Filing Channel: Customer Care Call. Location: San Francisco, California. Current Resolution Status: Pending.",Service Request,Medium,Frustrated,Pending,San Francisco,California,Customer Care Call,2026-05-13 11:42:14
TC-375439,Customer_375439,subscriber_375439@telecom-domain.com,Being charged incorrect price,"Subscriber report regarding Being charged incorrect price. Filing Channel: Internet. Location: San Francisco, California. Current Resolution Status: Solved.",Billing Dispute,High,Negative,Solved,San Francisco,California,Internet,2026-04-19 02:30:14
TC-220289,Customer_220289,subscriber_220289@telecom-domain.com,False billing,"Subscriber report regarding False billing. Filing Channel: Customer Care Call. Location: San Jose, California. Current Resolution Status: Solved.",Billing Dispute,Medium,Frustrated,Solved,San Jose,California,Customer Care Call,2026-05-22 20:15:14
TC-226118,Customer_226118,subscriber_226118@telecom-domain.com,Postal Mail Ticket - #0057,"Subscriber report regarding Postal Mail Ticket - #0057. Filing Channel: Customer Care Call. Location: San Jose, California. Current Resolution Status: Solved.",Service Request,Medium,Frustrated,Solved,San Jose,California,Customer Care Call,2026-06-12 05:31:14
TC-241909,Customer_241909,subscriber_241909@telecom-domain.com,Comcast Xfinity Charges Consumer for Troubleshooting/Fixing its Own Problems,"Subscriber report regarding Comcast Xfinity Charges Consumer for Troubleshooting/Fixing its Own Problems. Filing Channel: Internet. Location: San Jose, California. Current Resolution Status: Solved.",Billing Dispute,High,Negative,Solved,San Jose,California,Internet,2026-05-06 19:03:14
TC-224872,Customer_224872,subscriber_224872@telecom-domain.com,recent hacking of email account,"Subscriber report regarding recent hacking of email account. Filing Channel: Customer Care Call. Location: San Jose, California. Current Resolution Status: Solved.",Service Request,Medium,Frustrated,Solved,San Jose,California,Customer Care Call,2026-02-26 05:14:14
TC-231549,Customer_231549,subscriber_231549@telecom-domain.com,Comcast Billing,"Subscriber report regarding Comcast Billing. Filing Channel: Customer Care Call. Location: San Jose, California. Current Resolution Status: Solved.",Billing Dispute,Medium,Frustrated,Solved,San Jose,California,Customer Care Call,2026-04-21 07:15:14
TC-255243,Customer_255243,subscriber_255243@telecom-domain.com,Internet service termination,"Subscriber report regarding Internet service termination. Filing Channel: Customer Care Call. Location: San Jose, California. Current Resolution Status: Solved.",Service Request,Medium,Frustrated,Solved,San Jose,California,Customer Care Call,2026-03-24 13:47:14
TC-270077,Customer_270077,subscriber_270077@telecom-domain.com,Unnecessary charge by Comcast for technician visit,"Subscriber report regarding Unnecessary charge by Comcast for technician visit. Filing Channel: Customer Care Call. Location: San Jose, California. Current Resolution Status: Solved.",Billing Dispute,High,Negative,Solved,San Jose,California,Customer Care Call,2026-06-01 12:52:14
TC-282772,Customer_282772,subscriber_282772@telecom-domain.com,"RACIST CUSTOMER SERVICE FROM MANAGER SONIA AND EMPLOYEE ADRIANA COMCAST LOCATION ""999 Edgewater Blvd, Foster City, CA 94404""","Subscriber report regarding RACIST CUSTOMER SERVICE FROM MANAGER SONIA AND EMPLOYEE ADRIANA COMCAST LOCATION ""999 Edgewater Blvd, Foster City, CA 94404"". Filing Channel: Internet. Location: San Jose, California. Current Resolution Status: Solved.",Customer Service,Medium,Frustrated,Solved,San Jose,California,Internet,2026-07-11 16:27:14
TC-318183,Customer_318183,subscriber_318183@telecom-domain.com,Fraudulent use of credit card and credit card information,"Subscriber report regarding Fraudulent use of credit card and credit card information. Filing Channel: Customer Care Call. Location: San Jose, California. Current Resolution Status: Solved.",Billing Dispute,High,Angry,Solved,San Jose,California,Customer Care Call,2026-04-02 14:18:14
TC-325969,Customer_325969,subscriber_325969@telecom-domain.com,Reporting Comcast's Various Problems,"Subscriber report regarding Reporting Comcast's Various Problems. Filing Channel: Customer Care Call. Location: San Jose, California. Current Resolution Status: Solved.",Service Request,Medium,Negative,Solved,San Jose,California,Customer Care Call,2026-04-14 19:38:14
TC-349454,Customer_349454,subscriber_349454@telecom-domain.com,Comcast Billing Complaint,"Subscriber report regarding Comcast Billing Complaint. Filing Channel: Customer Care Call. Location: San Jose, California. Current Resolution Status: Open.",Billing Dispute,Medium,Frustrated,Open,San Jose,California,Customer Care Call,2026-03-22 06:45:14
TC-348118,Customer_348118,subscriber_348118@telecom-domain.com,Postal Mail Ticket #2334,"Subscriber report regarding Postal Mail Ticket #2334. Filing Channel: Customer Care Call. Location: San Jose, California. Current Resolution Status: Open.",Service Request,Medium,Frustrated,Open,San Jose,California,Customer Care Call,2026-08-01 10:14:14
TC-358465,Customer_358465,subscriber_358465@telecom-domain.com,Double billing,"Subscriber report regarding Double billing. Filing Channel: Customer Care Call. Location: San Jose, California. Current Resolution Status: Solved.",Billing Dispute,Medium,Frustrated,Solved,San Jose,California,Customer Care Call,2026-02-25 05:11:14
TC-359252,Customer_359252,subscriber_359252@telecom-domain.com,Refund issues,"Subscriber report regarding Refund issues. Filing Channel: Customer Care Call. Location: San Jose, California. Current Resolution Status: Solved.",Billing Dispute,High,Negative,Solved,San Jose,California,Customer Care Call,2026-08-06 18:21:14
TC-360274,Customer_360274,subscriber_360274@telecom-domain.com,Price Increase,"Subscriber report regarding Price Increase. Filing Channel: Customer Care Call. Location: San Jose, California. Current Resolution Status: Open.",Billing Dispute,Medium,Frustrated,Open,San Jose,California,Customer Care Call,2026-03-10 13:27:14
TC-359652,Customer_359652,subscriber_359652@telecom-domain.com,Comcast Unfair Product Bundling,"Subscriber report regarding Comcast Unfair Product Bundling. Filing Channel: Internet. Location: San Jose, California. Current Resolution Status: Solved.",Service Request,Medium,Frustrated,Solved,San Jose,California,Internet,2026-08-07 13:57:14
TC-359923,Customer_359923,subscriber_359923@telecom-domain.com,Comcast not refunding deposit for cancelled Internet,"Subscriber report regarding Comcast not refunding deposit for cancelled Internet. Filing Channel: Customer Care Call. Location: San Jose, California. Current Resolution Status: Solved.",Billing Dispute,Medium,Frustrated,Solved,San Jose,California,Customer Care Call,2026-05-02 18:21:14
TC-360797,Customer_360797,subscriber_360797@telecom-domain.com,Comcast artificially inflating prices of Internet only services,"Subscriber report regarding Comcast artificially inflating prices of Internet only services. Filing Channel: Customer Care Call. Location: San Jose, California. Current Resolution Status: Open.",Billing Dispute,Medium,Frustrated,Open,San Jose,California,Customer Care Call,2026-04-09 06:34:14
TC-360606,Customer_360606,subscriber_360606@telecom-domain.com,Extremely slow internet and no aid from Comcast,"Subscriber report regarding Extremely slow internet and no aid from Comcast. Filing Channel: Customer Care Call. Location: San Jose, California. Current Resolution Status: Solved.",Broadband Performance,Medium,Negative,Solved,San Jose,California,Customer Care Call,2026-03-22 03:29:14
TC-363769,Customer_363769,subscriber_363769@telecom-domain.com,Throttling/drastic reduction of speeds,"Subscriber report regarding Throttling/drastic reduction of speeds. Filing Channel: Internet. Location: San Jose, California. Current Resolution Status: Solved.",Broadband Performance,Medium,Frustrated,Solved,San Jose,California,Internet,2026-05-20 16:37:14
TC-275947,Customer_275947,subscriber_275947@telecom-domain.com,Comcast FRAUD,"Subscriber report regarding Comcast FRAUD. Filing Channel: Customer Care Call. Location: San Leandro, California. Current Resolution Status: Solved.",Service Request,High,Angry,Solved,San Leandro,California,Customer Care Call,2026-03-29 09:54:14
TC-360756,Customer_360756,subscriber_360756@telecom-domain.com,Comcast forces rep visit then goes back on their promise,"Subscriber report regarding Comcast forces rep visit then goes back on their promise. Filing Channel: Customer Care Call. Location: San Leandro, California. Current Resolution Status: Solved.",Service Request,Medium,Frustrated,Solved,San Leandro,California,Customer Care Call,2026-04-07 16:06:14
TC-236729,Customer_236729,subscriber_236729@telecom-domain.com,COMCAST DENIES PROVIDING OFFERED SERVICE,"Subscriber report regarding COMCAST DENIES PROVIDING OFFERED SERVICE. Filing Channel: Customer Care Call. Location: San Mateo, California. Current Resolution Status: Solved.",Service Request,Medium,Frustrated,Solved,San Mateo,California,Customer Care Call,2026-04-02 04:37:14
TC-338467,Customer_338467,subscriber_338467@telecom-domain.com,Cable internet unavailable,"Subscriber report regarding Cable internet unavailable. Filing Channel: Internet. Location: San Mateo, California. Current Resolution Status: Solved.",Service Request,Medium,Frustrated,Solved,San Mateo,California,Internet,2026-05-23 21:03:14
TC-360209,Customer_360209,subscriber_360209@telecom-domain.com,unfair pricing and raising of pricing and charging without permission,"Subscriber report regarding unfair pricing and raising of pricing and charging without permission. Filing Channel: Customer Care Call. Location: San Mateo, California. Current Resolution Status: Solved.",Billing Dispute,Medium,Frustrated,Solved,San Mateo,California,Customer Care Call,2026-08-01 03:29:14
TC-369601,Customer_369601,subscriber_369601@telecom-domain.com,Concern about Comcast Internet Modem Billing Practices,"Subscriber report regarding Concern about Comcast Internet Modem Billing Practices. Filing Channel: Customer Care Call. Location: San Mateo, California. Current Resolution Status: Solved.",Billing Dispute,Medium,Frustrated,Solved,San Mateo,California,Customer Care Call,2026-06-13 22:14:14
TC-370302,Customer_370302,subscriber_370302@telecom-domain.com,Unfair fees?,"Subscriber report regarding Unfair fees?. Filing Channel: Customer Care Call. Location: San Mateo, California. Current Resolution Status: Solved.",Billing Dispute,Medium,Frustrated,Solved,San Mateo,California,Customer Care Call,2026-06-26 06:25:14
TC-364260,Customer_364260,subscriber_364260@telecom-domain.com,Slow Internet speed,"Subscriber report regarding Slow Internet speed. Filing Channel: Customer Care Call. Location: San Rafael, California. Current Resolution Status: Open.",Broadband Performance,Medium,Negative,Open,San Rafael,California,Customer Care Call,2026-07-01 02:36:14
TC-370299,Customer_370299,subscriber_370299@telecom-domain.com,Comcast changes bill prices without my consent,"Subscriber report regarding Comcast changes bill prices without my consent. Filing Channel: Internet. Location: San Rafael, California. Current Resolution Status: Open.",Billing Dispute,Medium,Frustrated,Open,San Rafael,California,Internet,2026-05-15 16:01:14
TC-258662,Customer_258662,subscriber_258662@telecom-domain.com,false claims of internet speed tier,"Subscriber report regarding false claims of internet speed tier. Filing Channel: Internet. Location: San Ramon, California. Current Resolution Status: Solved.",Broadband Performance,Medium,Frustrated,Solved,San Ramon,California,Internet,2026-05-13 00:57:14
TC-329234,Customer_329234,subscriber_329234@telecom-domain.com,"Poor Interent Connection-equipment failure, slow speed","Subscriber report regarding Poor Interent Connection-equipment failure, slow speed. Filing Channel: Internet. Location: San Ramon, California. Current Resolution Status: Solved.",Broadband Performance,Medium,Negative,Solved,San Ramon,California,Internet,2026-03-19 16:14:14
TC-334953,Customer_334953,subscriber_334953@telecom-domain.com,Comcast False & Misleading sale practice,"Subscriber report regarding Comcast False & Misleading sale practice. Filing Channel: Internet. Location: San Ramon, California. Current Resolution Status: Solved.",Service Request,Medium,Frustrated,Solved,San Ramon,California,Internet,2026-03-13 20:03:14
TC-345891,Customer_345891,subscriber_345891@telecom-domain.com,misleading sales practice and advertising,"Subscriber report regarding misleading sales practice and advertising. Filing Channel: Internet. Location: San Ramon, California. Current Resolution Status: Solved.",Service Request,Medium,Frustrated,Solved,San Ramon,California,Internet,2026-08-13 06:44:14
TC-362791,Customer_362791,subscriber_362791@telecom-domain.com,"Comcast sold me a ""package"" knowing it wouldn't work for me, and proceeded to charge me more and attempt to tack on fees for their mistake","Subscriber report regarding Comcast sold me a ""package"" knowing it wouldn't work for me, and proceeded to charge me more and attempt to tack on fees for their mistake. Filing Channel: Customer Care Call. Location: San Ramon, California. Current Resolution Status: Open.",Billing Dispute,High,Negative,Open,San Ramon,California,Customer Care Call,2026-06-23 21:34:14
TC-360597,Customer_360597,subscriber_360597@telecom-domain.com,Comcast bill way too high for such slow speeds,"Subscriber report regarding Comcast bill way too high for such slow speeds. Filing Channel: Customer Care Call. Location: Sandy, Utah. Current Resolution Status: Open.",Billing Dispute,High,Negative,Open,Sandy,Utah,Customer Care Call,2026-02-27 16:49:14
TC-240275,Customer_240275,subscriber_240275@telecom-domain.com,Comcast blocking HBO GO access on Playstation 4,"Subscriber report regarding Comcast blocking HBO GO access on Playstation 4. Filing Channel: Customer Care Call. Location: Sandy Springs, Georgia. Current Resolution Status: Solved.",Service Request,Medium,Frustrated,Solved,Sandy Springs,Georgia,Customer Care Call,2026-03-04 08:26:14
TC-298256,Customer_298256,subscriber_298256@telecom-domain.com,"Comcast Xfinity Data Cap in Atlanta, GA","Subscriber report regarding Comcast Xfinity Data Cap in Atlanta, GA. Filing Channel: Customer Care Call. Location: Sandy Springs, Georgia. Current Resolution Status: Solved.",Data / Usage Issue,Medium,Frustrated,Solved,Sandy Springs,Georgia,Customer Care Call,2026-06-27 21:48:14
TC-363682,Customer_363682,subscriber_363682@telecom-domain.com,Comcast Data Caps,"Subscriber report regarding Comcast Data Caps. Filing Channel: Internet. Location: Sandy Springs, Georgia. Current Resolution Status: Pending.",Data / Usage Issue,Medium,Negative,Pending,Sandy Springs,Georgia,Internet,2026-07-08 15:13:14
TC-367260,Customer_367260,subscriber_367260@telecom-domain.com,Comcast ignores my requests to cancel a service and instead added product to my bill and increased the monthly cost.,"Subscriber report regarding Comcast ignores my requests to cancel a service and instead added product to my bill and increased the monthly cost.. Filing Channel: Internet. Location: Sandy Springs, Georgia. Current Resolution Status: Open.",Billing Dispute,Medium,Frustrated,Open,Sandy Springs,Georgia,Internet,2026-08-01 13:33:14
TC-220760,Customer_220760,subscriber_220760@telecom-domain.com,Being Charged for High Speed Internet and Services are not Rendered,"Subscriber report regarding Being Charged for High Speed Internet and Services are not Rendered. Filing Channel: Internet. Location: Sanger, California. Current Resolution Status: Solved.",Billing Dispute,High,Negative,Solved,Sanger,California,Internet,2026-03-13 05:40:14
TC-342274,Customer_342274,subscriber_342274@telecom-domain.com,Internet unreliable,"Subscriber report regarding Internet unreliable. Filing Channel: Internet. Location: Sanger, California. Current Resolution Status: Open.",Service Request,Medium,Frustrated,Open,Sanger,California,Internet,2026-08-03 02:06:14
TC-359280,Customer_359280,subscriber_359280@telecom-domain.com,Price of Internet service,"Subscriber report regarding Price of Internet service. Filing Channel: Customer Care Call. Location: Santa Clara, California. Current Resolution Status: Open.",Billing Dispute,Medium,Frustrated,Open,Santa Clara,California,Customer Care Call,2026-04-04 18:51:14
TC-359993,Customer_359993,subscriber_359993@telecom-domain.com,closed account,"Subscriber report regarding closed account. Filing Channel: Internet. Location: Santa Clara, California. Current Resolution Status: Solved.",Service Request,Medium,Frustrated,Solved,Santa Clara,California,Internet,2026-07-05 06:48:14
TC-360705,Customer_360705,subscriber_360705@telecom-domain.com,Comcast inflated internet pricing,"Subscriber report regarding Comcast inflated internet pricing. Filing Channel: Internet. Location: Santa Clara, California. Current Resolution Status: Open.",Billing Dispute,Medium,Frustrated,Open,Santa Clara,California,Internet,2026-06-07 20:18:14
TC-360684,Customer_360684,subscriber_360684@telecom-domain.com,Expensive Internet Service for average speed,"Subscriber report regarding Expensive Internet Service for average speed. Filing Channel: Internet. Location: Santa Clara, California. Current Resolution Status: Open.",Broadband Performance,Medium,Frustrated,Open,Santa Clara,California,Internet,2026-07-18 20:20:14
TC-374393,Customer_374393,subscriber_374393@telecom-domain.com,Comcast pricing practices,"Subscriber report regarding Comcast pricing practices. Filing Channel: Customer Care Call. Location: Santa Clara, California. Current Resolution Status: Open.",Billing Dispute,Medium,Frustrated,Open,Santa Clara,California,Customer Care Call,2026-03-12 12:12:14
TC-360315,Customer_360315,subscriber_360315@telecom-domain.com,Pricing and lies,"Subscriber report regarding Pricing and lies. Filing Channel: Customer Care Call. Location: Santa Cruz, California. Current Resolution Status: Solved.",Billing Dispute,Medium,Frustrated,Solved,Santa Cruz,California,Customer Care Call,2026-06-04 09:58:14
TC-360375,Customer_360375,subscriber_360375@telecom-domain.com,Charge for service they won't deliver,"Subscriber report regarding Charge for service they won't deliver. Filing Channel: Customer Care Call. Location: Santa Cruz, California. Current Resolution Status: Open.",Billing Dispute,High,Negative,Open,Santa Cruz,California,Customer Care Call,2026-03-11 13:09:14
TC-361828,Customer_361828,subscriber_361828@telecom-domain.com,"Comcast throttles Santa Cruz CA to 30Mbits, claims we get 50Mbits","Subscriber report regarding Comcast throttles Santa Cruz CA to 30Mbits, claims we get 50Mbits. Filing Channel: Internet. Location: Santa Cruz, California. Current Resolution Status: Solved.",Broadband Performance,Medium,Frustrated,Solved,Santa Cruz,California,Internet,2026-04-18 12:31:14
TC-362758,Customer_362758,subscriber_362758@telecom-domain.com,"Comcast Misrepresenting Speeds in Santa Cruz, CA","Subscriber report regarding Comcast Misrepresenting Speeds in Santa Cruz, CA. Filing Channel: Customer Care Call. Location: Santa Cruz, California. Current Resolution Status: Solved.",Broadband Performance,Medium,Frustrated,Solved,Santa Cruz,California,Customer Care Call,2026-03-25 03:04:14
TC-363269,Customer_363269,subscriber_363269@telecom-domain.com,Comcast wrong advertised speeds,"Subscriber report regarding Comcast wrong advertised speeds. Filing Channel: Customer Care Call. Location: Santa Cruz, California. Current Resolution Status: Open.",Broadband Performance,Medium,Frustrated,Open,Santa Cruz,California,Customer Care Call,2026-04-17 17:12:14
TC-366448,Customer_366448,subscriber_366448@telecom-domain.com,Misrepresented Internet Speed,"Subscriber report regarding Misrepresented Internet Speed. Filing Channel: Customer Care Call. Location: Santa Cruz, California. Current Resolution Status: Solved.",Broadband Performance,Medium,Frustrated,Solved,Santa Cruz,California,Customer Care Call,2026-06-10 17:36:14
TC-373541,Customer_373541,subscriber_373541@telecom-domain.com,Being charged for internet speeds that equipment can not deliver,"Subscriber report regarding Being charged for internet speeds that equipment can not deliver. Filing Channel: Customer Care Call. Location: Santa Cruz, California. Current Resolution Status: Open.",Billing Dispute,High,Negative,Open,Santa Cruz,California,Customer Care Call,2026-07-31 19:52:14
TC-215057,Customer_215057,subscriber_215057@telecom-domain.com,Huge number of lies from Comcast,"Subscriber report regarding Huge number of lies from Comcast. Filing Channel: Customer Care Call. Location: Santa Fe, New Mexico. Current Resolution Status: Solved.",Service Request,Medium,Frustrated,Solved,Santa Fe,New Mexico,Customer Care Call,2026-04-28 04:35:14
TC-329212,Customer_329212,subscriber_329212@telecom-domain.com,Comcast Internet and TV,"Subscriber report regarding Comcast Internet and TV. Filing Channel: Customer Care Call. Location: Santa Fe, New Mexico. Current Resolution Status: Solved.",Service Request,Medium,Frustrated,Solved,Santa Fe,New Mexico,Customer Care Call,2026-04-28 13:30:14
TC-343521,Customer_343521,subscriber_343521@telecom-domain.com,Poor internet reception,"Subscriber report regarding Poor internet reception. Filing Channel: Customer Care Call. Location: Santa Fe, New Mexico. Current Resolution Status: Open.",Service Request,Medium,Frustrated,Open,Santa Fe,New Mexico,Customer Care Call,2026-07-23 07:15:14
TC-360587,Customer_360587,subscriber_360587@telecom-domain.com,Overcharging and shitty service,"Subscriber report regarding Overcharging and shitty service. Filing Channel: Internet. Location: Santa Fe, New Mexico. Current Resolution Status: Solved.",Service Request,Medium,Frustrated,Solved,Santa Fe,New Mexico,Internet,2026-05-20 22:49:14
TC-373570,Customer_373570,subscriber_373570@telecom-domain.com,Comcast bait and switch,"Subscriber report regarding Comcast bait and switch. Filing Channel: Internet. Location: Santa Fe, New Mexico. Current Resolution Status: Solved.",Service Request,Medium,Frustrated,Solved,Santa Fe,New Mexico,Internet,2026-08-06 16:01:14
TC-331416,Customer_331416,subscriber_331416@telecom-domain.com,Comcast Issues,"Subscriber report regarding Comcast Issues. Filing Channel: Internet. Location: Santa Fe, Texas. Current Resolution Status: Solved.",Service Request,Medium,Negative,Solved,Santa Fe,Texas,Internet,2026-03-23 21:44:14
TC-373855,Customer_373855,subscriber_373855@telecom-domain.com,Throttled connection at peak time,"Subscriber report regarding Throttled connection at peak time. Filing Channel: Customer Care Call. Location: Santa Maria, California. Current Resolution Status: Pending.",Broadband Performance,Medium,Frustrated,Pending,Santa Maria,California,Customer Care Call,2026-02-26 10:24:14
TC-349270,Customer_349270,subscriber_349270@telecom-domain.com,Comcast,"Subscriber report regarding Comcast. Filing Channel: Internet. Location: Santa Rosa, California. Current Resolution Status: Solved.",Service Request,Medium,Frustrated,Solved,Santa Rosa,California,Internet,2026-07-04 22:02:14
TC-359612,Customer_359612,subscriber_359612@telecom-domain.com,Price manipulation,"Subscriber report regarding Price manipulation. Filing Channel: Customer Care Call. Location: Santa Rosa, California. Current Resolution Status: Solved.",Billing Dispute,Medium,Frustrated,Solved,Santa Rosa,California,Customer Care Call,2026-05-24 05:39:14
TC-361718,Customer_361718,subscriber_361718@telecom-domain.com,charges for internet service are bogus,"Subscriber report regarding charges for internet service are bogus. Filing Channel: Customer Care Call. Location: Sarasota, Florida. Current Resolution Status: Solved.",Billing Dispute,High,Negative,Solved,Sarasota,Florida,Customer Care Call,2026-04-03 23:16:14
TC-316973,Customer_316973,subscriber_316973@telecom-domain.com,EXTREMELY slow Comcast Internet Connection...Have tried to have fixed but no one comes,"Subscriber report regarding EXTREMELY slow Comcast Internet Connection...Have tried to have fixed but no one comes. Filing Channel: Internet. Location: Sarasota, Florida. Current Resolution Status: Solved.",Broadband Performance,Medium,Negative,Solved,Sarasota,Florida,Internet,2026-04-18 13:40:14
TC-213120,Customer_213120,subscriber_213120@telecom-domain.com,Data Overages,"Subscriber report regarding Data Overages. Filing Channel: Internet. Location: Savannah, Georgia. Current Resolution Status: Solved.",Data / Usage Issue,Medium,Frustrated,Solved,Savannah,Georgia,Internet,2026-06-13 05:48:14
TC-215649,Customer_215649,subscriber_215649@telecom-domain.com,Internet service disconnected accidentally by Comcast personnel. Poor service.,"Subscriber report regarding Internet service disconnected accidentally by Comcast personnel. Poor service.. Filing Channel: Internet. Location: Savannah, Georgia. Current Resolution Status: Solved.",Service Outage,Medium,Frustrated,Solved,Savannah,Georgia,Internet,2026-08-03 02:27:14
TC-230442,Customer_230442,subscriber_230442@telecom-domain.com,Intenet Advertised rate versus customer service phone quote with Comcast XFINITY,"Subscriber report regarding Intenet Advertised rate versus customer service phone quote with Comcast XFINITY. Filing Channel: Internet. Location: Savannah, Georgia. Current Resolution Status: Solved.",Call Drops,Medium,Frustrated,Solved,Savannah,Georgia,Internet,2026-08-04 01:23:14
TC-257104,Customer_257104,subscriber_257104@telecom-domain.com,Comcast,"Subscriber report regarding Comcast. Filing Channel: Customer Care Call. Location: Savannah, Georgia. Current Resolution Status: Solved.",Service Request,Medium,Frustrated,Solved,Savannah,Georgia,Customer Care Call,2026-04-25 11:07:14
TC-306396,Customer_306396,subscriber_306396@telecom-domain.com,Customer Service & Billing,"Subscriber report regarding Customer Service & Billing. Filing Channel: Internet. Location: Savannah, Georgia. Current Resolution Status: Solved.",Billing Dispute,Medium,Frustrated,Solved,Savannah,Georgia,Internet,2026-03-02 03:43:14
TC-308746,Customer_308746,subscriber_308746@telecom-domain.com,Service issues,"Subscriber report regarding Service issues. Filing Channel: Internet. Location: Savannah, Georgia. Current Resolution Status: Open.",Service Request,Medium,Negative,Open,Savannah,Georgia,Internet,2026-07-28 04:32:14
TC-336532,Customer_336532,subscriber_336532@telecom-domain.com,Billing & Customer Service Issues,"Subscriber report regarding Billing & Customer Service Issues. Filing Channel: Internet. Location: Savannah, Georgia. Current Resolution Status: Solved.",Billing Dispute,High,Negative,Solved,Savannah,Georgia,Internet,2026-06-14 23:30:14
TC-359832,Customer_359832,subscriber_359832@telecom-domain.com,Outrageous billing costs and Data caps,"Subscriber report regarding Outrageous billing costs and Data caps. Filing Channel: Internet. Location: Savannah, Georgia. Current Resolution Status: Pending.",Data / Usage Issue,Medium,Negative,Pending,Savannah,Georgia,Internet,2026-07-30 21:59:14
TC-365373,Customer_365373,subscriber_365373@telecom-domain.com,Falsifying Plan Rates and Charges,"Subscriber report regarding Falsifying Plan Rates and Charges. Filing Channel: Internet. Location: Savannah, Georgia. Current Resolution Status: Open.",Billing Dispute,High,Negative,Open,Savannah,Georgia,Internet,2026-03-12 08:20:14
TC-369310,Customer_369310,subscriber_369310@telecom-domain.com,comcast data cap,"Subscriber report regarding comcast data cap. Filing Channel: Internet. Location: Savannah, Georgia. Current Resolution Status: Solved.",Data / Usage Issue,Medium,Frustrated,Solved,Savannah,Georgia,Internet,2026-08-03 14:02:14
TC-371792,Customer_371792,subscriber_371792@telecom-domain.com,Bait and switch service,"Subscriber report regarding Bait and switch service. Filing Channel: Customer Care Call. Location: Savannah, Georgia. Current Resolution Status: Pending.",Service Request,Medium,Frustrated,Pending,Savannah,Georgia,Customer Care Call,2026-05-07 02:12:14
TC-373607,Customer_373607,subscriber_373607@telecom-domain.com,Unable to change my service,"Subscriber report regarding Unable to change my service. Filing Channel: Customer Care Call. Location: Savannah, Georgia. Current Resolution Status: Open.",Service Request,Medium,Frustrated,Open,Savannah,Georgia,Customer Care Call,2026-06-05 03:17:14
TC-358520,Customer_358520,subscriber_358520@telecom-domain.com,Comcast bill and service disclosure,"Subscriber report regarding Comcast bill and service disclosure. Filing Channel: Customer Care Call. Location: Scappoose, Oregon. Current Resolution Status: Solved.",Billing Dispute,Medium,Frustrated,Solved,Scappoose,Oregon,Customer Care Call,2026-07-27 06:32:14
TC-211255,Customer_211255,subscriber_211255@telecom-domain.com,Comcast harassment,"Subscriber report regarding Comcast harassment. Filing Channel: Customer Care Call. Location: Schaumburg, Illinois. Current Resolution Status: Solved.",Service Request,Medium,Frustrated,Solved,Schaumburg,Illinois,Customer Care Call,2026-05-10 10:20:14
TC-284663,Customer_284663,subscriber_284663@telecom-domain.com,Complaint regarding billing practices,"Subscriber report regarding Complaint regarding billing practices. Filing Channel: Customer Care Call. Location: Schaumburg, Illinois. Current Resolution Status: Solved.",Billing Dispute,Medium,Frustrated,Solved,Schaumburg,Illinois,Customer Care Call,2026-07-23 07:47:14
TC-328348,Customer_328348,subscriber_328348@telecom-domain.com,Complaint against Comcast for provisioning of Internet Service ar Residential Address,"Subscriber report regarding Complaint against Comcast for provisioning of Internet Service ar Residential Address. Filing Channel: Customer Care Call. Location: Schaumburg, Illinois. Current Resolution Status: Solved.",Service Request,Medium,Frustrated,Solved,Schaumburg,Illinois,Customer Care Call,2026-03-22 21:04:14
TC-353209,Customer_353209,subscriber_353209@telecom-domain.com,Install Gone Bad,"Subscriber report regarding Install Gone Bad. Filing Channel: Internet. Location: Schaumburg, Illinois. Current Resolution Status: Solved.",Installation,Medium,Frustrated,Solved,Schaumburg,Illinois,Internet,2026-04-06 19:05:14
TC-360692,Customer_360692,subscriber_360692@telecom-domain.com,Comcast's unfair pricing,"Subscriber report regarding Comcast's unfair pricing. Filing Channel: Customer Care Call. Location: Schaumburg, Illinois. Current Resolution Status: Solved.",Billing Dispute,Medium,Frustrated,Solved,Schaumburg,Illinois,Customer Care Call,2026-04-22 13:31:14
TC-263241,Customer_263241,subscriber_263241@telecom-domain.com,needed tech suport,"Subscriber report regarding needed tech suport. Filing Channel: Customer Care Call. Location: Scituate, Massachusetts. Current Resolution Status: Solved.",Service Request,Medium,Frustrated,Solved,Scituate,Massachusetts,Customer Care Call,2026-07-13 08:40:14
TC-277390,Customer_277390,subscriber_277390@telecom-domain.com,Speed Misrepresentation,"Subscriber report regarding Speed Misrepresentation. Filing Channel: Customer Care Call. Location: Scotts Valley, California. Current Resolution Status: Solved.",Broadband Performance,Medium,Frustrated,Solved,Scotts Valley,California,Customer Care Call,2026-05-18 18:59:14
TC-347759,Customer_347759,subscriber_347759@telecom-domain.com,Fraudulent advertising,"Subscriber report regarding Fraudulent advertising. Filing Channel: Internet. Location: Scotts Valley, California. Current Resolution Status: Open.",Service Request,High,Angry,Open,Scotts Valley,California,Internet,2026-05-21 11:38:14
TC-319255,Customer_319255,subscriber_319255@telecom-domain.com,Deceptive sales practices,"Subscriber report regarding Deceptive sales practices. Filing Channel: Customer Care Call. Location: Scranton, Pennsylvania. Current Resolution Status: Solved.",Service Request,Medium,Frustrated,Solved,Scranton,Pennsylvania,Customer Care Call,2026-07-09 00:36:14
TC-325642,Customer_325642,subscriber_325642@telecom-domain.com,Comcast Trespassing,"Subscriber report regarding Comcast Trespassing. Filing Channel: Internet. Location: Scranton, Pennsylvania. Current Resolution Status: Solved.",Service Request,Medium,Frustrated,Solved,Scranton,Pennsylvania,Internet,2026-07-05 16:53:14
TC-218949,Customer_218949,subscriber_218949@telecom-domain.com,Internet issues and Customer Service issues,"Subscriber report regarding Internet issues and Customer Service issues. Filing Channel: Customer Care Call. Location: Seabrook, Texas. Current Resolution Status: Solved.",Customer Service,Medium,Negative,Solved,Seabrook,Texas,Customer Care Call,2026-06-03 04:22:14
TC-364450,Customer_364450,subscriber_364450@telecom-domain.com,Complaints against Comcat,"Subscriber report regarding Complaints against Comcat. Filing Channel: Internet. Location: Seaford, Delaware. Current Resolution Status: Solved.",Service Request,Medium,Frustrated,Solved,Seaford,Delaware,Internet,2026-04-02 07:42:14
TC-233754,Customer_233754,subscriber_233754@telecom-domain.com,charge for equipment from comcast i was not made aware when i ordered it,"Subscriber report regarding charge for equipment from comcast i was not made aware when i ordered it. Filing Channel: Internet. Location: Seatac, Washington. Current Resolution Status: Solved.",Billing Dispute,High,Negative,Solved,Seatac,Washington,Internet,2026-08-05 15:09:14
TC-320969,Customer_320969,subscriber_320969@telecom-domain.com,XFINITY is charging me more money for my account than what it should be,"Subscriber report regarding XFINITY is charging me more money for my account than what it should be. Filing Channel: Internet. Location: Seatac, Washington. Current Resolution Status: Solved.",Billing Dispute,Medium,Frustrated,Solved,Seatac,Washington,Internet,2026-06-10 07:38:14
TC-359028,Customer_359028,subscriber_359028@telecom-domain.com,Comcast,"Subscriber report regarding Comcast. Filing Channel: Internet. Location: Seattle, North Carolina. Current Resolution Status: Solved.",Service Request,Medium,Frustrated,Solved,Seattle,North Carolina,Internet,2026-03-30 11:05:14
TC-231061,Customer_231061,subscriber_231061@telecom-domain.com,Failure of service from Comcast,"Subscriber report regarding Failure of service from Comcast. Filing Channel: Customer Care Call. Location: Seattle, Washington. Current Resolution Status: Solved.",Service Request,Medium,Negative,Solved,Seattle,Washington,Customer Care Call,2026-04-11 18:36:14
TC-231062,Customer_231062,subscriber_231062@telecom-domain.com,Failure of service from Comcast,"Subscriber report regarding Failure of service from Comcast. Filing Channel: Internet. Location: Seattle, Washington. Current Resolution Status: Solved.",Service Request,Medium,Negative,Solved,Seattle,Washington,Internet,2026-03-12 03:10:14
TC-238513,Customer_238513,subscriber_238513@telecom-domain.com,Comcast.,"Subscriber report regarding Comcast.. Filing Channel: Internet. Location: Seattle, Washington. Current Resolution Status: Solved.",Service Request,Medium,Frustrated,Solved,Seattle,Washington,Internet,2026-08-18 10:11:14
TC-229036,Customer_229036,subscriber_229036@telecom-domain.com,Internet speeds less than what we are paying for after canceling cable tv service,"Subscriber report regarding Internet speeds less than what we are paying for after canceling cable tv service. Filing Channel: Customer Care Call. Location: Seattle, Washington. Current Resolution Status: Solved.",Broadband Performance,Medium,Frustrated,Solved,Seattle,Washington,Customer Care Call,2026-06-28 13:26:14
TC-305301,Customer_305301,subscriber_305301@telecom-domain.com,ComCast continues to bill me though I canceled months ago,"Subscriber report regarding ComCast continues to bill me though I canceled months ago. Filing Channel: Internet. Location: Seattle, Washington. Current Resolution Status: Solved.",Billing Dispute,Medium,Frustrated,Solved,Seattle,Washington,Internet,2026-08-08 01:04:14
TC-321676,Customer_321676,subscriber_321676@telecom-domain.com,Billing & Internet Service Issues with Comcast in Seattle WA,"Subscriber report regarding Billing & Internet Service Issues with Comcast in Seattle WA. Filing Channel: Internet. Location: Seattle, Washington. Current Resolution Status: Solved.",Billing Dispute,High,Negative,Solved,Seattle,Washington,Internet,2026-04-08 07:06:14
TC-326414,Customer_326414,subscriber_326414@telecom-domain.com,Comcast repeatedly failing to install Internet service,"Subscriber report regarding Comcast repeatedly failing to install Internet service. Filing Channel: Customer Care Call. Location: Seattle, Washington. Current Resolution Status: Solved.",Installation,Medium,Negative,Solved,Seattle,Washington,Customer Care Call,2026-03-17 21:14:14
TC-344732,Customer_344732,subscriber_344732@telecom-domain.com,Slow Internet Speed,"Subscriber report regarding Slow Internet Speed. Filing Channel: Internet. Location: Seattle, Washington. Current Resolution Status: Solved.",Broadband Performance,Medium,Negative,Solved,Seattle,Washington,Internet,2026-07-19 15:25:14
TC-359984,Customer_359984,subscriber_359984@telecom-domain.com,Comcast's egregious billing techniques,"Subscriber report regarding Comcast's egregious billing techniques. Filing Channel: Internet. Location: Seattle, Washington. Current Resolution Status: Open.",Billing Dispute,Medium,Frustrated,Open,Seattle,Washington,Internet,2026-04-25 00:48:14
TC-360176,Customer_360176,subscriber_360176@telecom-domain.com,Comcast's unfair billing practices,"Subscriber report regarding Comcast's unfair billing practices. Filing Channel: Internet. Location: Seattle, Washington. Current Resolution Status: Solved.",Billing Dispute,Medium,Frustrated,Solved,Seattle,Washington,Internet,2026-08-15 02:54:14
TC-360526,Customer_360526,subscriber_360526@telecom-domain.com,Slow Internet,"Subscriber report regarding Slow Internet. Filing Channel: Customer Care Call. Location: Seattle, Washington. Current Resolution Status: Open.",Broadband Performance,Medium,Negative,Open,Seattle,Washington,Customer Care Call,2026-06-11 02:15:14
TC-366821,Customer_366821,subscriber_366821@telecom-domain.com,"slow routing, dropped packets","Subscriber report regarding slow routing, dropped packets. Filing Channel: Internet. Location: Seattle, Washington. Current Resolution Status: Solved.",Broadband Performance,Medium,Negative,Solved,Seattle,Washington,Internet,2026-05-05 23:10:14
TC-372108,Customer_372108,subscriber_372108@telecom-domain.com,Comcast Re-Escalation of Case # ESL01877347 - ORR,"Subscriber report regarding Comcast Re-Escalation of Case # ESL01877347 - ORR. Filing Channel: Internet. Location: Seattle, Washington. Current Resolution Status: Open.",Service Request,Medium,Frustrated,Open,Seattle,Washington,Internet,2026-05-09 05:27:14
TC-239267,Customer_239267,subscriber_239267@telecom-domain.com,Comcast No Show's,"Subscriber report regarding Comcast No Show's. Filing Channel: Internet. Location: Sebring, Florida. Current Resolution Status: Solved.",Service Request,Medium,Frustrated,Solved,Sebring,Florida,Internet,2026-05-12 13:08:14
TC-268873,Customer_268873,subscriber_268873@telecom-domain.com,Fraudulent Billing,"Subscriber report regarding Fraudulent Billing. Filing Channel: Customer Care Call. Location: Secaucus, New Jersey. Current Resolution Status: Solved.",Billing Dispute,High,Angry,Solved,Secaucus,New Jersey,Customer Care Call,2026-07-23 13:26:14
TC-306934,Customer_306934,subscriber_306934@telecom-domain.com,Internet Connectivity,"Subscriber report regarding Internet Connectivity. Filing Channel: Internet. Location: Secaucus, New Jersey. Current Resolution Status: Solved.",Service Request,Medium,Frustrated,Solved,Secaucus,New Jersey,Internet,2026-05-06 12:09:14
TC-260733,Customer_260733,subscriber_260733@telecom-domain.com,Data Usage Meter,"Subscriber report regarding Data Usage Meter. Filing Channel: Customer Care Call. Location: Senatobia, Mississippi. Current Resolution Status: Solved.",Data / Usage Issue,Medium,Frustrated,Solved,Senatobia,Mississippi,Customer Care Call,2026-05-17 18:53:14
TC-316257,Customer_316257,subscriber_316257@telecom-domain.com,Comcast Data Usage Meter,"Subscriber report regarding Comcast Data Usage Meter. Filing Channel: Customer Care Call. Location: Senatobia, Mississippi. Current Resolution Status: Open.",Data / Usage Issue,Medium,Frustrated,Open,Senatobia,Mississippi,Customer Care Call,2026-06-23 19:59:14
TC-376228,Customer_376228,subscriber_376228@telecom-domain.com,Comcast/Xfinity Internet Data Cap,"Subscriber report regarding Comcast/Xfinity Internet Data Cap. Filing Channel: Internet. Location: Senoia, Georgia. Current Resolution Status: Pending.",Data / Usage Issue,Medium,Frustrated,Pending,Senoia,Georgia,Internet,2026-03-03 05:57:14
TC-371378,Customer_371378,subscriber_371378@telecom-domain.com,"threat of shutting off service of phone,internet and TV","Subscriber report regarding threat of shutting off service of phone,internet and TV. Filing Channel: Internet. Location: Sharon, Connecticut. Current Resolution Status: Pending.",Call Drops,Medium,Frustrated,Pending,Sharon,Connecticut,Internet,2026-05-21 03:13:14
TC-256671,Customer_256671,subscriber_256671@telecom-domain.com,Comcast Data usage plan limit,"Subscriber report regarding Comcast Data usage plan limit. Filing Channel: Customer Care Call. Location: Sharpsburg, Georgia. Current Resolution Status: Solved.",Data / Usage Issue,Medium,Frustrated,Solved,Sharpsburg,Georgia,Customer Care Call,2026-03-25 09:30:14
TC-219826,Customer_219826,subscriber_219826@telecom-domain.com,BAD SERVICE/ PLEASE HELP,"Subscriber report regarding BAD SERVICE/ PLEASE HELP. Filing Channel: Customer Care Call. Location: Shelby Township, Michigan. Current Resolution Status: Solved.",Service Request,Medium,Frustrated,Solved,Shelby Township,Michigan,Customer Care Call,2026-08-04 05:31:14
TC-362231,Customer_362231,subscriber_362231@telecom-domain.com,Improper modems,"Subscriber report regarding Improper modems. Filing Channel: Internet. Location: Shelby Township, Michigan. Current Resolution Status: Solved.",Equipment / Router,Medium,Frustrated,Solved,Shelby Township,Michigan,Internet,2026-05-31 06:12:14
TC-338800,Customer_338800,subscriber_338800@telecom-domain.com,Comcast blocking HBO GO on Playstation,"Subscriber report regarding Comcast blocking HBO GO on Playstation. Filing Channel: Internet. Location: Shelbyville, Indiana. Current Resolution Status: Solved.",Service Request,Medium,Frustrated,Solved,Shelbyville,Indiana,Internet,2026-07-05 20:57:14
TC-215141,Customer_215141,subscriber_215141@telecom-domain.com,Comcast run around,"Subscriber report regarding Comcast run around. Filing Channel: Internet. Location: Sheridan, Colorado. Current Resolution Status: Solved.",Service Request,Medium,Frustrated,Solved,Sheridan,Colorado,Internet,2026-06-02 05:42:14
TC-218168,Customer_218168,subscriber_218168@telecom-domain.com,Multiple Unauthorized and Unwarranted Credit Checks,"Subscriber report regarding Multiple Unauthorized and Unwarranted Credit Checks. Filing Channel: Customer Care Call. Location: Shoreview, Minnesota. Current Resolution Status: Solved.",Billing Dispute,Medium,Frustrated,Solved,Shoreview,Minnesota,Customer Care Call,2026-07-21 12:01:14
TC-235629,Customer_235629,subscriber_235629@telecom-domain.com,Comcast Cable Billing Fraud,"Subscriber report regarding Comcast Cable Billing Fraud. Filing Channel: Customer Care Call. Location: Shreveport, Louisiana. Current Resolution Status: Solved.",Billing Dispute,High,Angry,Solved,Shreveport,Louisiana,Customer Care Call,2026-05-14 02:54:14
TC-246762,Customer_246762,subscriber_246762@telecom-domain.com,Comcast billing past disconnection time,"Subscriber report regarding Comcast billing past disconnection time. Filing Channel: Internet. Location: Shreveport, Louisiana. Current Resolution Status: Solved.",Billing Dispute,Medium,Frustrated,Solved,Shreveport,Louisiana,Internet,2026-04-29 17:22:14
TC-306916,Customer_306916,subscriber_306916@telecom-domain.com,Comcast will not allow me to cancel my internet service.,"Subscriber report regarding Comcast will not allow me to cancel my internet service.. Filing Channel: Internet. Location: Shreveport, Louisiana. Current Resolution Status: Solved.",Cancellation,Medium,Frustrated,Solved,Shreveport,Louisiana,Internet,2026-03-25 05:02:14
TC-345470,Customer_345470,subscriber_345470@telecom-domain.com,DSL,"Subscriber report regarding DSL. Filing Channel: Customer Care Call. Location: Shreveport, Louisiana. Current Resolution Status: Solved.",Service Request,Medium,Frustrated,Solved,Shreveport,Louisiana,Customer Care Call,2026-07-13 10:24:14
TC-361703,Customer_361703,subscriber_361703@telecom-domain.com,Contract,"Subscriber report regarding Contract. Filing Channel: Customer Care Call. Location: Shreveport, Louisiana. Current Resolution Status: Solved.",Service Request,Medium,Frustrated,Solved,Shreveport,Louisiana,Customer Care Call,2026-05-13 07:58:14
TC-267527,Customer_267527,subscriber_267527@telecom-domain.com,Comcast over charging,"Subscriber report regarding Comcast over charging. Filing Channel: Customer Care Call. Location: Silver City, New Mexico. Current Resolution Status: Solved.",Service Request,Medium,Frustrated,Solved,Silver City,New Mexico,Customer Care Call,2026-05-24 21:57:14
TC-223036,Customer_223036,subscriber_223036@telecom-domain.com,Access issues have returned,"Subscriber report regarding Access issues have returned. Filing Channel: Customer Care Call. Location: Silver Spring, Maryland. Current Resolution Status: Solved.",Service Request,Medium,Negative,Solved,Silver Spring,Maryland,Customer Care Call,2026-07-02 02:04:14
TC-257349,Customer_257349,subscriber_257349@telecom-domain.com,Comcast Internet Service,"Subscriber report regarding Comcast Internet Service. Filing Channel: Internet. Location: Silver Spring, Maryland. Current Resolution Status: Open.",Service Request,Medium,Frustrated,Open,Silver Spring,Maryland,Internet,2026-02-23 09:06:14
TC-293593,Customer_293593,subscriber_293593@telecom-domain.com,email sdervice,"Subscriber report regarding email sdervice. Filing Channel: Customer Care Call. Location: Sinking Spring, Pennsylvania. Current Resolution Status: Open.",Service Request,Medium,Frustrated,Open,Sinking Spring,Pennsylvania,Customer Care Call,2026-04-30 12:28:14
TC-373797,Customer_373797,subscriber_373797@telecom-domain.com,Complaint against Comcast,"Subscriber report regarding Complaint against Comcast. Filing Channel: Internet. Location: Skokie, Illinois. Current Resolution Status: Solved.",Service Request,Medium,Frustrated,Solved,Skokie,Illinois,Internet,2026-03-12 21:31:14
TC-216841,Customer_216841,subscriber_216841@telecom-domain.com,Internet Speed,"Subscriber report regarding Internet Speed. Filing Channel: Internet. Location: Slc, Utah. Current Resolution Status: Solved.",Broadband Performance,Medium,Frustrated,Solved,Slc,Utah,Internet,2026-08-10 14:44:14
TC-370691,Customer_370691,subscriber_370691@telecom-domain.com,Comcast Internet Complaint,"Subscriber report regarding Comcast Internet Complaint. Filing Channel: Customer Care Call. Location: Slc, Utah. Current Resolution Status: Open.",Service Request,Medium,Frustrated,Open,Slc,Utah,Customer Care Call,2026-03-20 12:59:14
TC-374352,Customer_374352,subscriber_374352@telecom-domain.com,Comcast service agreement,"Subscriber report regarding Comcast service agreement. Filing Channel: Customer Care Call. Location: Slc, Utah. Current Resolution Status: Solved.",Service Request,Medium,Frustrated,Solved,Slc,Utah,Customer Care Call,2026-04-08 21:43:14
TC-343068,Customer_343068,subscriber_343068@telecom-domain.com,Comcast Service,"Subscriber report regarding Comcast Service. Filing Channel: Internet. Location: Smyrna, Delaware. Current Resolution Status: Solved.",Service Request,Medium,Frustrated,Solved,Smyrna,Delaware,Internet,2026-03-22 05:18:14
TC-373980,Customer_373980,subscriber_373980@telecom-domain.com,Comcast 300GB CAP,"Subscriber report regarding Comcast 300GB CAP. Filing Channel: Customer Care Call. Location: Smyrna, Georgia. Current Resolution Status: Pending.",Data / Usage Issue,Medium,Frustrated,Pending,Smyrna,Georgia,Customer Care Call,2026-03-19 00:40:14
TC-223158,Customer_223158,subscriber_223158@telecom-domain.com,Internet Essentials,"Subscriber report regarding Internet Essentials. Filing Channel: Internet. Location: Smyrna, Tennessee. Current Resolution Status: Solved.",Service Request,Medium,Frustrated,Solved,Smyrna,Tennessee,Internet,2026-03-18 20:56:14
TC-360825,Customer_360825,subscriber_360825@telecom-domain.com,Cap complaints,"Subscriber report regarding Cap complaints. Filing Channel: Customer Care Call. Location: Smyrna, Tennessee. Current Resolution Status: Open.",Data / Usage Issue,Medium,Frustrated,Open,Smyrna,Tennessee,Customer Care Call,2026-05-02 21:43:14
TC-370900,Customer_370900,subscriber_370900@telecom-domain.com,Comcast Data Caps,"Subscriber report regarding Comcast Data Caps. Filing Channel: Internet. Location: Smyrna, Tennessee. Current Resolution Status: Solved.",Data / Usage Issue,Medium,Negative,Solved,Smyrna,Tennessee,Internet,2026-06-22 23:14:14
TC-315515,Customer_315515,subscriber_315515@telecom-domain.com,continue to be scared by comcast,"Subscriber report regarding continue to be scared by comcast. Filing Channel: Internet. Location: Snellville, Georgia. Current Resolution Status: Pending.",Service Request,Medium,Frustrated,Pending,Snellville,Georgia,Internet,2026-04-27 05:21:14
TC-364194,Customer_364194,subscriber_364194@telecom-domain.com,Price Plans,"Subscriber report regarding Price Plans. Filing Channel: Customer Care Call. Location: Snellville, Georgia. Current Resolution Status: Solved.",Billing Dispute,Medium,Frustrated,Solved,Snellville,Georgia,Customer Care Call,2026-07-09 22:35:14
TC-371259,Customer_371259,subscriber_371259@telecom-domain.com,Complaint against Comcast Corporation,"Subscriber report regarding Complaint against Comcast Corporation. Filing Channel: Internet. Location: Snellville, Georgia. Current Resolution Status: Open.",Service Request,Medium,Frustrated,Open,Snellville,Georgia,Internet,2026-08-11 16:36:14
TC-358524,Customer_358524,subscriber_358524@telecom-domain.com,Pricing discrimination/ monopolistic behavior in an oligopolistic market,"Subscriber report regarding Pricing discrimination/ monopolistic behavior in an oligopolistic market. Filing Channel: Customer Care Call. Location: Snoqualmie, Washington. Current Resolution Status: Solved.",Billing Dispute,Medium,Frustrated,Solved,Snoqualmie,Washington,Customer Care Call,2026-07-30 00:58:14
TC-342060,Customer_342060,subscriber_342060@telecom-domain.com,Internet much slower than advertised,"Subscriber report regarding Internet much slower than advertised. Filing Channel: Internet. Location: Somers, New York. Current Resolution Status: Solved.",Broadband Performance,Medium,Negative,Solved,Somers,New York,Internet,2026-03-15 22:26:14
TC-359191,Customer_359191,subscriber_359191@telecom-domain.com,Cheating in Bundle Service Pricing,"Subscriber report regarding Cheating in Bundle Service Pricing. Filing Channel: Internet. Location: Somerset, New Jersey. Current Resolution Status: Open.",Billing Dispute,Medium,Frustrated,Open,Somerset,New Jersey,Internet,2026-03-24 11:48:14
TC-367242,Customer_367242,subscriber_367242@telecom-domain.com,Deceptive Business Practices by Comcast,"Subscriber report regarding Deceptive Business Practices by Comcast. Filing Channel: Internet. Location: Somerset, New Jersey. Current Resolution Status: Open.",Service Request,Medium,Frustrated,Open,Somerset,New Jersey,Internet,2026-03-06 21:37:14
TC-336340,Customer_336340,subscriber_336340@telecom-domain.com,comcast,"Subscriber report regarding comcast. Filing Channel: Internet. Location: Somerset, Pennsylvania. Current Resolution Status: Solved.",Service Request,Medium,Frustrated,Solved,Somerset,Pennsylvania,Internet,2026-06-20 20:41:14
TC-338856,Customer_338856,subscriber_338856@telecom-domain.com,Comcast Monopoly and Abuse,"Subscriber report regarding Comcast Monopoly and Abuse. Filing Channel: Internet. Location: Somerville, Massachusetts. Current Resolution Status: Solved.",Service Request,Medium,Frustrated,Solved,Somerville,Massachusetts,Internet,2026-06-09 02:39:14
TC-362997,Customer_362997,subscriber_362997@telecom-domain.com,Comcast Billing,"Subscriber report regarding Comcast Billing. Filing Channel: Internet. Location: Somerville, Massachusetts. Current Resolution Status: Solved.",Billing Dispute,Medium,Frustrated,Solved,Somerville,Massachusetts,Internet,2026-05-24 21:31:14
TC-271145,Customer_271145,subscriber_271145@telecom-domain.com,Billing,"Subscriber report regarding Billing. Filing Channel: Customer Care Call. Location: Somonauk, Illinois. Current Resolution Status: Solved.",Billing Dispute,Medium,Frustrated,Solved,Somonauk,Illinois,Customer Care Call,2026-05-31 12:26:14
TC-266198,Customer_266198,subscriber_266198@telecom-domain.com,Comcast billing and account issues,"Subscriber report regarding Comcast billing and account issues. Filing Channel: Internet. Location: South Bend, Indiana. Current Resolution Status: Solved.",Billing Dispute,High,Negative,Solved,South Bend,Indiana,Internet,2026-02-26 11:24:14
TC-340067,Customer_340067,subscriber_340067@telecom-domain.com,Comcast Rate,"Subscriber report regarding Comcast Rate. Filing Channel: Internet. Location: South Bend, Indiana. Current Resolution Status: Solved.",Service Request,Medium,Frustrated,Solved,South Bend,Indiana,Internet,2026-08-10 15:21:14
TC-360268,Customer_360268,subscriber_360268@telecom-domain.com,Comcast Service and Customer Service,"Subscriber report regarding Comcast Service and Customer Service. Filing Channel: Customer Care Call. Location: South Bend, Indiana. Current Resolution Status: Solved.",Customer Service,Medium,Frustrated,Solved,South Bend,Indiana,Customer Care Call,2026-04-22 16:07:14
TC-364137,Customer_364137,subscriber_364137@telecom-domain.com,Comcast data cap,"Subscriber report regarding Comcast data cap. Filing Channel: Internet. Location: South Berwick, Maine. Current Resolution Status: Solved.",Data / Usage Issue,Medium,Frustrated,Solved,South Berwick,Maine,Internet,2026-06-19 17:06:14
TC-277566,Customer_277566,subscriber_277566@telecom-domain.com,Comcast Internet Service,"Subscriber report regarding Comcast Internet Service. Filing Channel: Customer Care Call. Location: South Hadley, Massachusetts. Current Resolution Status: Solved.",Service Request,Medium,Frustrated,Solved,South Hadley,Massachusetts,Customer Care Call,2026-08-13 03:39:14
TC-325430,Customer_325430,subscriber_325430@telecom-domain.com,FCC.gov website for complaints,"Subscriber report regarding FCC.gov website for complaints. Filing Channel: Customer Care Call. Location: South Hadley, Massachusetts. Current Resolution Status: Solved.",Service Request,Medium,Frustrated,Solved,South Hadley,Massachusetts,Customer Care Call,2026-03-13 15:16:14
TC-308301,Customer_308301,subscriber_308301@telecom-domain.com,Comcast Billing Complaint,"Subscriber report regarding Comcast Billing Complaint. Filing Channel: Customer Care Call. Location: South Haven, Michigan. Current Resolution Status: Open.",Billing Dispute,Medium,Frustrated,Open,South Haven,Michigan,Customer Care Call,2026-04-18 09:45:14
TC-254669,Customer_254669,subscriber_254669@telecom-domain.com,Denial of service,"Subscriber report regarding Denial of service. Filing Channel: Internet. Location: South Lyon, Michigan. Current Resolution Status: Solved.",Service Request,Medium,Frustrated,Solved,South Lyon,Michigan,Internet,2026-07-31 21:33:14
TC-258986,Customer_258986,subscriber_258986@telecom-domain.com,"Internet Help @ , South Lyon, MI 48178","Subscriber report regarding Internet Help @ , South Lyon, MI 48178. Filing Channel: Customer Care Call. Location: South Lyon, Michigan. Current Resolution Status: Solved.",Service Request,Medium,Frustrated,Solved,South Lyon,Michigan,Customer Care Call,2026-03-24 21:55:14
TC-259001,Customer_259001,subscriber_259001@telecom-domain.com,"Internet help @ , South Lyon, MI 48178","Subscriber report regarding Internet help @ , South Lyon, MI 48178. Filing Channel: Customer Care Call. Location: South Lyon, Michigan. Current Resolution Status: Solved.",Service Request,Medium,Frustrated,Solved,South Lyon,Michigan,Customer Care Call,2026-08-16 20:23:14
TC-256720,Customer_256720,subscriber_256720@telecom-domain.com,very low wireless speed not working well,"Subscriber report regarding very low wireless speed not working well. Filing Channel: Internet. Location: South River, New Jersey. Current Resolution Status: Solved.",Broadband Performance,Medium,Frustrated,Solved,South River,New Jersey,Internet,2026-04-14 07:50:14
TC-309812,Customer_309812,subscriber_309812@telecom-domain.com,internet service from comcast,"Subscriber report regarding internet service from comcast. Filing Channel: Internet. Location: Southampton, Pennsylvania. Current Resolution Status: Solved.",Service Request,Medium,Frustrated,Solved,Southampton,Pennsylvania,Internet,2026-07-13 02:20:14
TC-293693,Customer_293693,subscriber_293693@telecom-domain.com,Comcast,"Subscriber report regarding Comcast. Filing Channel: Customer Care Call. Location: Southaven, Mississippi. Current Resolution Status: Open.",Service Request,Medium,Frustrated,Open,Southaven,Mississippi,Customer Care Call,2026-03-28 03:50:14
TC-346868,Customer_346868,subscriber_346868@telecom-domain.com,Data Usage Cap,"Subscriber report regarding Data Usage Cap. Filing Channel: Internet. Location: Southaven, Mississippi. Current Resolution Status: Open.",Data / Usage Issue,Medium,Frustrated,Open,Southaven,Mississippi,Internet,2026-05-21 06:04:14
TC-350181,Customer_350181,subscriber_350181@telecom-domain.com,Charged for data not actually used,"Subscriber report regarding Charged for data not actually used. Filing Channel: Customer Care Call. Location: Southaven, Mississippi. Current Resolution Status: Open.",Billing Dispute,High,Negative,Open,Southaven,Mississippi,Customer Care Call,2026-04-13 11:49:14
TC-350184,Customer_350184,subscriber_350184@telecom-domain.com,Charged for data not actually used,"Subscriber report regarding Charged for data not actually used. Filing Channel: Customer Care Call. Location: Southaven, Mississippi. Current Resolution Status: Solved.",Billing Dispute,High,Negative,Solved,Southaven,Mississippi,Customer Care Call,2026-08-01 18:56:14
TC-362544,Customer_362544,subscriber_362544@telecom-domain.com,Data overage charges,"Subscriber report regarding Data overage charges. Filing Channel: Internet. Location: Southaven, Mississippi. Current Resolution Status: Solved.",Data / Usage Issue,Medium,Negative,Solved,Southaven,Mississippi,Internet,2026-05-30 16:08:14
TC-339614,Customer_339614,subscriber_339614@telecom-domain.com,Poor internet,"Subscriber report regarding Poor internet. Filing Channel: Customer Care Call. Location: Southfield, Michigan. Current Resolution Status: Open.",Service Request,Medium,Frustrated,Open,Southfield,Michigan,Customer Care Call,2026-06-30 22:17:14
TC-375943,Customer_375943,subscriber_375943@telecom-domain.com,Speed,"Subscriber report regarding Speed. Filing Channel: Internet. Location: Southfield, Michigan. Current Resolution Status: Open.",Broadband Performance,Medium,Frustrated,Open,Southfield,Michigan,Internet,2026-05-19 14:49:14
TC-261499,Customer_261499,subscriber_261499@telecom-domain.com,billing issues,"Subscriber report regarding billing issues. Filing Channel: Customer Care Call. Location: Spokane, Washington. Current Resolution Status: Solved.",Billing Dispute,High,Negative,Solved,Spokane,Washington,Customer Care Call,2026-03-04 03:38:14
TC-270680,Customer_270680,subscriber_270680@telecom-domain.com,"Fraudulent billing, erroneous billing, overbilling","Subscriber report regarding Fraudulent billing, erroneous billing, overbilling. Filing Channel: Customer Care Call. Location: Spokane, Washington. Current Resolution Status: Solved.",Billing Dispute,High,Angry,Solved,Spokane,Washington,Customer Care Call,2026-03-04 05:31:14
TC-361098,Customer_361098,subscriber_361098@telecom-domain.com,xfinity customer service,"Subscriber report regarding xfinity customer service. Filing Channel: Internet. Location: Spokane, Washington. Current Resolution Status: Solved.",Customer Service,Medium,Frustrated,Solved,Spokane,Washington,Internet,2026-07-24 03:01:14
TC-363813,Customer_363813,subscriber_363813@telecom-domain.com,Internet price,"Subscriber report regarding Internet price. Filing Channel: Customer Care Call. Location: Spokane, Washington. Current Resolution Status: Solved.",Billing Dispute,Medium,Frustrated,Solved,Spokane,Washington,Customer Care Call,2026-07-06 05:40:14
TC-218518,Customer_218518,subscriber_218518@telecom-domain.com,Comcast throttling my high-speed internet,"Subscriber report regarding Comcast throttling my high-speed internet. Filing Channel: Customer Care Call. Location: Spokane Valley, Washington. Current Resolution Status: Solved.",Broadband Performance,Medium,Frustrated,Solved,Spokane Valley,Washington,Customer Care Call,2026-07-01 20:31:14
TC-375809,Customer_375809,subscriber_375809@telecom-domain.com,Slow internet / Over Charged Billing,"Subscriber report regarding Slow internet / Over Charged Billing. Filing Channel: Internet. Location: Spokane Valley, Washington. Current Resolution Status: Open.",Billing Dispute,High,Negative,Open,Spokane Valley,Washington,Internet,2026-05-31 05:58:14
TC-314752,Customer_314752,subscriber_314752@telecom-domain.com,No internet available since a comcast techinitian did an intervention to change plans,"Subscriber report regarding No internet available since a comcast techinitian did an intervention to change plans. Filing Channel: Internet. Location: Spring, Texas. Current Resolution Status: Solved.",Service Request,Medium,Frustrated,Solved,Spring,Texas,Internet,2026-08-16 20:30:14
TC-352940,Customer_352940,subscriber_352940@telecom-domain.com,Comcast Xfinity Monopoly Abuses,"Subscriber report regarding Comcast Xfinity Monopoly Abuses. Filing Channel: Internet. Location: Spring, Texas. Current Resolution Status: Open.",Service Request,Medium,Frustrated,Open,Spring,Texas,Internet,2026-04-03 18:10:14
TC-359794,Customer_359794,subscriber_359794@telecom-domain.com,Comcast Billing Support and Practices,"Subscriber report regarding Comcast Billing Support and Practices. Filing Channel: Internet. Location: Spring, Texas. Current Resolution Status: Solved.",Billing Dispute,Medium,Frustrated,Solved,Spring,Texas,Internet,2026-07-23 13:15:14
TC-364963,Customer_364963,subscriber_364963@telecom-domain.com,Extremely Poor Customer Service,"Subscriber report regarding Extremely Poor Customer Service. Filing Channel: Internet. Location: Spring, Texas. Current Resolution Status: Solved.",Customer Service,Medium,Frustrated,Solved,Spring,Texas,Internet,2026-03-08 04:55:14
TC-316650,Customer_316650,subscriber_316650@telecom-domain.com,Interrnet Service,"Subscriber report regarding Interrnet Service. Filing Channel: Customer Care Call. Location: Spring City, Pennsylvania. Current Resolution Status: Solved.",Service Request,Medium,Frustrated,Solved,Spring City,Pennsylvania,Customer Care Call,2026-08-03 12:08:14
TC-244218,Customer_244218,subscriber_244218@telecom-domain.com,Comcast,"Subscriber report regarding Comcast. Filing Channel: Customer Care Call. Location: Spring Lake, Michigan. Current Resolution Status: Solved.",Service Request,Medium,Frustrated,Solved,Spring Lake,Michigan,Customer Care Call,2026-05-20 21:37:14
TC-256691,Customer_256691,subscriber_256691@telecom-domain.com,Comcast Cable and Internet,"Subscriber report regarding Comcast Cable and Internet. Filing Channel: Internet. Location: Spring Lake, North Carolina. Current Resolution Status: Solved.",Service Request,Medium,Frustrated,Solved,Spring Lake,North Carolina,Internet,2026-04-17 18:14:14
TC-218124,Customer_218124,subscriber_218124@telecom-domain.com,Comcast,"Subscriber report regarding Comcast. Filing Channel: Customer Care Call. Location: Springfield, Illinois. Current Resolution Status: Solved.",Service Request,Medium,Frustrated,Solved,Springfield,Illinois,Customer Care Call,2026-03-01 19:45:14
TC-259189,Customer_259189,subscriber_259189@telecom-domain.com,Comcast,"Subscriber report regarding Comcast. Filing Channel: Customer Care Call. Location: Springfield, Illinois. Current Resolution Status: Solved.",Service Request,Medium,Frustrated,Solved,Springfield,Illinois,Customer Care Call,2026-06-26 22:22:14
TC-283536,Customer_283536,subscriber_283536@telecom-domain.com,Comcast accourt,"Subscriber report regarding Comcast accourt. Filing Channel: Internet. Location: Springfield, Illinois. Current Resolution Status: Solved.",Service Request,Medium,Frustrated,Solved,Springfield,Illinois,Internet,2026-05-02 17:19:14
TC-318436,Customer_318436,subscriber_318436@telecom-domain.com,availabilty,"Subscriber report regarding availabilty. Filing Channel: Internet. Location: Springfield, Illinois. Current Resolution Status: Solved.",Service Request,Medium,Frustrated,Solved,Springfield,Illinois,Internet,2026-06-17 00:32:14
TC-338859,Customer_338859,subscriber_338859@telecom-domain.com,Comcast Internet Services,"Subscriber report regarding Comcast Internet Services. Filing Channel: Internet. Location: Springfield, Illinois. Current Resolution Status: Solved.",Service Request,Medium,Frustrated,Solved,Springfield,Illinois,Internet,2026-04-27 12:25:14
TC-358498,Customer_358498,subscriber_358498@telecom-domain.com,Unfair billing practices by Comcast Xfinity,"Subscriber report regarding Unfair billing practices by Comcast Xfinity. Filing Channel: Internet. Location: Springfield, Illinois. Current Resolution Status: Solved.",Billing Dispute,Medium,Frustrated,Solved,Springfield,Illinois,Internet,2026-06-17 15:19:14
TC-364896,Customer_364896,subscriber_364896@telecom-domain.com,Unfair Billing Practices,"Subscriber report regarding Unfair Billing Practices. Filing Channel: Internet. Location: Springfield, Illinois. Current Resolution Status: Solved.",Billing Dispute,Medium,Frustrated,Solved,Springfield,Illinois,Internet,2026-07-26 18:29:14
TC-371472,Customer_371472,subscriber_371472@telecom-domain.com,Incorrect Billing of NON-RENTED Equipment,"Subscriber report regarding Incorrect Billing of NON-RENTED Equipment. Filing Channel: Customer Care Call. Location: Springfield, Illinois. Current Resolution Status: Solved.",Billing Dispute,Medium,Frustrated,Solved,Springfield,Illinois,Customer Care Call,2026-03-07 06:51:14
TC-242481,Customer_242481,subscriber_242481@telecom-domain.com,paying for hi speed internet 105 mbps,"Subscriber report regarding paying for hi speed internet 105 mbps. Filing Channel: Customer Care Call. Location: Springfield, Massachusetts. Current Resolution Status: Solved.",Broadband Performance,Medium,Frustrated,Solved,Springfield,Massachusetts,Customer Care Call,2026-05-13 00:54:14
TC-350035,Customer_350035,subscriber_350035@telecom-domain.com,"Comcast Internet, being charged full price for partial service","Subscriber report regarding Comcast Internet, being charged full price for partial service. Filing Channel: Internet. Location: Springfield, Oregon. Current Resolution Status: Solved.",Billing Dispute,High,Negative,Solved,Springfield,Oregon,Internet,2026-03-13 09:23:14
TC-363649,Customer_363649,subscriber_363649@telecom-domain.com,Poor Quality Service and Broken Promises,"Subscriber report regarding Poor Quality Service and Broken Promises. Filing Channel: Customer Care Call. Location: Springfield, Oregon. Current Resolution Status: Pending.",Service Request,Medium,Frustrated,Pending,Springfield,Oregon,Customer Care Call,2026-05-04 05:30:14
TC-218097,Customer_218097,subscriber_218097@telecom-domain.com,Monthly Rate Confusion & Poor Customer Support,"Subscriber report regarding Monthly Rate Confusion & Poor Customer Support. Filing Channel: Internet. Location: St Augustine, Florida. Current Resolution Status: Solved.",Customer Service,Medium,Frustrated,Solved,St Augustine,Florida,Internet,2026-06-29 13:54:14
TC-326114,Customer_326114,subscriber_326114@telecom-domain.com,billing complaint - Comcast digital phone/internet service,"Subscriber report regarding billing complaint - Comcast digital phone/internet service. Filing Channel: Customer Care Call. Location: St Augustine, Florida. Current Resolution Status: Solved.",Billing Dispute,Medium,Frustrated,Solved,St Augustine,Florida,Customer Care Call,2026-03-21 00:43:14
TC-357733,Customer_357733,subscriber_357733@telecom-domain.com,Comcast (Xfinity) Internet Service,"Subscriber report regarding Comcast (Xfinity) Internet Service. Filing Channel: Internet. Location: St Augustine, Florida. Current Resolution Status: Solved.",Service Request,Medium,Frustrated,Solved,St Augustine,Florida,Internet,2026-08-04 21:59:14
TC-340158,Customer_340158,subscriber_340158@telecom-domain.com,Cant cancel internet on Sundays?,"Subscriber report regarding Cant cancel internet on Sundays?. Filing Channel: Customer Care Call. Location: St Cloud, Florida. Current Resolution Status: Solved.",Cancellation,Medium,Frustrated,Solved,St Cloud,Florida,Customer Care Call,2026-05-08 02:56:14
TC-361572,Customer_361572,subscriber_361572@telecom-domain.com,Internet Speeds,"Subscriber report regarding Internet Speeds. Filing Channel: Customer Care Call. Location: St Johns, Florida. Current Resolution Status: Solved.",Broadband Performance,Medium,Frustrated,Solved,St Johns,Florida,Customer Care Call,2026-05-21 10:08:14
TC-313370,Customer_313370,subscriber_313370@telecom-domain.com,Comcast - HBO - PS3,"Subscriber report regarding Comcast - HBO - PS3. Filing Channel: Internet. Location: St Paul, Minnesota. Current Resolution Status: Pending.",Service Request,Medium,Frustrated,Pending,St Paul,Minnesota,Internet,2026-06-07 01:59:14
TC-369429,Customer_369429,subscriber_369429@telecom-domain.com,Over Charged for Service Never Received,"Subscriber report regarding Over Charged for Service Never Received. Filing Channel: Customer Care Call. Location: St. Augustine, Florida. Current Resolution Status: Solved.",Billing Dispute,High,Negative,Solved,St. Augustine,Florida,Customer Care Call,2026-07-01 15:43:14
TC-262108,Customer_262108,subscriber_262108@telecom-domain.com,Comcast,"Subscriber report regarding Comcast. Filing Channel: Customer Care Call. Location: St. Paul, Minnesota. Current Resolution Status: Solved.",Service Request,Medium,Frustrated,Solved,St. Paul,Minnesota,Customer Care Call,2026-07-05 21:25:14
TC-320534,Customer_320534,subscriber_320534@telecom-domain.com,Billing Issues,"Subscriber report regarding Billing Issues. Filing Channel: Internet. Location: St. Paul, Minnesota. Current Resolution Status: Solved.",Billing Dispute,High,Negative,Solved,St. Paul,Minnesota,Internet,2026-05-18 03:43:14
TC-362731,Customer_362731,subscriber_362731@telecom-domain.com,Internet speeds not as advertised. Bandwith not available as advertised,"Subscriber report regarding Internet speeds not as advertised. Bandwith not available as advertised. Filing Channel: Customer Care Call. Location: St. Paul, Minnesota. Current Resolution Status: Solved.",Broadband Performance,Medium,Frustrated,Solved,St. Paul,Minnesota,Customer Care Call,2026-07-25 00:35:14
TC-376190,Customer_376190,subscriber_376190@telecom-domain.com,Comcast Xfinity Deceptive Billing Practices,"Subscriber report regarding Comcast Xfinity Deceptive Billing Practices. Filing Channel: Customer Care Call. Location: St. Paul, Minnesota. Current Resolution Status: Solved.",Billing Dispute,Medium,Frustrated,Solved,St. Paul,Minnesota,Customer Care Call,2026-04-29 07:45:14
TC-329610,Customer_329610,subscriber_329610@telecom-domain.com,Xfiniti account,"Subscriber report regarding Xfiniti account. Filing Channel: Customer Care Call. Location: Steamboat Springs, Colorado. Current Resolution Status: Solved.",Service Request,Medium,Frustrated,Solved,Steamboat Springs,Colorado,Customer Care Call,2026-06-10 08:38:14
TC-297456,Customer_297456,subscriber_297456@telecom-domain.com,Excessive early termination fees due immediately after 10+ years of service,"Subscriber report regarding Excessive early termination fees due immediately after 10+ years of service. Filing Channel: Internet. Location: Stephens City, Virginia. Current Resolution Status: Solved.",Billing Dispute,Medium,Frustrated,Solved,Stephens City,Virginia,Internet,2026-03-07 15:17:14
TC-247328,Customer_247328,subscriber_247328@telecom-domain.com,Comcast Complaint,"Subscriber report regarding Comcast Complaint. Filing Channel: Internet. Location: Sterling, Illinois. Current Resolution Status: Solved.",Service Request,Medium,Frustrated,Solved,Sterling,Illinois,Internet,2026-08-01 13:15:14
TC-372295,Customer_372295,subscriber_372295@telecom-domain.com,"Comcast Forcing me to purchase cable tv, only want internet","Subscriber report regarding Comcast Forcing me to purchase cable tv, only want internet. Filing Channel: Customer Care Call. Location: Sterling, Illinois. Current Resolution Status: Solved.",Service Request,Medium,Frustrated,Solved,Sterling,Illinois,Customer Care Call,2026-04-21 09:21:14
TC-262192,Customer_262192,subscriber_262192@telecom-domain.com,installed on 4/26 still not working,"Subscriber report regarding installed on 4/26 still not working. Filing Channel: Customer Care Call. Location: Sterling, Virginia. Current Resolution Status: Solved.",Service Outage,Medium,Frustrated,Solved,Sterling,Virginia,Customer Care Call,2026-07-05 01:52:14
TC-322413,Customer_322413,subscriber_322413@telecom-domain.com,Comcast / Xfinity Billing Issue,"Subscriber report regarding Comcast / Xfinity Billing Issue. Filing Channel: Internet. Location: Sterling Heights, Michigan. Current Resolution Status: Solved.",Billing Dispute,High,Negative,Solved,Sterling Heights,Michigan,Internet,2026-02-21 14:11:14
TC-369649,Customer_369649,subscriber_369649@telecom-domain.com,Xfinity security system,"Subscriber report regarding Xfinity security system. Filing Channel: Internet. Location: Sterling Heights, Michigan. Current Resolution Status: Solved.",Service Request,Medium,Frustrated,Solved,Sterling Heights,Michigan,Internet,2026-08-11 23:15:14
TC-361383,Customer_361383,subscriber_361383@telecom-domain.com,Billing Overcharging Issues By Comcast,"Subscriber report regarding Billing Overcharging Issues By Comcast. Filing Channel: Internet. Location: Sterling Hts, Michigan. Current Resolution Status: Pending.",Billing Dispute,High,Negative,Pending,Sterling Hts,Michigan,Internet,2026-03-29 11:46:14
TC-359099,Customer_359099,subscriber_359099@telecom-domain.com,Internet Speed Cut in Half with no Notification,"Subscriber report regarding Internet Speed Cut in Half with no Notification. Filing Channel: Internet. Location: Stevensville, Michigan. Current Resolution Status: Pending.",Broadband Performance,Medium,Frustrated,Pending,Stevensville,Michigan,Internet,2026-03-15 17:40:14
TC-337660,Customer_337660,subscriber_337660@telecom-domain.com,internet access,"Subscriber report regarding internet access. Filing Channel: Customer Care Call. Location: Stillwater, Minnesota. Current Resolution Status: Pending.",Service Request,Medium,Frustrated,Pending,Stillwater,Minnesota,Customer Care Call,2026-03-12 22:46:14
TC-327569,Customer_327569,subscriber_327569@telecom-domain.com,Data Caps,"Subscriber report regarding Data Caps. Filing Channel: Internet. Location: Stockbridge, Georgia. Current Resolution Status: Solved.",Data / Usage Issue,Medium,Negative,Solved,Stockbridge,Georgia,Internet,2026-03-03 12:11:14
TC-362576,Customer_362576,subscriber_362576@telecom-domain.com,Comcast Data Cap,"Subscriber report regarding Comcast Data Cap. Filing Channel: Customer Care Call. Location: Stockbridge, Georgia. Current Resolution Status: Pending.",Data / Usage Issue,Medium,Frustrated,Pending,Stockbridge,Georgia,Customer Care Call,2026-03-15 08:27:14
TC-236066,Customer_236066,subscriber_236066@telecom-domain.com,Complaint#67455,"Subscriber report regarding Complaint#67455. Filing Channel: Customer Care Call. Location: Stockton, California. Current Resolution Status: Solved.",Service Request,Medium,Frustrated,Solved,Stockton,California,Customer Care Call,2026-08-01 11:12:14
TC-319877,Customer_319877,subscriber_319877@telecom-domain.com,Bad interner speeds and access,"Subscriber report regarding Bad interner speeds and access. Filing Channel: Customer Care Call. Location: Stockton, California. Current Resolution Status: Solved.",Broadband Performance,Medium,Frustrated,Solved,Stockton,California,Customer Care Call,2026-03-23 19:38:14
TC-360748,Customer_360748,subscriber_360748@telecom-domain.com,Billing practices,"Subscriber report regarding Billing practices. Filing Channel: Internet. Location: Stockton, California. Current Resolution Status: Solved.",Billing Dispute,Medium,Frustrated,Solved,Stockton,California,Internet,2026-07-17 11:33:14
TC-368078,Customer_368078,subscriber_368078@telecom-domain.com,Fraud,"Subscriber report regarding Fraud. Filing Channel: Customer Care Call. Location: Stockton, California. Current Resolution Status: Open.",Service Request,High,Angry,Open,Stockton,California,Customer Care Call,2026-03-03 18:30:14
TC-211784,Customer_211784,subscriber_211784@telecom-domain.com,billing,"Subscriber report regarding billing. Filing Channel: Customer Care Call. Location: Stone Mountain, Georgia. Current Resolution Status: Solved.",Billing Dispute,Medium,Frustrated,Solved,Stone Mountain,Georgia,Customer Care Call,2026-06-17 21:51:14
TC-220145,Customer_220145,subscriber_220145@telecom-domain.com,No email service from Comcast,"Subscriber report regarding No email service from Comcast. Filing Channel: Internet. Location: Stone Mountain, Georgia. Current Resolution Status: Solved.",Service Request,Medium,Frustrated,Solved,Stone Mountain,Georgia,Internet,2026-04-28 02:04:14
TC-223729,Customer_223729,subscriber_223729@telecom-domain.com,Service Quality,"Subscriber report regarding Service Quality. Filing Channel: Customer Care Call. Location: Stone Mountain, Georgia. Current Resolution Status: Solved.",Service Request,Medium,Frustrated,Solved,Stone Mountain,Georgia,Customer Care Call,2026-06-28 21:43:14
TC-336079,Customer_336079,subscriber_336079@telecom-domain.com,No internet service,"Subscriber report regarding No internet service. Filing Channel: Internet. Location: Stone Mountain Ga, Georgia. Current Resolution Status: Solved.",Service Request,Medium,Frustrated,Solved,Stone Mountain Ga,Georgia,Internet,2026-06-19 20:02:14
TC-218840,Customer_218840,subscriber_218840@telecom-domain.com,COMPLAINT ABOUT COMCAST/XFinity,"Subscriber report regarding COMPLAINT ABOUT COMCAST/XFinity. Filing Channel: Customer Care Call. Location: Stoughton, Massachusetts. Current Resolution Status: Solved.",Service Request,Medium,Frustrated,Solved,Stoughton,Massachusetts,Customer Care Call,2026-04-05 00:32:14
TC-372154,Customer_372154,subscriber_372154@telecom-domain.com,Comcast- Unfair Pricing,"Subscriber report regarding Comcast- Unfair Pricing. Filing Channel: Customer Care Call. Location: Streamwood, Illinois. Current Resolution Status: Open.",Billing Dispute,Medium,Frustrated,Open,Streamwood,Illinois,Customer Care Call,2026-06-28 00:21:14
TC-333465,Customer_333465,subscriber_333465@telecom-domain.com,high speed internet access,"Subscriber report regarding high speed internet access. Filing Channel: Customer Care Call. Location: Stuart, Florida. Current Resolution Status: Solved.",Broadband Performance,Medium,Frustrated,Solved,Stuart,Florida,Customer Care Call,2026-03-29 02:15:14
TC-344690,Customer_344690,subscriber_344690@telecom-domain.com,Internet being throttled,"Subscriber report regarding Internet being throttled. Filing Channel: Internet. Location: Sugar Land, Texas. Current Resolution Status: Open.",Broadband Performance,Medium,Frustrated,Open,Sugar Land,Texas,Internet,2026-07-29 14:39:14
TC-308769,Customer_308769,subscriber_308769@telecom-domain.com,no internet service for more than 20 days,"Subscriber report regarding no internet service for more than 20 days. Filing Channel: Internet. Location: Sugarland, Texas. Current Resolution Status: Solved.",Service Request,Medium,Frustrated,Solved,Sugarland,Texas,Internet,2026-05-18 12:02:14
TC-303597,Customer_303597,subscriber_303597@telecom-domain.com,Paying for service for 12 months without recieving the service,"Subscriber report regarding Paying for service for 12 months without recieving the service. Filing Channel: Customer Care Call. Location: Suisun City, California. Current Resolution Status: Solved.",Service Request,Medium,Frustrated,Solved,Suisun City,California,Customer Care Call,2026-04-21 14:13:14
TC-233471,Customer_233471,subscriber_233471@telecom-domain.com,Internet Outage,"Subscriber report regarding Internet Outage. Filing Channel: Internet. Location: Suitland, Maryland. Current Resolution Status: Solved.",Service Outage,High,Angry,Solved,Suitland,Maryland,Internet,2026-04-27 00:59:14
TC-356742,Customer_356742,subscriber_356742@telecom-domain.com,Comcast data cap,"Subscriber report regarding Comcast data cap. Filing Channel: Internet. Location: Sullivan's Island, South Carolina. Current Resolution Status: Solved.",Data / Usage Issue,Medium,Frustrated,Solved,Sullivan's Island,South Carolina,Internet,2026-06-15 02:36:14
TC-361903,Customer_361903,subscriber_361903@telecom-domain.com,Continuous Internet problems.,"Subscriber report regarding Continuous Internet problems.. Filing Channel: Customer Care Call. Location: Summerfield, Florida. Current Resolution Status: Solved.",Service Request,Medium,Negative,Solved,Summerfield,Florida,Customer Care Call,2026-06-26 22:42:14
TC-255037,Customer_255037,subscriber_255037@telecom-domain.com,Billing - Comcast,"Subscriber report regarding Billing - Comcast. Filing Channel: Internet. Location: Sunnyvale, California. Current Resolution Status: Solved.",Billing Dispute,Medium,Frustrated,Solved,Sunnyvale,California,Internet,2026-05-14 22:42:14
TC-272394,Customer_272394,subscriber_272394@telecom-domain.com,Comcast refusing to fix connectivity issues,"Subscriber report regarding Comcast refusing to fix connectivity issues. Filing Channel: Customer Care Call. Location: Sunnyvale, California. Current Resolution Status: Solved.",Service Request,Medium,Negative,Solved,Sunnyvale,California,Customer Care Call,2026-08-09 12:40:14
TC-308850,Customer_308850,subscriber_308850@telecom-domain.com,Comcast charged me higher than quoted on the phone,"Subscriber report regarding Comcast charged me higher than quoted on the phone. Filing Channel: Internet. Location: Sunnyvale, California. Current Resolution Status: Solved.",Billing Dispute,High,Negative,Solved,Sunnyvale,California,Internet,2026-04-22 01:27:14
TC-331848,Customer_331848,subscriber_331848@telecom-domain.com,Misleading and deceptive sale of Internet service,"Subscriber report regarding Misleading and deceptive sale of Internet service. Filing Channel: Customer Care Call. Location: Sunnyvale, California. Current Resolution Status: Solved.",Service Request,Medium,Frustrated,Solved,Sunnyvale,California,Customer Care Call,2026-06-13 00:28:14
TC-307472,Customer_307472,subscriber_307472@telecom-domain.com,Comcast Refund and discontinue Service billing,"Subscriber report regarding Comcast Refund and discontinue Service billing. Filing Channel: Customer Care Call. Location: Sunrise, Florida. Current Resolution Status: Open.",Billing Dispute,Medium,Frustrated,Open,Sunrise,Florida,Customer Care Call,2026-05-31 17:10:14
TC-242577,Customer_242577,subscriber_242577@telecom-domain.com,Comcast service and pricing,"Subscriber report regarding Comcast service and pricing. Filing Channel: Internet. Location: Suquamish, Washington. Current Resolution Status: Solved.",Billing Dispute,Medium,Frustrated,Solved,Suquamish,Washington,Internet,2026-08-18 04:19:14
TC-265823,Customer_265823,subscriber_265823@telecom-domain.com,Billed for services not ordered or recieved,"Subscriber report regarding Billed for services not ordered or recieved. Filing Channel: Customer Care Call. Location: Surf City, New Jersey. Current Resolution Status: Solved.",Billing Dispute,Medium,Frustrated,Solved,Surf City,New Jersey,Customer Care Call,2026-04-28 18:20:14
TC-213518,Customer_213518,subscriber_213518@telecom-domain.com,Xfinity/Comcast throttles bandwidth way below contract level,"Subscriber report regarding Xfinity/Comcast throttles bandwidth way below contract level. Filing Channel: Customer Care Call. Location: Suwanee, Georgia. Current Resolution Status: Solved.",Broadband Performance,Medium,Frustrated,Solved,Suwanee,Georgia,Customer Care Call,2026-03-25 20:09:14
TC-344883,Customer_344883,subscriber_344883@telecom-domain.com,Comcast Data Usage Limit in Atlanta,"Subscriber report regarding Comcast Data Usage Limit in Atlanta. Filing Channel: Customer Care Call. Location: Suwanee, Georgia. Current Resolution Status: Solved.",Data / Usage Issue,Medium,Frustrated,Solved,Suwanee,Georgia,Customer Care Call,2026-03-24 12:53:14
TC-369563,Customer_369563,subscriber_369563@telecom-domain.com,comcast data caps,"Subscriber report regarding comcast data caps. Filing Channel: Internet. Location: Suwanee, Georgia. Current Resolution Status: Pending.",Data / Usage Issue,Medium,Negative,Pending,Suwanee,Georgia,Internet,2026-05-20 08:38:14
TC-290085,Customer_290085,subscriber_290085@telecom-domain.com,COMCAST INTERNET,"Subscriber report regarding COMCAST INTERNET. Filing Channel: Customer Care Call. Location: Swedesboro, New Jersey. Current Resolution Status: Solved.",Service Request,Medium,Frustrated,Solved,Swedesboro,New Jersey,Customer Care Call,2026-03-18 04:06:14
TC-345639,Customer_345639,subscriber_345639@telecom-domain.com,Recent fines to AT&T and possibly...,"Subscriber report regarding Recent fines to AT&T and possibly.... Filing Channel: Internet. Location: Swoyersville, Pennsylvania. Current Resolution Status: Open.",Service Request,Medium,Frustrated,Open,Swoyersville,Pennsylvania,Internet,2026-07-20 08:54:14
TC-358840,Customer_358840,subscriber_358840@telecom-domain.com,Predatory Monopolistic Pricing,"Subscriber report regarding Predatory Monopolistic Pricing. Filing Channel: Customer Care Call. Location: Sykesville, Maryland. Current Resolution Status: Solved.",Billing Dispute,Medium,Frustrated,Solved,Sykesville,Maryland,Customer Care Call,2026-04-19 14:44:14
TC-363603,Customer_363603,subscriber_363603@telecom-domain.com,Outrageous Comcast charges,"Subscriber report regarding Outrageous Comcast charges. Filing Channel: Internet. Location: Sykesville, Maryland. Current Resolution Status: Solved.",Billing Dispute,High,Negative,Solved,Sykesville,Maryland,Internet,2026-06-14 18:39:14
TC-371208,Customer_371208,subscriber_371208@telecom-domain.com,Price fixing and monopolistic behaivor,"Subscriber report regarding Price fixing and monopolistic behaivor. Filing Channel: Customer Care Call. Location: Sykesville, Maryland. Current Resolution Status: Solved.",Billing Dispute,Medium,Frustrated,Solved,Sykesville,Maryland,Customer Care Call,2026-07-07 23:35:14
TC-258152,Customer_258152,subscriber_258152@telecom-domain.com,Customer service,"Subscriber report regarding Customer service. Filing Channel: Internet. Location: Tabernacle, New Jersey. Current Resolution Status: Solved.",Customer Service,Medium,Frustrated,Solved,Tabernacle,New Jersey,Internet,2026-07-06 05:38:14
TC-326331,Customer_326331,subscriber_326331@telecom-domain.com,bills/identity,"Subscriber report regarding bills/identity. Filing Channel: Customer Care Call. Location: Tacoma, Washington. Current Resolution Status: Solved.",Billing Dispute,Medium,Frustrated,Solved,Tacoma,Washington,Customer Care Call,2026-02-26 12:52:14
TC-362484,Customer_362484,subscriber_362484@telecom-domain.com,"I pay for 50 mbps, get 10 at best","Subscriber report regarding I pay for 50 mbps, get 10 at best. Filing Channel: Customer Care Call. Location: Tacoma, Washington. Current Resolution Status: Open.",Broadband Performance,Medium,Frustrated,Open,Tacoma,Washington,Customer Care Call,2026-07-20 20:43:14
TC-369894,Customer_369894,subscriber_369894@telecom-domain.com,Poor service from Xfinity,"Subscriber report regarding Poor service from Xfinity. Filing Channel: Customer Care Call. Location: Tacoma, Washington. Current Resolution Status: Solved.",Service Request,Medium,Frustrated,Solved,Tacoma,Washington,Customer Care Call,2026-06-07 14:31:14
TC-221876,Customer_221876,subscriber_221876@telecom-domain.com,Comcast Practices/ billing,"Subscriber report regarding Comcast Practices/ billing. Filing Channel: Internet. Location: Tallahassee, Florida. Current Resolution Status: Solved.",Billing Dispute,Medium,Frustrated,Solved,Tallahassee,Florida,Internet,2026-06-22 13:08:14
TC-233356,Customer_233356,subscriber_233356@telecom-domain.com,Comcast cable,"Subscriber report regarding Comcast cable. Filing Channel: Internet. Location: Tallahassee, Florida. Current Resolution Status: Solved.",Service Request,Medium,Frustrated,Solved,Tallahassee,Florida,Internet,2026-08-03 12:23:14
TC-261206,Customer_261206,subscriber_261206@telecom-domain.com,Complaint regarding Comcast,"Subscriber report regarding Complaint regarding Comcast. Filing Channel: Customer Care Call. Location: Tallahassee, Florida. Current Resolution Status: Solved.",Service Request,Medium,Frustrated,Solved,Tallahassee,Florida,Customer Care Call,2026-05-14 12:10:14
TC-279834,Customer_279834,subscriber_279834@telecom-domain.com,Intermittent internet,"Subscriber report regarding Intermittent internet. Filing Channel: Customer Care Call. Location: Tallahassee, Florida. Current Resolution Status: Solved.",Service Request,Medium,Frustrated,Solved,Tallahassee,Florida,Customer Care Call,2026-05-15 21:10:14
TC-304971,Customer_304971,subscriber_304971@telecom-domain.com,unreliable connection,"Subscriber report regarding unreliable connection. Filing Channel: Internet. Location: Tallahassee, Florida. Current Resolution Status: Solved.",Service Request,Medium,Frustrated,Solved,Tallahassee,Florida,Internet,2026-06-08 03:24:14
TC-304972,Customer_304972,subscriber_304972@telecom-domain.com,unreliable connection,"Subscriber report regarding unreliable connection. Filing Channel: Customer Care Call. Location: Tallahassee, Florida. Current Resolution Status: Solved.",Service Request,Medium,Frustrated,Solved,Tallahassee,Florida,Customer Care Call,2026-04-23 03:41:14
TC-325610,Customer_325610,subscriber_325610@telecom-domain.com,Comcast is awful,"Subscriber report regarding Comcast is awful. Filing Channel: Customer Care Call. Location: Tallahassee, Florida. Current Resolution Status: Solved.",Service Request,Medium,Frustrated,Solved,Tallahassee,Florida,Customer Care Call,2026-04-28 05:18:14
TC-361123,Customer_361123,subscriber_361123@telecom-domain.com,Comcast Billing,"Subscriber report regarding Comcast Billing. Filing Channel: Internet. Location: Tallahassee, Florida. Current Resolution Status: Solved.",Billing Dispute,Medium,Frustrated,Solved,Tallahassee,Florida,Internet,2026-05-22 16:48:14
TC-361389,Customer_361389,subscriber_361389@telecom-domain.com,Tallahassee Comcast rates high without competition,"Subscriber report regarding Tallahassee Comcast rates high without competition. Filing Channel: Internet. Location: Tallahassee, Florida. Current Resolution Status: Solved.",Service Request,Medium,Frustrated,Solved,Tallahassee,Florida,Internet,2026-04-27 20:14:14
TC-362352,Customer_362352,subscriber_362352@telecom-domain.com,60 day delay in cancelling service agreement,"Subscriber report regarding 60 day delay in cancelling service agreement. Filing Channel: Customer Care Call. Location: Tallahassee, Florida. Current Resolution Status: Solved.",Cancellation,Medium,Frustrated,Solved,Tallahassee,Florida,Customer Care Call,2026-06-14 13:05:14
TC-366673,Customer_366673,subscriber_366673@telecom-domain.com,Unfair Billing Practices,"Subscriber report regarding Unfair Billing Practices. Filing Channel: Internet. Location: Tallahassee, Florida. Current Resolution Status: Solved.",Billing Dispute,Medium,Frustrated,Solved,Tallahassee,Florida,Internet,2026-02-26 14:45:14
TC-368496,Customer_368496,subscriber_368496@telecom-domain.com,Internet Speed,"Subscriber report regarding Internet Speed. Filing Channel: Internet. Location: Tallahassee, Florida. Current Resolution Status: Solved.",Broadband Performance,Medium,Frustrated,Solved,Tallahassee,Florida,Internet,2026-05-10 03:37:14
TC-310791,Customer_310791,subscriber_310791@telecom-domain.com,Comcast Internet Issue,"Subscriber report regarding Comcast Internet Issue. Filing Channel: Internet. Location: Tamarac, Florida. Current Resolution Status: Solved.",Service Request,Medium,Negative,Solved,Tamarac,Florida,Internet,2026-07-24 02:49:14
TC-246156,Customer_246156,subscriber_246156@telecom-domain.com,Xfinity Issues,"Subscriber report regarding Xfinity Issues. Filing Channel: Internet. Location: Taylorsville, Utah. Current Resolution Status: Solved.",Service Request,Medium,Negative,Solved,Taylorsville,Utah,Internet,2026-07-05 20:27:14
TC-344114,Customer_344114,subscriber_344114@telecom-domain.com,Back to back bill,"Subscriber report regarding Back to back bill. Filing Channel: Customer Care Call. Location: Taylorsville, Utah. Current Resolution Status: Solved.",Billing Dispute,Medium,Frustrated,Solved,Taylorsville,Utah,Customer Care Call,2026-05-30 23:54:14
TC-267864,Customer_267864,subscriber_267864@telecom-domain.com,"loss of signal SEVERAL times a day, VERY slow connectivity very often, Several issues with television also not just internet","Subscriber report regarding loss of signal SEVERAL times a day, VERY slow connectivity very often, Several issues with television also not just internet. Filing Channel: Customer Care Call. Location: Tenino, Washington. Current Resolution Status: Solved.",Broadband Performance,Medium,Negative,Solved,Tenino,Washington,Customer Care Call,2026-08-09 12:45:14
TC-346171,Customer_346171,subscriber_346171@telecom-domain.com,Poor service/paying for unusable services,"Subscriber report regarding Poor service/paying for unusable services. Filing Channel: Internet. Location: Tewksbury, Alabama. Current Resolution Status: Solved.",Service Request,Medium,Frustrated,Solved,Tewksbury,Alabama,Internet,2026-05-03 14:17:14
TC-257261,Customer_257261,subscriber_257261@telecom-domain.com,Scam concerning Ham License register book.,"Subscriber report regarding Scam concerning Ham License register book.. Filing Channel: Customer Care Call. Location: Texas City, Texas. Current Resolution Status: Solved.",Service Request,High,Angry,Solved,Texas City,Texas,Customer Care Call,2026-06-16 14:42:14
TC-360561,Customer_360561,subscriber_360561@telecom-domain.com,Comcast bill doubled without notice,"Subscriber report regarding Comcast bill doubled without notice. Filing Channel: Customer Care Call. Location: The Woodlands, Texas. Current Resolution Status: Open.",Billing Dispute,Medium,Frustrated,Open,The Woodlands,Texas,Customer Care Call,2026-07-28 03:04:14
TC-331448,Customer_331448,subscriber_331448@telecom-domain.com,Comcast Complaint,"Subscriber report regarding Comcast Complaint. Filing Channel: Customer Care Call. Location: Thornton, Colorado. Current Resolution Status: Solved.",Service Request,Medium,Frustrated,Solved,Thornton,Colorado,Customer Care Call,2026-07-18 11:32:14
TC-258344,Customer_258344,subscriber_258344@telecom-domain.com,"Comcast bars HBOGo from streaming to purchased device of my choosing, PS4","Subscriber report regarding Comcast bars HBOGo from streaming to purchased device of my choosing, PS4. Filing Channel: Customer Care Call. Location: Three Rivers, Michigan. Current Resolution Status: Solved.",Service Request,Medium,Frustrated,Solved,Three Rivers,Michigan,Customer Care Call,2026-03-16 18:56:14
TC-283584,Customer_283584,subscriber_283584@telecom-domain.com,internet services,"Subscriber report regarding internet services. Filing Channel: Customer Care Call. Location: Tiburon, California. Current Resolution Status: Solved.",Service Request,Medium,Frustrated,Solved,Tiburon,California,Customer Care Call,2026-07-13 00:00:14
TC-220830,Customer_220830,subscriber_220830@telecom-domain.com,Comcast charges in violation of contract,"Subscriber report regarding Comcast charges in violation of contract. Filing Channel: Customer Care Call. Location: Tigard, Oregon. Current Resolution Status: Solved.",Billing Dispute,High,Negative,Solved,Tigard,Oregon,Customer Care Call,2026-03-29 10:56:14
TC-374193,Customer_374193,subscriber_374193@telecom-domain.com,Someone at Comcast added services without me knowing,"Subscriber report regarding Someone at Comcast added services without me knowing. Filing Channel: Internet. Location: Tomball, Texas. Current Resolution Status: Solved.",Service Request,Medium,Frustrated,Solved,Tomball,Texas,Internet,2026-06-11 05:10:14
TC-235976,Customer_235976,subscriber_235976@telecom-domain.com,Comcast won't pay me my refund,"Subscriber report regarding Comcast won't pay me my refund. Filing Channel: Internet. Location: Toney, Alabama. Current Resolution Status: Solved.",Billing Dispute,Medium,Frustrated,Solved,Toney,Alabama,Internet,2026-08-11 09:39:14
TC-342712,Customer_342712,subscriber_342712@telecom-domain.com,Data caps for broadband internet,"Subscriber report regarding Data caps for broadband internet. Filing Channel: Internet. Location: Topsham, Maine. Current Resolution Status: Open.",Data / Usage Issue,Medium,Negative,Open,Topsham,Maine,Internet,2026-06-29 16:25:14
TC-318166,Customer_318166,subscriber_318166@telecom-domain.com,Comcast had said I had a credit but then issued a regular bill,"Subscriber report regarding Comcast had said I had a credit but then issued a regular bill. Filing Channel: Customer Care Call. Location: Tracy, California. Current Resolution Status: Solved.",Billing Dispute,High,Negative,Solved,Tracy,California,Customer Care Call,2026-07-06 01:19:14
TC-256900,Customer_256900,subscriber_256900@telecom-domain.com,Comcast,"Subscriber report regarding Comcast. Filing Channel: Internet. Location: Trenton, New Jersey. Current Resolution Status: Solved.",Service Request,Medium,Frustrated,Solved,Trenton,New Jersey,Internet,2026-07-30 17:08:14
TC-252485,Customer_252485,subscriber_252485@telecom-domain.com,why am I paying for this ?,"Subscriber report regarding why am I paying for this ?. Filing Channel: Customer Care Call. Location: Triangle, Virginia. Current Resolution Status: Solved.",Service Request,Medium,Frustrated,Solved,Triangle,Virginia,Customer Care Call,2026-03-22 22:42:14
TC-375640,Customer_375640,subscriber_375640@telecom-domain.com,Comcast service complaint,"Subscriber report regarding Comcast service complaint. Filing Channel: Internet. Location: Troy, Michigan. Current Resolution Status: Pending.",Service Request,Medium,Frustrated,Pending,Troy,Michigan,Internet,2026-06-25 15:22:14
TC-332583,Customer_332583,subscriber_332583@telecom-domain.com,Complaint about Comcast,"Subscriber report regarding Complaint about Comcast. Filing Channel: Internet. Location: Tualatin, Oregon. Current Resolution Status: Solved.",Service Request,Medium,Frustrated,Solved,Tualatin,Oregon,Internet,2026-06-15 06:05:14
TC-360650,Customer_360650,subscriber_360650@telecom-domain.com,Comcast complaint,"Subscriber report regarding Comcast complaint. Filing Channel: Internet. Location: Tualatin, Oregon. Current Resolution Status: Open.",Service Request,Medium,Frustrated,Open,Tualatin,Oregon,Internet,2026-03-02 02:59:14
TC-307797,Customer_307797,subscriber_307797@telecom-domain.com,Comcast is inaccurately measuring bandwidth consumption.,"Subscriber report regarding Comcast is inaccurately measuring bandwidth consumption.. Filing Channel: Internet. Location: Tucker, Georgia. Current Resolution Status: Solved.",Broadband Performance,Medium,Frustrated,Solved,Tucker,Georgia,Internet,2026-06-02 07:05:14
TC-243690,Customer_243690,subscriber_243690@telecom-domain.com,Data capping and lack of options in Tucson AZ,"Subscriber report regarding Data capping and lack of options in Tucson AZ. Filing Channel: Internet. Location: Tucson, Arizona. Current Resolution Status: Solved.",Data / Usage Issue,Medium,Frustrated,Solved,Tucson,Arizona,Internet,2026-04-12 08:38:14
TC-218553,Customer_218553,subscriber_218553@telecom-domain.com,Poor Internet Service,"Subscriber report regarding Poor Internet Service. Filing Channel: Internet. Location: Tucson, Arizona. Current Resolution Status: Solved.",Service Request,Medium,Frustrated,Solved,Tucson,Arizona,Internet,2026-06-28 04:41:14
TC-257660,Customer_257660,subscriber_257660@telecom-domain.com,comcast is changing my paper bill to ecobill without my consent,"Subscriber report regarding comcast is changing my paper bill to ecobill without my consent. Filing Channel: Customer Care Call. Location: Tucson, Arizona. Current Resolution Status: Solved.",Billing Dispute,Medium,Frustrated,Solved,Tucson,Arizona,Customer Care Call,2026-03-08 04:23:14
TC-263031,Customer_263031,subscriber_263031@telecom-domain.com,"Internet ""Overage"" Charges","Subscriber report regarding Internet ""Overage"" Charges. Filing Channel: Customer Care Call. Location: Tucson, Arizona. Current Resolution Status: Solved.",Data / Usage Issue,Medium,Negative,Solved,Tucson,Arizona,Customer Care Call,2026-06-11 12:04:14
TC-272685,Customer_272685,subscriber_272685@telecom-domain.com,Improper Billing/Services,"Subscriber report regarding Improper Billing/Services. Filing Channel: Internet. Location: Tucson, Arizona. Current Resolution Status: Solved.",Billing Dispute,Medium,Frustrated,Solved,Tucson,Arizona,Internet,2026-05-09 10:24:14
TC-303296,Customer_303296,subscriber_303296@telecom-domain.com,Data Caps,"Subscriber report regarding Data Caps. Filing Channel: Customer Care Call. Location: Tucson, Arizona. Current Resolution Status: Open.",Data / Usage Issue,Medium,Negative,Open,Tucson,Arizona,Customer Care Call,2026-04-12 01:32:14
TC-303430,Customer_303430,subscriber_303430@telecom-domain.com,Data Caps,"Subscriber report regarding Data Caps. Filing Channel: Internet. Location: Tucson, Arizona. Current Resolution Status: Solved.",Data / Usage Issue,Medium,Negative,Solved,Tucson,Arizona,Internet,2026-05-31 12:14:14
TC-309981,Customer_309981,subscriber_309981@telecom-domain.com,"Comcast ""Unlimited"" Internet Access recently limited to 300GB per month","Subscriber report regarding Comcast ""Unlimited"" Internet Access recently limited to 300GB per month. Filing Channel: Internet. Location: Tucson, Arizona. Current Resolution Status: Solved.",Data / Usage Issue,Medium,Frustrated,Solved,Tucson,Arizona,Internet,2026-04-07 15:18:14
TC-313928,Customer_313928,subscriber_313928@telecom-domain.com,Deceptive Advertising,"Subscriber report regarding Deceptive Advertising. Filing Channel: Internet. Location: Tucson, Arizona. Current Resolution Status: Solved.",Service Request,Medium,Frustrated,Solved,Tucson,Arizona,Internet,2026-03-16 14:37:14
TC-326487,Customer_326487,subscriber_326487@telecom-domain.com,Comcast data cap/meter,"Subscriber report regarding Comcast data cap/meter. Filing Channel: Customer Care Call. Location: Tucson, Arizona. Current Resolution Status: Solved.",Data / Usage Issue,Medium,Frustrated,Solved,Tucson,Arizona,Customer Care Call,2026-04-27 13:20:14
TC-347736,Customer_347736,subscriber_347736@telecom-domain.com,Data Cap,"Subscriber report regarding Data Cap. Filing Channel: Internet. Location: Tucson, Arizona. Current Resolution Status: Open.",Data / Usage Issue,Medium,Frustrated,Open,Tucson,Arizona,Internet,2026-08-07 16:19:14
TC-353020,Customer_353020,subscriber_353020@telecom-domain.com,Comcast Data Meter/Cap,"Subscriber report regarding Comcast Data Meter/Cap. Filing Channel: Internet. Location: Tucson, Arizona. Current Resolution Status: Solved.",Data / Usage Issue,Medium,Frustrated,Solved,Tucson,Arizona,Internet,2026-04-15 15:53:14
TC-360493,Customer_360493,subscriber_360493@telecom-domain.com,Comcast service and billing,"Subscriber report regarding Comcast service and billing. Filing Channel: Internet. Location: Tucson, Arizona. Current Resolution Status: Solved.",Billing Dispute,Medium,Frustrated,Solved,Tucson,Arizona,Internet,2026-03-29 11:09:14
TC-361278,Customer_361278,subscriber_361278@telecom-domain.com,Data Limits,"Subscriber report regarding Data Limits. Filing Channel: Customer Care Call. Location: Tucson, Arizona. Current Resolution Status: Solved.",Data / Usage Issue,Medium,Frustrated,Solved,Tucson,Arizona,Customer Care Call,2026-02-27 03:38:14
TC-360586,Customer_360586,subscriber_360586@telecom-domain.com,Tucson Comcast Data Caps on Internet Service,"Subscriber report regarding Tucson Comcast Data Caps on Internet Service. Filing Channel: Customer Care Call. Location: Tucson, Arizona. Current Resolution Status: Pending.",Data / Usage Issue,Medium,Negative,Pending,Tucson,Arizona,Customer Care Call,2026-06-18 16:33:14
TC-363735,Customer_363735,subscriber_363735@telecom-domain.com,Data Cap,"Subscriber report regarding Data Cap. Filing Channel: Customer Care Call. Location: Tucson, Arizona. Current Resolution Status: Pending.",Data / Usage Issue,Medium,Frustrated,Pending,Tucson,Arizona,Customer Care Call,2026-02-25 03:10:14
TC-363773,Customer_363773,subscriber_363773@telecom-domain.com,Home Internet Data Caps,"Subscriber report regarding Home Internet Data Caps. Filing Channel: Internet. Location: Tucson, Arizona. Current Resolution Status: Pending.",Data / Usage Issue,Medium,Negative,Pending,Tucson,Arizona,Internet,2026-05-08 04:00:14
TC-368168,Customer_368168,subscriber_368168@telecom-domain.com,Comcast falsely claims service is provided in neighborhood,"Subscriber report regarding Comcast falsely claims service is provided in neighborhood. Filing Channel: Customer Care Call. Location: Tucson, Arizona. Current Resolution Status: Solved.",Service Request,Medium,Frustrated,Solved,Tucson,Arizona,Customer Care Call,2026-04-15 13:42:14
TC-367324,Customer_367324,subscriber_367324@telecom-domain.com,Data usage cap with Comcast Xfinity,"Subscriber report regarding Data usage cap with Comcast Xfinity. Filing Channel: Internet. Location: Tucson, Arizona. Current Resolution Status: Pending.",Data / Usage Issue,Medium,Frustrated,Pending,Tucson,Arizona,Internet,2026-05-26 00:50:14
TC-336982,Customer_336982,subscriber_336982@telecom-domain.com,Comcast monopoly,"Subscriber report regarding Comcast monopoly. Filing Channel: Internet. Location: Tukwila, Washington. Current Resolution Status: Solved.",Service Request,Medium,Frustrated,Solved,Tukwila,Washington,Internet,2026-05-19 21:29:14
TC-374566,Customer_374566,subscriber_374566@telecom-domain.com,Comcast Data Usage Plan Trial,"Subscriber report regarding Comcast Data Usage Plan Trial. Filing Channel: Internet. Location: Tupelo, Mississippi. Current Resolution Status: Pending.",Data / Usage Issue,Medium,Frustrated,Pending,Tupelo,Mississippi,Internet,2026-04-07 12:18:14
TC-357359,Customer_357359,subscriber_357359@telecom-domain.com,Comcast slowing internet speeds intentionally,"Subscriber report regarding Comcast slowing internet speeds intentionally. Filing Channel: Internet. Location: Turnersville, New Jersey. Current Resolution Status: Solved.",Broadband Performance,Medium,Negative,Solved,Turnersville,New Jersey,Internet,2026-06-16 14:58:14
TC-335869,Customer_335869,subscriber_335869@telecom-domain.com,Xfinity Data Caps,"Subscriber report regarding Xfinity Data Caps. Filing Channel: Customer Care Call. Location: Tuscaloosa, Alabama. Current Resolution Status: Solved.",Data / Usage Issue,Medium,Negative,Solved,Tuscaloosa,Alabama,Customer Care Call,2026-08-12 23:23:14
TC-360717,Customer_360717,subscriber_360717@telecom-domain.com,Comcast Data Caps and Throttling,"Subscriber report regarding Comcast Data Caps and Throttling. Filing Channel: Customer Care Call. Location: Tuscaloosa, Alabama. Current Resolution Status: Pending.",Data / Usage Issue,Medium,Negative,Pending,Tuscaloosa,Alabama,Customer Care Call,2026-05-19 17:27:14
TC-226421,Customer_226421,subscriber_226421@telecom-domain.com,Increased monthly fee on 3 year contract,"Subscriber report regarding Increased monthly fee on 3 year contract. Filing Channel: Customer Care Call. Location: Tuscumbia, Alabama. Current Resolution Status: Solved.",Billing Dispute,Medium,Frustrated,Solved,Tuscumbia,Alabama,Customer Care Call,2026-07-02 21:26:14
TC-302629,Customer_302629,subscriber_302629@telecom-domain.com,installation fee,"Subscriber report regarding installation fee. Filing Channel: Customer Care Call. Location: Union City, California. Current Resolution Status: Open.",Billing Dispute,Medium,Frustrated,Open,Union City,California,Customer Care Call,2026-03-09 20:37:14
TC-310832,Customer_310832,subscriber_310832@telecom-domain.com,Comcast issues don't get resolved,"Subscriber report regarding Comcast issues don't get resolved. Filing Channel: Internet. Location: Union City, Georgia. Current Resolution Status: Pending.",Service Request,Medium,Negative,Pending,Union City,Georgia,Internet,2026-04-10 10:31:14
TC-354508,Customer_354508,subscriber_354508@telecom-domain.com,Data Cap,"Subscriber report regarding Data Cap. Filing Channel: Customer Care Call. Location: Union City, Georgia. Current Resolution Status: Solved.",Data / Usage Issue,Medium,Frustrated,Solved,Union City,Georgia,Customer Care Call,2026-05-24 21:26:14
TC-356764,Customer_356764,subscriber_356764@telecom-domain.com,shitty comcast,"Subscriber report regarding shitty comcast. Filing Channel: Customer Care Call. Location: Urbana, Illinois. Current Resolution Status: Pending.",Service Request,Medium,Frustrated,Pending,Urbana,Illinois,Customer Care Call,2026-05-27 01:32:14
TC-359468,Customer_359468,subscriber_359468@telecom-domain.com,shitty comcast service,"Subscriber report regarding shitty comcast service. Filing Channel: Customer Care Call. Location: Urbana, Illinois. Current Resolution Status: Pending.",Service Request,Medium,Frustrated,Pending,Urbana,Illinois,Customer Care Call,2026-06-05 20:00:14
TC-360548,Customer_360548,subscriber_360548@telecom-domain.com,Terrible pricing for only one viable option,"Subscriber report regarding Terrible pricing for only one viable option. Filing Channel: Internet. Location: Vacaville, California. Current Resolution Status: Solved.",Billing Dispute,High,Angry,Solved,Vacaville,California,Internet,2026-04-18 11:46:14
TC-242410,Customer_242410,subscriber_242410@telecom-domain.com,Unfair Billing Practice and Services,"Subscriber report regarding Unfair Billing Practice and Services. Filing Channel: Customer Care Call. Location: Vallejo, California. Current Resolution Status: Solved.",Billing Dispute,Medium,Frustrated,Solved,Vallejo,California,Customer Care Call,2026-04-06 13:40:14
TC-350863,Customer_350863,subscriber_350863@telecom-domain.com,Pay 2500 for cable line,"Subscriber report regarding Pay 2500 for cable line. Filing Channel: Customer Care Call. Location: Valley Springs, California. Current Resolution Status: Solved.",Service Request,Medium,Frustrated,Solved,Valley Springs,California,Customer Care Call,2026-03-11 12:52:14
TC-346765,Customer_346765,subscriber_346765@telecom-domain.com,Inability to get service transferred,"Subscriber report regarding Inability to get service transferred. Filing Channel: Internet. Location: Valparaiso, Indiana. Current Resolution Status: Solved.",Service Request,Medium,Frustrated,Solved,Valparaiso,Indiana,Internet,2026-06-20 05:03:14
TC-371230,Customer_371230,subscriber_371230@telecom-domain.com,Poor Service or no Service,"Subscriber report regarding Poor Service or no Service. Filing Channel: Customer Care Call. Location: Valrico, Florida. Current Resolution Status: Open.",Service Outage,Medium,Frustrated,Open,Valrico,Florida,Customer Care Call,2026-05-31 08:00:14
TC-238116,Customer_238116,subscriber_238116@telecom-domain.com,access to service,"Subscriber report regarding access to service. Filing Channel: Customer Care Call. Location: Vancouver, Washington. Current Resolution Status: Solved.",Service Request,Medium,Frustrated,Solved,Vancouver,Washington,Customer Care Call,2026-04-18 19:52:14
TC-218733,Customer_218733,subscriber_218733@telecom-domain.com,Speed consistently 1/25 of speed paid for,"Subscriber report regarding Speed consistently 1/25 of speed paid for. Filing Channel: Customer Care Call. Location: Vancouver, Washington. Current Resolution Status: Solved.",Broadband Performance,Medium,Frustrated,Solved,Vancouver,Washington,Customer Care Call,2026-02-23 09:15:14
TC-242545,Customer_242545,subscriber_242545@telecom-domain.com,Comcast Throttling Internet,"Subscriber report regarding Comcast Throttling Internet. Filing Channel: Customer Care Call. Location: Vancouver, Washington. Current Resolution Status: Solved.",Broadband Performance,Medium,Frustrated,Solved,Vancouver,Washington,Customer Care Call,2026-03-19 10:33:14
TC-257659,Customer_257659,subscriber_257659@telecom-domain.com,Slow Internet,"Subscriber report regarding Slow Internet. Filing Channel: Customer Care Call. Location: Vancouver, Washington. Current Resolution Status: Solved.",Broadband Performance,Medium,Negative,Solved,Vancouver,Washington,Customer Care Call,2026-03-12 05:14:14
TC-273429,Customer_273429,subscriber_273429@telecom-domain.com,Comcast internet service,"Subscriber report regarding Comcast internet service. Filing Channel: Internet. Location: Vancouver, Washington. Current Resolution Status: Solved.",Service Request,Medium,Frustrated,Solved,Vancouver,Washington,Internet,2026-04-19 12:32:14
TC-281231,Customer_281231,subscriber_281231@telecom-domain.com,Incorrect billing,"Subscriber report regarding Incorrect billing. Filing Channel: Customer Care Call. Location: Vancouver, Washington. Current Resolution Status: Open.",Billing Dispute,Medium,Frustrated,Open,Vancouver,Washington,Customer Care Call,2026-04-23 20:21:14
TC-316159,Customer_316159,subscriber_316159@telecom-domain.com,comcast xfinity,"Subscriber report regarding comcast xfinity. Filing Channel: Internet. Location: Vancouver, Washington. Current Resolution Status: Solved.",Service Request,Medium,Frustrated,Solved,Vancouver,Washington,Internet,2026-03-28 00:49:14
TC-312977,Customer_312977,subscriber_312977@telecom-domain.com,Comcast Fraudulent Charges,"Subscriber report regarding Comcast Fraudulent Charges. Filing Channel: Internet. Location: Vashon, Washington. Current Resolution Status: Open.",Billing Dispute,High,Angry,Open,Vashon,Washington,Internet,2026-05-19 08:25:14
TC-363419,Customer_363419,subscriber_363419@telecom-domain.com,Re: Unfair Billing Practices Complaints against Comcast,"Subscriber report regarding Re: Unfair Billing Practices Complaints against Comcast. Filing Channel: Internet. Location: Vernon Hills, Illinois. Current Resolution Status: Solved.",Billing Dispute,Medium,Frustrated,Solved,Vernon Hills,Illinois,Internet,2026-04-22 22:53:14
TC-342428,Customer_342428,subscriber_342428@telecom-domain.com,My Comcast Bill for Internet/Cable/Phone service,"Subscriber report regarding My Comcast Bill for Internet/Cable/Phone service. Filing Channel: Customer Care Call. Location: Vero Beach, Florida. Current Resolution Status: Open.",Billing Dispute,Medium,Frustrated,Open,Vero Beach,Florida,Customer Care Call,2026-06-17 07:32:14
TC-360969,Customer_360969,subscriber_360969@telecom-domain.com,Monopolist power of Comcast in my service area,"Subscriber report regarding Monopolist power of Comcast in my service area. Filing Channel: Customer Care Call. Location: Vero Beach, Florida. Current Resolution Status: Solved.",Service Request,Medium,Frustrated,Solved,Vero Beach,Florida,Customer Care Call,2026-05-27 06:59:14
TC-367693,Customer_367693,subscriber_367693@telecom-domain.com,Comcast/Xfinity Communication,"Subscriber report regarding Comcast/Xfinity Communication. Filing Channel: Customer Care Call. Location: Vero Beach, Florida. Current Resolution Status: Solved.",Service Request,Medium,Frustrated,Solved,Vero Beach,Florida,Customer Care Call,2026-06-14 03:06:14
TC-243582,Customer_243582,subscriber_243582@telecom-domain.com,No Internet,"Subscriber report regarding No Internet. Filing Channel: Customer Care Call. Location: Villa Rica, Georgia. Current Resolution Status: Solved.",Service Request,Medium,Frustrated,Solved,Villa Rica,Georgia,Customer Care Call,2026-04-04 11:11:14
TC-334816,Customer_334816,subscriber_334816@telecom-domain.com,"Comcast-Non existent customer service, terrible internet connection","Subscriber report regarding Comcast-Non existent customer service, terrible internet connection. Filing Channel: Internet. Location: Vincentown, New Jersey. Current Resolution Status: Solved.",Customer Service,High,Angry,Solved,Vincentown,New Jersey,Internet,2026-03-29 22:37:14
TC-282436,Customer_282436,subscriber_282436@telecom-domain.com,Slow download and upload speeds,"Subscriber report regarding Slow download and upload speeds. Filing Channel: Internet. Location: Vineland, New Jersey. Current Resolution Status: Solved.",Broadband Performance,High,Angry,Solved,Vineland,New Jersey,Internet,2026-06-07 18:42:14
TC-375485,Customer_375485,subscriber_375485@telecom-domain.com,Repeatedly have been promised installations without anyone arriving or notifying,"Subscriber report regarding Repeatedly have been promised installations without anyone arriving or notifying. Filing Channel: Internet. Location: Voorhees, New Jersey. Current Resolution Status: Solved.",Installation,Medium,Frustrated,Solved,Voorhees,New Jersey,Internet,2026-07-25 03:16:14
TC-360535,Customer_360535,subscriber_360535@telecom-domain.com,Comcast Internet,"Subscriber report regarding Comcast Internet. Filing Channel: Internet. Location: Walnut Creek, California. Current Resolution Status: Pending.",Service Request,Medium,Frustrated,Pending,Walnut Creek,California,Internet,2026-04-28 05:25:14
TC-360636,Customer_360636,subscriber_360636@telecom-domain.com,Internet Speeds are Wacko,"Subscriber report regarding Internet Speeds are Wacko. Filing Channel: Internet. Location: Walnut Creek, California. Current Resolution Status: Solved.",Broadband Performance,Medium,Frustrated,Solved,Walnut Creek,California,Internet,2026-04-05 07:45:14
TC-277005,Customer_277005,subscriber_277005@telecom-domain.com,Unresolved Comcast fraudulent billing,"Subscriber report regarding Unresolved Comcast fraudulent billing. Filing Channel: Internet. Location: Walterboro, South Carolina. Current Resolution Status: Solved.",Billing Dispute,High,Angry,Solved,Walterboro,South Carolina,Internet,2026-07-04 00:33:14
TC-355153,Customer_355153,subscriber_355153@telecom-domain.com,comcast internet service,"Subscriber report regarding comcast internet service. Filing Channel: Customer Care Call. Location: Ware, Massachusetts. Current Resolution Status: Solved.",Service Request,Medium,Frustrated,Solved,Ware,Massachusetts,Customer Care Call,2026-03-01 13:14:14
TC-252611,Customer_252611,subscriber_252611@telecom-domain.com,comcast email acess,"Subscriber report regarding comcast email acess. Filing Channel: Internet. Location: Warren, Ohio. Current Resolution Status: Solved.",Service Request,Medium,Frustrated,Solved,Warren,Ohio,Internet,2026-02-28 15:01:14
TC-357069,Customer_357069,subscriber_357069@telecom-domain.com,Internet service loses signal,"Subscriber report regarding Internet service loses signal. Filing Channel: Customer Care Call. Location: Warrenville, Illinois. Current Resolution Status: Solved.",Network Connectivity,Medium,Frustrated,Solved,Warrenville,Illinois,Customer Care Call,2026-08-16 15:47:14
TC-360625,Customer_360625,subscriber_360625@telecom-domain.com,Comcast Bill,"Subscriber report regarding Comcast Bill. Filing Channel: Internet. Location: Warrenville, Illinois. Current Resolution Status: Solved.",Billing Dispute,Medium,Frustrated,Solved,Warrenville,Illinois,Internet,2026-08-01 16:52:14
TC-357230,Customer_357230,subscriber_357230@telecom-domain.com,"Horrible Customer Service, Bad Service","Subscriber report regarding Horrible Customer Service, Bad Service. Filing Channel: Customer Care Call. Location: Warsaw, Indiana. Current Resolution Status: Solved.",Customer Service,High,Angry,Solved,Warsaw,Indiana,Customer Care Call,2026-06-08 23:13:14
TC-216620,Customer_216620,subscriber_216620@telecom-domain.com,"Comcast (no service, hung up on, 3 in person attempts by technician and all were no show with no call back)","Subscriber report regarding Comcast (no service, hung up on, 3 in person attempts by technician and all were no show with no call back). Filing Channel: Customer Care Call. Location: Washington, District Of Columbia. Current Resolution Status: Solved.",Service Outage,Medium,Frustrated,Solved,Washington,District Of Columbia,Customer Care Call,2026-07-15 15:09:14
TC-256283,Customer_256283,subscriber_256283@telecom-domain.com,Inexplicable Disconnection & Subsequent Mishandling,"Subscriber report regarding Inexplicable Disconnection & Subsequent Mishandling. Filing Channel: Customer Care Call. Location: Washington, District Of Columbia. Current Resolution Status: Solved.",Service Outage,Medium,Frustrated,Solved,Washington,District Of Columbia,Customer Care Call,2026-07-29 21:30:14
TC-259550,Customer_259550,subscriber_259550@telecom-domain.com,Comcast: Billing issue,"Subscriber report regarding Comcast: Billing issue. Filing Channel: Customer Care Call. Location: Washington, District Of Columbia. Current Resolution Status: Solved.",Billing Dispute,High,Negative,Solved,Washington,District Of Columbia,Customer Care Call,2026-06-18 05:18:14
TC-267642,Customer_267642,subscriber_267642@telecom-domain.com,Comcast Internet Service,"Subscriber report regarding Comcast Internet Service. Filing Channel: Customer Care Call. Location: Washington, District Of Columbia. Current Resolution Status: Solved.",Service Request,Medium,Frustrated,Solved,Washington,District Of Columbia,Customer Care Call,2026-08-03 22:06:14
TC-303715,Customer_303715,subscriber_303715@telecom-domain.com,Billing Complaint,"Subscriber report regarding Billing Complaint. Filing Channel: Customer Care Call. Location: Washington, District Of Columbia. Current Resolution Status: Solved.",Billing Dispute,Medium,Frustrated,Solved,Washington,District Of Columbia,Customer Care Call,2026-04-29 18:36:14
TC-306239,Customer_306239,subscriber_306239@telecom-domain.com,Credit on Bill and Change of Service Request,"Subscriber report regarding Credit on Bill and Change of Service Request. Filing Channel: Customer Care Call. Location: Washington, District Of Columbia. Current Resolution Status: Pending.",Billing Dispute,Medium,Frustrated,Pending,Washington,District Of Columbia,Customer Care Call,2026-03-01 19:09:14
TC-311271,Customer_311271,subscriber_311271@telecom-domain.com,Internet speed,"Subscriber report regarding Internet speed. Filing Channel: Internet. Location: Washington, District of Columbia. Current Resolution Status: Solved.",Broadband Performance,Medium,Frustrated,Solved,Washington,District of Columbia,Internet,2026-04-22 04:01:14
TC-318489,Customer_318489,subscriber_318489@telecom-domain.com,False sales offers,"Subscriber report regarding False sales offers. Filing Channel: Customer Care Call. Location: Washington, District Of Columbia. Current Resolution Status: Solved.",Service Request,Medium,Frustrated,Solved,Washington,District Of Columbia,Customer Care Call,2026-04-16 18:24:14
TC-335489,Customer_335489,subscriber_335489@telecom-domain.com,Incorrect Disclosure,"Subscriber report regarding Incorrect Disclosure. Filing Channel: Customer Care Call. Location: Washington, District Of Columbia. Current Resolution Status: Solved.",Service Request,Medium,Frustrated,Solved,Washington,District Of Columbia,Customer Care Call,2026-03-05 17:17:14
TC-340431,Customer_340431,subscriber_340431@telecom-domain.com,Paying for 50MB/s and getting 26MB/s,"Subscriber report regarding Paying for 50MB/s and getting 26MB/s. Filing Channel: Internet. Location: Washington, District Of Columbia. Current Resolution Status: Solved.",Service Request,Medium,Frustrated,Solved,Washington,District Of Columbia,Internet,2026-03-16 14:27:14
TC-360231,Customer_360231,subscriber_360231@telecom-domain.com,Comcast misleading HSI customers,"Subscriber report regarding Comcast misleading HSI customers. Filing Channel: Customer Care Call. Location: Washington, District Of Columbia. Current Resolution Status: Solved.",Service Request,Medium,Frustrated,Solved,Washington,District Of Columbia,Customer Care Call,2026-03-23 21:56:14
TC-361379,Customer_361379,subscriber_361379@telecom-domain.com,Throttling of Comcast internet services,"Subscriber report regarding Throttling of Comcast internet services. Filing Channel: Internet. Location: Washington, District Of Columbia. Current Resolution Status: Solved.",Broadband Performance,Medium,Frustrated,Solved,Washington,District Of Columbia,Internet,2026-06-28 18:53:14
TC-360961,Customer_360961,subscriber_360961@telecom-domain.com,Billing,"Subscriber report regarding Billing. Filing Channel: Internet. Location: Washington, District Of Columbia. Current Resolution Status: Solved.",Billing Dispute,Medium,Frustrated,Solved,Washington,District Of Columbia,Internet,2026-04-25 01:17:14
TC-364571,Customer_364571,subscriber_364571@telecom-domain.com,Unfair and Monopolistic Billing Practices,"Subscriber report regarding Unfair and Monopolistic Billing Practices. Filing Channel: Customer Care Call. Location: Washington, District Of Columbia. Current Resolution Status: Solved.",Billing Dispute,Medium,Frustrated,Solved,Washington,District Of Columbia,Customer Care Call,2026-04-19 14:45:14
TC-364340,Customer_364340,subscriber_364340@telecom-domain.com,Comcast/Xfinity,"Subscriber report regarding Comcast/Xfinity. Filing Channel: Internet. Location: Washington, District Of Columbia. Current Resolution Status: Solved.",Service Request,Medium,Frustrated,Solved,Washington,District Of Columbia,Internet,2026-04-28 04:49:14
TC-372912,Customer_372912,subscriber_372912@telecom-domain.com,Comcast Internet,"Subscriber report regarding Comcast Internet. Filing Channel: Customer Care Call. Location: Washington, District Of Columbia. Current Resolution Status: Open.",Service Request,Medium,Frustrated,Open,Washington,District Of Columbia,Customer Care Call,2026-08-12 02:55:14
TC-368743,Customer_368743,subscriber_368743@telecom-domain.com,Broadband internet malfeasance by Comcast,"Subscriber report regarding Broadband internet malfeasance by Comcast. Filing Channel: Internet. Location: Washington, Michigan. Current Resolution Status: Solved.",Service Request,Medium,Frustrated,Solved,Washington,Michigan,Internet,2026-06-02 03:36:14
TC-212381,Customer_212381,subscriber_212381@telecom-domain.com,"Comcast speeds as low as 12 MB/s, paying for 105 MB/s and they wont figure it out.","Subscriber report regarding Comcast speeds as low as 12 MB/s, paying for 105 MB/s and they wont figure it out.. Filing Channel: Customer Care Call. Location: Washington, Pennsylvania. Current Resolution Status: Solved.",Broadband Performance,Medium,Frustrated,Solved,Washington,Pennsylvania,Customer Care Call,2026-04-22 02:25:14
TC-260891,Customer_260891,subscriber_260891@telecom-domain.com,Lack of ISP choice,"Subscriber report regarding Lack of ISP choice. Filing Channel: Internet. Location: Washington, Pennsylvania. Current Resolution Status: Solved.",Service Request,Medium,Frustrated,Solved,Washington,Pennsylvania,Internet,2026-05-12 03:31:14
TC-363290,Customer_363290,subscriber_363290@telecom-domain.com,FAILURE TO PROVIDE SERVICE WHILE STILL BILLING,"Subscriber report regarding FAILURE TO PROVIDE SERVICE WHILE STILL BILLING. Filing Channel: Internet. Location: Washington Dc, District Of Columbia. Current Resolution Status: Solved.",Billing Dispute,High,Negative,Solved,Washington Dc,District Of Columbia,Internet,2026-07-30 23:37:14
TC-364377,Customer_364377,subscriber_364377@telecom-domain.com,Slow Internet speeds,"Subscriber report regarding Slow Internet speeds. Filing Channel: Internet. Location: Washington Terrace, Utah. Current Resolution Status: Open.",Broadband Performance,Medium,Negative,Open,Washington Terrace,Utah,Internet,2026-05-28 06:10:14
TC-341156,Customer_341156,subscriber_341156@telecom-domain.com,Monopolies mean high prices and mediocre service,"Subscriber report regarding Monopolies mean high prices and mediocre service. Filing Channel: Internet. Location: Waterbury, Connecticut. Current Resolution Status: Solved.",Billing Dispute,Medium,Frustrated,Solved,Waterbury,Connecticut,Internet,2026-05-29 23:59:14
TC-363972,Customer_363972,subscriber_363972@telecom-domain.com,Internet Speed,"Subscriber report regarding Internet Speed. Filing Channel: Customer Care Call. Location: Waterbury, Connecticut. Current Resolution Status: Solved.",Broadband Performance,Medium,Frustrated,Solved,Waterbury,Connecticut,Customer Care Call,2026-08-08 07:17:14
TC-340558,Customer_340558,subscriber_340558@telecom-domain.com,Complaint #2. No resolution. Please help. Thank you.,"Subscriber report regarding Complaint #2. No resolution. Please help. Thank you.. Filing Channel: Internet. Location: Waterford, Michigan. Current Resolution Status: Solved.",Service Request,Medium,Frustrated,Solved,Waterford,Michigan,Internet,2026-02-21 14:27:14
TC-260999,Customer_260999,subscriber_260999@telecom-domain.com,Comcast is charging consumer too much,"Subscriber report regarding Comcast is charging consumer too much. Filing Channel: Internet. Location: Watertown, Massachusetts. Current Resolution Status: Solved.",Service Request,Medium,Frustrated,Solved,Watertown,Massachusetts,Internet,2026-03-26 17:15:14
TC-340299,Customer_340299,subscriber_340299@telecom-domain.com,Comcast slowing down Netflix,"Subscriber report regarding Comcast slowing down Netflix. Filing Channel: Internet. Location: Wauconda, Illinois. Current Resolution Status: Solved.",Broadband Performance,High,Angry,Solved,Wauconda,Illinois,Internet,2026-02-28 13:38:14
TC-364010,Customer_364010,subscriber_364010@telecom-domain.com,Comcast Excessive Charge When Cancelling Service,"Subscriber report regarding Comcast Excessive Charge When Cancelling Service. Filing Channel: Internet. Location: Waukee, Iowa. Current Resolution Status: Solved.",Billing Dispute,High,Negative,Solved,Waukee,Iowa,Internet,2026-03-30 05:20:14
TC-213198,Customer_213198,subscriber_213198@telecom-domain.com,Fradulent Services,"Subscriber report regarding Fradulent Services. Filing Channel: Customer Care Call. Location: Waukegan, Illinois. Current Resolution Status: Solved.",Service Request,Medium,Frustrated,Solved,Waukegan,Illinois,Customer Care Call,2026-05-17 11:24:14
TC-211677,Customer_211677,subscriber_211677@telecom-domain.com,Comcast refusal of service,"Subscriber report regarding Comcast refusal of service. Filing Channel: Customer Care Call. Location: Wayne, Pennsylvania. Current Resolution Status: Solved.",Service Request,Medium,Frustrated,Solved,Wayne,Pennsylvania,Customer Care Call,2026-03-20 16:08:14
TC-370429,Customer_370429,subscriber_370429@telecom-domain.com,(Comcast is not my complaint!) Cyber Tele-marketing is my complaint!,"Subscriber report regarding (Comcast is not my complaint!) Cyber Tele-marketing is my complaint!. Filing Channel: Customer Care Call. Location: Weirton, West Virginia. Current Resolution Status: Solved.",Service Request,Medium,Frustrated,Solved,Weirton,West Virginia,Customer Care Call,2026-04-10 10:49:14
TC-291564,Customer_291564,subscriber_291564@telecom-domain.com,Comcast asking for interstructure fee,"Subscriber report regarding Comcast asking for interstructure fee. Filing Channel: Internet. Location: Wellington, Florida. Current Resolution Status: Solved.",Billing Dispute,Medium,Frustrated,Solved,Wellington,Florida,Internet,2026-04-19 02:39:14
TC-295511,Customer_295511,subscriber_295511@telecom-domain.com,"Deceptive trade practices, false advertising and bait and switch","Subscriber report regarding Deceptive trade practices, false advertising and bait and switch. Filing Channel: Internet. Location: Wellington, Florida. Current Resolution Status: Solved.",Service Request,Medium,Frustrated,Solved,Wellington,Florida,Internet,2026-06-13 06:39:14
TC-301420,Customer_301420,subscriber_301420@telecom-domain.com,Billing issues,"Subscriber report regarding Billing issues. Filing Channel: Internet. Location: Wellington, Florida. Current Resolution Status: Solved.",Billing Dispute,High,Negative,Solved,Wellington,Florida,Internet,2026-07-05 22:21:14
TC-329414,Customer_329414,subscriber_329414@telecom-domain.com,Failure to show for an appointment and lying,"Subscriber report regarding Failure to show for an appointment and lying. Filing Channel: Internet. Location: Wellington, Florida. Current Resolution Status: Open.",Installation,Medium,Negative,Open,Wellington,Florida,Internet,2026-03-01 17:33:14
TC-231419,Customer_231419,subscriber_231419@telecom-domain.com,over sold/ over billed for short term services,"Subscriber report regarding over sold/ over billed for short term services. Filing Channel: Customer Care Call. Location: Wenonah, New Jersey. Current Resolution Status: Solved.",Billing Dispute,Medium,Frustrated,Solved,Wenonah,New Jersey,Customer Care Call,2026-04-02 21:31:14
TC-230991,Customer_230991,subscriber_230991@telecom-domain.com,Misrepresentation of Internet Speed,"Subscriber report regarding Misrepresentation of Internet Speed. Filing Channel: Customer Care Call. Location: West Chester, Pennsylvania. Current Resolution Status: Solved.",Broadband Performance,Medium,Frustrated,Solved,West Chester,Pennsylvania,Customer Care Call,2026-03-25 00:54:14
TC-324821,Customer_324821,subscriber_324821@telecom-domain.com,Comcast Home Security System,"Subscriber report regarding Comcast Home Security System. Filing Channel: Customer Care Call. Location: West Chester, Pennsylvania. Current Resolution Status: Solved.",Service Request,Medium,Frustrated,Solved,West Chester,Pennsylvania,Customer Care Call,2026-05-14 17:13:14
TC-363531,Customer_363531,subscriber_363531@telecom-domain.com,comcast transfer of service complaint,"Subscriber report regarding comcast transfer of service complaint. Filing Channel: Customer Care Call. Location: West Chester, Pennsylvania. Current Resolution Status: Solved.",Service Request,Medium,Frustrated,Solved,West Chester,Pennsylvania,Customer Care Call,2026-06-01 02:45:14
TC-373404,Customer_373404,subscriber_373404@telecom-domain.com,I HAVE BEEN ASKING TO SPEAK WITH A SUPERVISOR EVERY DAY FOR THE LAST FIVE WEEKS,"Subscriber report regarding I HAVE BEEN ASKING TO SPEAK WITH A SUPERVISOR EVERY DAY FOR THE LAST FIVE WEEKS. Filing Channel: Internet. Location: West Deptford, New Jersey. Current Resolution Status: Solved.",Service Request,Medium,Frustrated,Solved,West Deptford,New Jersey,Internet,2026-04-05 22:40:14
TC-221993,Customer_221993,subscriber_221993@telecom-domain.com,"Comcast is giving out wrong information, accusing people and increasing equipment prices, when contract says price will stay the same for 2 years","Subscriber report regarding Comcast is giving out wrong information, accusing people and increasing equipment prices, when contract says price will stay the same for 2 years. Filing Channel: Internet. Location: West Hartford, Connecticut. Current Resolution Status: Solved.",Billing Dispute,Medium,Frustrated,Solved,West Hartford,Connecticut,Internet,2026-05-31 11:37:14
TC-228557,Customer_228557,subscriber_228557@telecom-domain.com,unauthorized charges to my account by comcast,"Subscriber report regarding unauthorized charges to my account by comcast. Filing Channel: Internet. Location: West Lafayette, Indiana. Current Resolution Status: Solved.",Billing Dispute,High,Negative,Solved,West Lafayette,Indiana,Internet,2026-05-05 23:27:14
TC-367577,Customer_367577,subscriber_367577@telecom-domain.com,Comcast charge my own router as unreturned equipment,"Subscriber report regarding Comcast charge my own router as unreturned equipment. Filing Channel: Customer Care Call. Location: West Lafayette, Indiana. Current Resolution Status: Open.",Billing Dispute,High,Negative,Open,West Lafayette,Indiana,Customer Care Call,2026-05-09 02:55:14
TC-355412,Customer_355412,subscriber_355412@telecom-domain.com,Internet Uasge/Overage,"Subscriber report regarding Internet Uasge/Overage. Filing Channel: Customer Care Call. Location: West Monroe, Louisiana. Current Resolution Status: Solved.",Data / Usage Issue,Medium,Frustrated,Solved,West Monroe,Louisiana,Customer Care Call,2026-04-21 06:42:14
TC-361630,Customer_361630,subscriber_361630@telecom-domain.com,Egregious Fees,"Subscriber report regarding Egregious Fees. Filing Channel: Customer Care Call. Location: West Monroe, Louisiana. Current Resolution Status: Solved.",Billing Dispute,Medium,Frustrated,Solved,West Monroe,Louisiana,Customer Care Call,2026-07-08 06:58:14
TC-368991,Customer_368991,subscriber_368991@telecom-domain.com,"CRAMMING, False Internet Promotion, SPEED complaint","Subscriber report regarding CRAMMING, False Internet Promotion, SPEED complaint. Filing Channel: Customer Care Call. Location: West Monroe, Louisiana. Current Resolution Status: Solved.",Broadband Performance,Medium,Frustrated,Solved,West Monroe,Louisiana,Customer Care Call,2026-03-21 12:23:14
TC-375388,Customer_375388,subscriber_375388@telecom-domain.com,Comcast Data Cap Overage Fees,"Subscriber report regarding Comcast Data Cap Overage Fees. Filing Channel: Internet. Location: West Monroe, Louisiana. Current Resolution Status: Pending.",Data / Usage Issue,Medium,Frustrated,Pending,West Monroe,Louisiana,Internet,2026-02-27 17:09:14
TC-257843,Customer_257843,subscriber_257843@telecom-domain.com,Comcast committing extortion,"Subscriber report regarding Comcast committing extortion. Filing Channel: Internet. Location: West Palm Beach, Florida. Current Resolution Status: Solved.",Service Request,Medium,Frustrated,Solved,West Palm Beach,Florida,Internet,2026-04-15 00:23:14
TC-309425,Customer_309425,subscriber_309425@telecom-domain.com,Comcast,"Subscriber report regarding Comcast. Filing Channel: Customer Care Call. Location: West Palm Beach, Florida. Current Resolution Status: Solved.",Service Request,Medium,Frustrated,Solved,West Palm Beach,Florida,Customer Care Call,2026-04-09 22:36:14
TC-310997,Customer_310997,subscriber_310997@telecom-domain.com,overbilled,"Subscriber report regarding overbilled. Filing Channel: Customer Care Call. Location: West Palm Beach, Florida. Current Resolution Status: Solved.",Billing Dispute,Medium,Frustrated,Solved,West Palm Beach,Florida,Customer Care Call,2026-07-04 20:03:14
TC-335842,Customer_335842,subscriber_335842@telecom-domain.com,Comcast Business Internet,"Subscriber report regarding Comcast Business Internet. Filing Channel: Customer Care Call. Location: West Palm Beach, Florida. Current Resolution Status: Solved.",Service Request,Medium,Frustrated,Solved,West Palm Beach,Florida,Customer Care Call,2026-07-26 08:30:14
TC-358985,Customer_358985,subscriber_358985@telecom-domain.com,"Monthly bill increased, service decreased","Subscriber report regarding Monthly bill increased, service decreased. Filing Channel: Customer Care Call. Location: West St Paul, Minnesota. Current Resolution Status: Solved.",Billing Dispute,Medium,Frustrated,Solved,West St Paul,Minnesota,Customer Care Call,2026-07-14 13:42:14
TC-362830,Customer_362830,subscriber_362830@telecom-domain.com,Promised Speeds,"Subscriber report regarding Promised Speeds. Filing Channel: Customer Care Call. Location: West Valley City, Utah. Current Resolution Status: Solved.",Broadband Performance,Medium,Frustrated,Solved,West Valley City,Utah,Customer Care Call,2026-06-19 23:22:14
TC-284195,Customer_284195,subscriber_284195@telecom-domain.com,Comcast,"Subscriber report regarding Comcast. Filing Channel: Internet. Location: Westfield, Massachusetts. Current Resolution Status: Open.",Service Request,Medium,Frustrated,Open,Westfield,Massachusetts,Internet,2026-07-21 06:36:14
TC-336674,Customer_336674,subscriber_336674@telecom-domain.com,Data caps for cable ISP;s,"Subscriber report regarding Data caps for cable ISP;s. Filing Channel: Customer Care Call. Location: Westminster, Colorado. Current Resolution Status: Solved.",Data / Usage Issue,Medium,Negative,Solved,Westminster,Colorado,Customer Care Call,2026-08-18 12:03:14
TC-359831,Customer_359831,subscriber_359831@telecom-domain.com,Comcast,"Subscriber report regarding Comcast. Filing Channel: Customer Care Call. Location: Westminster, Maryland. Current Resolution Status: Open.",Service Request,Medium,Frustrated,Open,Westminster,Maryland,Customer Care Call,2026-07-19 01:31:14
TC-364489,Customer_364489,subscriber_364489@telecom-domain.com,Youtube being throttled?,"Subscriber report regarding Youtube being throttled?. Filing Channel: Internet. Location: Westmont, Illinois. Current Resolution Status: Solved.",Broadband Performance,Medium,Frustrated,Solved,Westmont,Illinois,Internet,2026-06-11 04:17:14
TC-306258,Customer_306258,subscriber_306258@telecom-domain.com,Comcast Xfinity,"Subscriber report regarding Comcast Xfinity. Filing Channel: Customer Care Call. Location: Weston, Florida. Current Resolution Status: Solved.",Service Request,Medium,Frustrated,Solved,Weston,Florida,Customer Care Call,2026-04-04 09:45:14
TC-366969,Customer_366969,subscriber_366969@telecom-domain.com,Internet speed,"Subscriber report regarding Internet speed. Filing Channel: Internet. Location: Wexford, Pennsylvania. Current Resolution Status: Pending.",Broadband Performance,Medium,Frustrated,Pending,Wexford,Pennsylvania,Internet,2026-05-19 07:07:14
TC-282585,Customer_282585,subscriber_282585@telecom-domain.com,Comcast will not help us please help,"Subscriber report regarding Comcast will not help us please help. Filing Channel: Customer Care Call. Location: Wheaton, Illinois. Current Resolution Status: Solved.",Service Request,Medium,Frustrated,Solved,Wheaton,Illinois,Customer Care Call,2026-03-19 15:33:14
TC-370248,Customer_370248,subscriber_370248@telecom-domain.com,Comcast Failing to Show up to scheduled appointment,"Subscriber report regarding Comcast Failing to Show up to scheduled appointment. Filing Channel: Customer Care Call. Location: Wheaton, Illinois. Current Resolution Status: Solved.",Installation,Medium,Negative,Solved,Wheaton,Illinois,Customer Care Call,2026-07-13 05:13:14
TC-293228,Customer_293228,subscriber_293228@telecom-domain.com,Comcast sales people not reflect what they said in the bill.,"Subscriber report regarding Comcast sales people not reflect what they said in the bill.. Filing Channel: Customer Care Call. Location: Wheeling, Illinois. Current Resolution Status: Solved.",Billing Dispute,Medium,Frustrated,Solved,Wheeling,Illinois,Customer Care Call,2026-06-16 18:24:14
TC-376295,Customer_376295,subscriber_376295@telecom-domain.com,Slow internet service,"Subscriber report regarding Slow internet service. Filing Channel: Internet. Location: White House, Tennessee. Current Resolution Status: Open.",Broadband Performance,Medium,Negative,Open,White House,Tennessee,Internet,2026-05-27 18:30:14
TC-316632,Customer_316632,subscriber_316632@telecom-domain.com,internet provider,"Subscriber report regarding internet provider. Filing Channel: Internet. Location: Willingboro, New Jersey. Current Resolution Status: Solved.",Service Request,Medium,Frustrated,Solved,Willingboro,New Jersey,Internet,2026-06-06 16:53:14
TC-232360,Customer_232360,subscriber_232360@telecom-domain.com,slow internet,"Subscriber report regarding slow internet. Filing Channel: Customer Care Call. Location: Willis, Michigan. Current Resolution Status: Solved.",Broadband Performance,Medium,Negative,Solved,Willis,Michigan,Customer Care Call,2026-03-04 16:32:14
TC-247649,Customer_247649,subscriber_247649@telecom-domain.com,Comcast,"Subscriber report regarding Comcast. Filing Channel: Internet. Location: Wilmington, Delaware. Current Resolution Status: Solved.",Service Request,Medium,Frustrated,Solved,Wilmington,Delaware,Internet,2026-05-16 05:19:14
TC-258204,Customer_258204,subscriber_258204@telecom-domain.com,Comcast cramming,"Subscriber report regarding Comcast cramming. Filing Channel: Internet. Location: Wilmington, Delaware. Current Resolution Status: Solved.",Service Request,Medium,Frustrated,Solved,Wilmington,Delaware,Internet,2026-04-09 21:49:14
TC-333207,Customer_333207,subscriber_333207@telecom-domain.com,over payment,"Subscriber report regarding over payment. Filing Channel: Internet. Location: Wilmington, Delaware. Current Resolution Status: Solved.",Billing Dispute,Medium,Frustrated,Solved,Wilmington,Delaware,Internet,2026-07-17 06:36:14
TC-335016,Customer_335016,subscriber_335016@telecom-domain.com,Xfinity/Comcast Cable,"Subscriber report regarding Xfinity/Comcast Cable. Filing Channel: Customer Care Call. Location: Wilmington, Delaware. Current Resolution Status: Solved.",Service Request,Medium,Frustrated,Solved,Wilmington,Delaware,Customer Care Call,2026-04-12 01:46:14
TC-360304,Customer_360304,subscriber_360304@telecom-domain.com,Throttling Internet,"Subscriber report regarding Throttling Internet. Filing Channel: Internet. Location: Wilmington, Delaware. Current Resolution Status: Pending.",Broadband Performance,Medium,Frustrated,Pending,Wilmington,Delaware,Internet,2026-03-13 01:12:14
TC-367686,Customer_367686,subscriber_367686@telecom-domain.com,Billing continues for 2 months after terminating service,"Subscriber report regarding Billing continues for 2 months after terminating service. Filing Channel: Internet. Location: Wilmington, Massachusetts. Current Resolution Status: Solved.",Billing Dispute,Medium,Frustrated,Solved,Wilmington,Massachusetts,Internet,2026-07-24 15:05:14
TC-312486,Customer_312486,subscriber_312486@telecom-domain.com,data usage caps,"Subscriber report regarding data usage caps. Filing Channel: Customer Care Call. Location: Winder, Georgia. Current Resolution Status: Pending.",Data / Usage Issue,Medium,Negative,Pending,Winder,Georgia,Customer Care Call,2026-05-21 15:20:14
TC-276147,Customer_276147,subscriber_276147@telecom-domain.com,Comcast charges,"Subscriber report regarding Comcast charges. Filing Channel: Customer Care Call. Location: Windham, New Hampshire. Current Resolution Status: Solved.",Billing Dispute,High,Negative,Solved,Windham,New Hampshire,Customer Care Call,2026-07-16 01:16:14
TC-360866,Customer_360866,subscriber_360866@telecom-domain.com,comcast xfinity internet service.,"Subscriber report regarding comcast xfinity internet service.. Filing Channel: Internet. Location: Windsor, California. Current Resolution Status: Solved.",Service Request,Medium,Frustrated,Solved,Windsor,California,Internet,2026-03-02 16:57:14
TC-360139,Customer_360139,subscriber_360139@telecom-domain.com,Comcast,"Subscriber report regarding Comcast. Filing Channel: Customer Care Call. Location: Windsor, Colorado. Current Resolution Status: Solved.",Service Request,Medium,Frustrated,Solved,Windsor,Colorado,Customer Care Call,2026-07-24 23:50:14
TC-222759,Customer_222759,subscriber_222759@telecom-domain.com,monopolistic billing practices,"Subscriber report regarding monopolistic billing practices. Filing Channel: Customer Care Call. Location: Winnetka, Illinois. Current Resolution Status: Solved.",Billing Dispute,Medium,Frustrated,Solved,Winnetka,Illinois,Customer Care Call,2026-05-05 11:54:14
TC-249325,Customer_249325,subscriber_249325@telecom-domain.com,Comcast Outage,"Subscriber report regarding Comcast Outage. Filing Channel: Customer Care Call. Location: Wise, Virginia. Current Resolution Status: Solved.",Service Outage,High,Angry,Solved,Wise,Virginia,Customer Care Call,2026-07-21 03:37:14
TC-337251,Customer_337251,subscriber_337251@telecom-domain.com,Unfair Pricing,"Subscriber report regarding Unfair Pricing. Filing Channel: Customer Care Call. Location: Woburn, Massachusetts. Current Resolution Status: Solved.",Billing Dispute,Medium,Frustrated,Solved,Woburn,Massachusetts,Customer Care Call,2026-06-25 15:08:14
TC-360051,Customer_360051,subscriber_360051@telecom-domain.com,Unreasonable billing,"Subscriber report regarding Unreasonable billing. Filing Channel: Internet. Location: Woodbine, Maryland. Current Resolution Status: Solved.",Billing Dispute,Medium,Frustrated,Solved,Woodbine,Maryland,Internet,2026-07-18 01:16:14
TC-270923,Customer_270923,subscriber_270923@telecom-domain.com,"Xfinity corporate bullying, breach of contract","Subscriber report regarding Xfinity corporate bullying, breach of contract. Filing Channel: Customer Care Call. Location: Woodbridge, Virginia. Current Resolution Status: Solved.",Service Request,Medium,Frustrated,Solved,Woodbridge,Virginia,Customer Care Call,2026-02-24 11:37:14
TC-318189,Customer_318189,subscriber_318189@telecom-domain.com,I am so fed up with Comcast,"Subscriber report regarding I am so fed up with Comcast. Filing Channel: Customer Care Call. Location: Woodbridge, Virginia. Current Resolution Status: Solved.",Service Request,Medium,Frustrated,Solved,Woodbridge,Virginia,Customer Care Call,2026-06-02 03:08:14
TC-339481,Customer_339481,subscriber_339481@telecom-domain.com,Terrible internet service from Comcast,"Subscriber report regarding Terrible internet service from Comcast. Filing Channel: Customer Care Call. Location: Woodbridge, Virginia. Current Resolution Status: Open.",Service Request,High,Angry,Open,Woodbridge,Virginia,Customer Care Call,2026-03-19 09:24:14
TC-360169,Customer_360169,subscriber_360169@telecom-domain.com,Comcast cramming services I didn't ask for to raise my bill,"Subscriber report regarding Comcast cramming services I didn't ask for to raise my bill. Filing Channel: Internet. Location: Woodinville, Washington. Current Resolution Status: Solved.",Billing Dispute,Medium,Frustrated,Solved,Woodinville,Washington,Internet,2026-08-02 04:47:14
TC-359056,Customer_359056,subscriber_359056@telecom-domain.com,Comcast over charge,"Subscriber report regarding Comcast over charge. Filing Channel: Customer Care Call. Location: Woodinville, Washington. Current Resolution Status: Solved.",Billing Dispute,High,Negative,Solved,Woodinville,Washington,Customer Care Call,2026-07-10 03:44:14
TC-302816,Customer_302816,subscriber_302816@telecom-domain.com,charged for no seevice,"Subscriber report regarding charged for no seevice. Filing Channel: Customer Care Call. Location: Woodridge, Illinois. Current Resolution Status: Solved.",Billing Dispute,High,Negative,Solved,Woodridge,Illinois,Customer Care Call,2026-08-04 06:55:14
TC-245857,Customer_245857,subscriber_245857@telecom-domain.com,Comcast Xfintity Internet Data Caps,"Subscriber report regarding Comcast Xfintity Internet Data Caps. Filing Channel: Internet. Location: Woodstock, Georgia. Current Resolution Status: Solved.",Data / Usage Issue,Medium,Negative,Solved,Woodstock,Georgia,Internet,2026-05-07 12:05:14
TC-259691,Customer_259691,subscriber_259691@telecom-domain.com,Miss Represented and over charged now,"Subscriber report regarding Miss Represented and over charged now. Filing Channel: Customer Care Call. Location: Woodstock, Georgia. Current Resolution Status: Solved.",Billing Dispute,High,Negative,Solved,Woodstock,Georgia,Customer Care Call,2026-08-10 08:31:14
TC-305166,Customer_305166,subscriber_305166@telecom-domain.com,comcst data cap,"Subscriber report regarding comcst data cap. Filing Channel: Customer Care Call. Location: Woodstock, Georgia. Current Resolution Status: Open.",Data / Usage Issue,Medium,Frustrated,Open,Woodstock,Georgia,Customer Care Call,2026-08-11 04:05:14
TC-329247,Customer_329247,subscriber_329247@telecom-domain.com,Inconsistent and Intermittent Internet Connectivity,"Subscriber report regarding Inconsistent and Intermittent Internet Connectivity. Filing Channel: Internet. Location: Woodstock, Georgia. Current Resolution Status: Solved.",Service Request,Medium,Frustrated,Solved,Woodstock,Georgia,Internet,2026-08-17 00:15:14
TC-350920,Customer_350920,subscriber_350920@telecom-domain.com,Comcast will not refund or reimburse significant overcharges they admit to,"Subscriber report regarding Comcast will not refund or reimburse significant overcharges they admit to. Filing Channel: Internet. Location: Woodstock, Georgia. Current Resolution Status: Solved.",Billing Dispute,High,Negative,Solved,Woodstock,Georgia,Internet,2026-06-09 06:02:14
TC-357824,Customer_357824,subscriber_357824@telecom-domain.com,Lied to about install costs,"Subscriber report regarding Lied to about install costs. Filing Channel: Customer Care Call. Location: Woodstock, Georgia. Current Resolution Status: Solved.",Billing Dispute,Medium,Frustrated,Solved,Woodstock,Georgia,Customer Care Call,2026-04-18 21:33:14
TC-360908,Customer_360908,subscriber_360908@telecom-domain.com,Issues with Comcast billing and equipment,"Subscriber report regarding Issues with Comcast billing and equipment. Filing Channel: Internet. Location: Woodstock, Georgia. Current Resolution Status: Solved.",Billing Dispute,High,Negative,Solved,Woodstock,Georgia,Internet,2026-03-05 12:51:14
TC-363934,Customer_363934,subscriber_363934@telecom-domain.com,Comcast Internet,"Subscriber report regarding Comcast Internet. Filing Channel: Internet. Location: Woodstock, Georgia. Current Resolution Status: Solved.",Service Request,Medium,Frustrated,Solved,Woodstock,Georgia,Internet,2026-06-23 12:10:14
TC-374570,Customer_374570,subscriber_374570@telecom-domain.com,comcast cap,"Subscriber report regarding comcast cap. Filing Channel: Customer Care Call. Location: Woodstock, Georgia. Current Resolution Status: Pending.",Data / Usage Issue,Medium,Frustrated,Pending,Woodstock,Georgia,Customer Care Call,2026-06-15 23:43:14
TC-279410,Customer_279410,subscriber_279410@telecom-domain.com,False Advertising/Bait and switch,"Subscriber report regarding False Advertising/Bait and switch. Filing Channel: Customer Care Call. Location: Worth, Illinois. Current Resolution Status: Solved.",Service Request,Medium,Frustrated,Solved,Worth,Illinois,Customer Care Call,2026-08-08 04:35:14
TC-228198,Customer_228198,subscriber_228198@telecom-domain.com,"comcast customer service, and billing issues","Subscriber report regarding comcast customer service, and billing issues. Filing Channel: Customer Care Call. Location: Wrightstown, New Jersey. Current Resolution Status: Solved.",Billing Dispute,High,Negative,Solved,Wrightstown,New Jersey,Customer Care Call,2026-08-03 18:23:14
TC-221763,Customer_221763,subscriber_221763@telecom-domain.com,Comcast,"Subscriber report regarding Comcast. Filing Channel: Internet. Location: Wyoming, Michigan. Current Resolution Status: Solved.",Service Request,Medium,Frustrated,Solved,Wyoming,Michigan,Internet,2026-03-25 23:09:14
TC-326963,Customer_326963,subscriber_326963@telecom-domain.com,Internet Services,"Subscriber report regarding Internet Services. Filing Channel: Internet. Location: Wyoming, Michigan. Current Resolution Status: Solved.",Service Request,Medium,Frustrated,Solved,Wyoming,Michigan,Internet,2026-06-21 01:40:14
TC-256002,Customer_256002,subscriber_256002@telecom-domain.com,i had sent out a check payment comcast,"Subscriber report regarding i had sent out a check payment comcast. Filing Channel: Internet. Location: York, Pennsylvania. Current Resolution Status: Solved.",Billing Dispute,Medium,Frustrated,Solved,York,Pennsylvania,Internet,2026-04-03 20:07:14
TC-310847,Customer_310847,subscriber_310847@telecom-domain.com,Comcast Internet Service quality,"Subscriber report regarding Comcast Internet Service quality. Filing Channel: Internet. Location: York, Pennsylvania. Current Resolution Status: Solved.",Service Request,Medium,Frustrated,Solved,York,Pennsylvania,Internet,2026-02-23 12:39:14
TC-360946,Customer_360946,subscriber_360946@telecom-domain.com,Comcast unfair pricing,"Subscriber report regarding Comcast unfair pricing. Filing Channel: Customer Care Call. Location: York, Pennsylvania. Current Resolution Status: Solved.",Billing Dispute,Medium,Frustrated,Solved,York,Pennsylvania,Customer Care Call,2026-07-25 16:10:14
TC-363852,Customer_363852,subscriber_363852@telecom-domain.com,High Internet & Cable Bill,"Subscriber report regarding High Internet & Cable Bill. Filing Channel: Customer Care Call. Location: York, Pennsylvania. Current Resolution Status: Solved.",Billing Dispute,Medium,Frustrated,Solved,York,Pennsylvania,Customer Care Call,2026-06-30 14:37:14
TC-254488,Customer_254488,subscriber_254488@telecom-domain.com,problems with internet service,"Subscriber report regarding problems with internet service. Filing Channel: Internet. Location: York Haven, Pennsylvania. Current Resolution Status: Solved.",Service Request,Medium,Negative,Solved,York Haven,Pennsylvania,Internet,2026-05-31 13:36:14
TC-338192,Customer_338192,subscriber_338192@telecom-domain.com,"Speed throttling, speeds not at promised output","Subscriber report regarding Speed throttling, speeds not at promised output. Filing Channel: Customer Care Call. Location: Yorkville, Illinois. Current Resolution Status: Open.",Broadband Performance,Medium,Frustrated,Open,Yorkville,Illinois,Customer Care Call,2026-05-24 21:28:14
TC-213550,Customer_213550,subscriber_213550@telecom-domain.com,Service Availability,"Subscriber report regarding Service Availability. Filing Channel: Customer Care Call. Location: Youngstown, Florida. Current Resolution Status: Solved.",Service Request,Medium,Frustrated,Solved,Youngstown,Florida,Customer Care Call,2026-07-11 13:07:14
TC-318775,Customer_318775,subscriber_318775@telecom-domain.com,Comcast Monthly Billing for Returned Modem,"Subscriber report regarding Comcast Monthly Billing for Returned Modem. Filing Channel: Customer Care Call. Location: Ypsilanti, Michigan. Current Resolution Status: Solved.",Billing Dispute,Medium,Frustrated,Solved,Ypsilanti,Michigan,Customer Care Call,2026-03-17 17:21:14
TC-331188,Customer_331188,subscriber_331188@telecom-domain.com,complaint about comcast,"Subscriber report regarding complaint about comcast. Filing Channel: Internet. Location: Ypsilanti, Michigan. Current Resolution Status: Solved.",Service Request,Medium,Frustrated,Solved,Ypsilanti,Michigan,Internet,2026-06-07 06:05:14
TC-360489,Customer_360489,subscriber_360489@telecom-domain.com,Extremely unsatisfied Comcast customer,"Subscriber report regarding Extremely unsatisfied Comcast customer. Filing Channel: Customer Care Call. Location: Ypsilanti, Michigan. Current Resolution Status: Solved.",Service Request,Medium,Frustrated,Solved,Ypsilanti,Michigan,Customer Care Call,2026-06-30 06:26:14
TC-363614,Customer_363614,subscriber_363614@telecom-domain.com,"Comcast, Ypsilanti MI Internet Speed","Subscriber report regarding Comcast, Ypsilanti MI Internet Speed. Filing Channel: Customer Care Call. Location: Ypsilanti, Michigan. Current Resolution Status: Open.",Broadband Performance,Medium,Frustrated,Open,Ypsilanti,Michigan,Customer Care Call,2026-07-07 01:17:14
